url,title,full-text,author,website,datetime,section
https://www.kathimerini.gr/society/562301206/tragodia-sta-tempi-stoys-38-oi-epivevaiomenoi-nekroi/,Τραγωδία στα Τέμπη: Στους 38 οι επιβεβαιωμένοι νεκροί,"Τραγωδία στα Τέμπη: Στους 38 οι επιβεβαιωμένοι νεκροί Από τους 72 νοσηλευόμενους επιβάτες, 15 πήραν εξιτήριο, ενώ 57 επιβάτες παραμένουν για νοσηλεία, εκ των οποίων 6 στη Μονάδα Εντατικής Θεραπείας.  Σε 38 ανέρχονται οι επιβεβαιωμένοι νεκροί που έχουν ανασυρθεί από τα συντρίμμια στην περιοχή Ευαγγελισμός, κοντά στα Τέμπη, έπειτα από τη σύγκρουση επιβατικής αμαξοστοιχίας με εμπορική, αργά το βράδυ της Τρίτης, σύμφωνα με νεότερη ενημέρωση από τον εκπρόσωπο Τύπου του Πυροσβεστικού Σώματος, πύραρχο, Βασίλη Βαθρακογιάννη. ▶️Συνέχεια της έκτακτης ενημέρωσης για το σιδηροδρομικό δυστύχημα με πυρκαγιά, στην είσοδο της κοιλάδας των Τεμπών, από τον Εκπρόσωπο Τύπου του Πυροσβεστικού Σώματος και την Εκπρόσωπο Τύπου της Ελληνικής Αστυνομίας:🔗https://t.co/pFyXQKoqrK pic.twitter.com/RCJ2hXZQ2A — Πυροσβεστικό Σώμα (@pyrosvestiki) March 1, 2023 Από τους 72 νοσηλευόμενους επιβάτες, 15 πήραν εξιτήριο, ενώ 57 επιβάτες παραμένουν για νοσηλεία, εκ των οποίων 6 στη Μονάδα Εντατικής Θεραπείας. «Η επιχείρηση έρευνας και απεγκλωβισμού στο σημείο του σιδηροδρομικού δυστυχήματος είναι σε εξέλιξη και θα συνεχιστεί κατά τη διάρκεια της νύχτας. Αυτή την ώρα επιχειρούν 72 πυροσβέστες με 24 οχήματα, 3 ομάδες της Ειδικής Μονάδας Αντιμετώπισης Καταστροφών και 2 ομάδες της Ειδικής Μονάδας Δασικών Επιχειρήσεων, ενώ, συνεχής είναι η παρουσία του Εθνικού Κέντρου Άμεσης Βοήθειας. Οι δυνάμεις, αφού ολοκλήρωσαν τις έρευνές τους στο βαγόνι της πρώτης θέσης, της επιβατικής αμαξοστοιχίας, και στο βαγόνι – εστιατόριο, τώρα επιχειρούν στο πρώτο επιβατικό βαγόνι της δεύτερης θέσης. Υπενθυμίζεται ότι η διαδικασία ταυτοποίησης στο βαγόνι – εστιατόριο διεξήχθη υπό ακραίες συνθήκες υψηλού πυροθερμικού φορτίου της τάξεως των 1300 βαθμών κελσίου, γεγονός που δυσχέραινε τη σχετική διαδικασία. Αυτή τη στιγμή με τη βοήθεια των γερανοφόρων οχημάτων ανασηκώνεται ο πρώτος συρμός της δεύτερης θέσης ώστε να επιχειρήσουν οι ομάδες διάσωσης σε όλο το εύρος του δεύτερου βαγονιού. Επίσης, γίνεται προσπάθεια και από άλλα γερανοφόρα οχήματα προκειμένου να απομακρυνθούν από το σημείο, οι δύο μηχανές της εμπορικής αμαξοστοιχίας, για να διευκολυνθεί το έργο της έρευνας και απεγκλωβισμού, αλλά και για να ελευθερωθεί η σιδηροδρομική γραμμή. Υπενθυμίζεται ότι από την πρώτη στιγμή ενεργοποιήθηκε από το Γενικό Γραμματέα Πολιτικής Προστασίας το Ειδικό σχέδιο Διαχείρισης Ανθρωπίνων Απωλειών. Ταυτόχρονα, ενεργοποιήθηκε η πρώτη Στρατιά και οι Στρατιωτικές Μονάδες Θεσσαλίας σύμφωνα με το πρωτόκολλο συναγερμού. Επίσης, ενεργοποιήθηκε η Ομάδα ΙΚΑΡΟΣ της Περιφερειακής Πυροσβεστικής Διοίκησης Θεσσαλίας με μη επανδρωμένα αεροσκάφη, για επιτήρηση από αέρος, και όλες οι Πυροσβεστικές Υπηρεσίες της Θεσσαλίας τέθηκαν σε Γενική Επιφυλακή. Μέχρι στιγμής, έχουν ανασυρθεί 38 νεκροί. Από τους 72 νοσηλευόμενους επιβάτες, 15 πήραν εξιτήριο και παραμένουν για νοσηλεία 57 επιβάτες, εκ των οποίων 6 στη Μονάδα Εντατικής Θεραπείας. Κατά τη διάρκεια της επιχείρησης, 194 επιβάτες μεταφέρθηκαν με 5 λεωφορεία στη Θεσσαλονίκη, με 6ο λεωφορείο 20 επιβάτες στη Λάρισα καθώς και 8 επιβάτες μεταφέρθηκαν στην Κατερίνη. Δίνω το λόγο στην εκπρόσωπο Τύπου της Ελληνικής Αστυνομίας. Αυτή την ώρα συνεχίζεται η διαδικασία ταυτοποίησης των θυμάτων που έχουν μεταφερθεί στο Γενικό Νοσοκομείο Λάρισας. Για τη διαδικασία βιολογικής ταυτοποίησης μέχρι στιγμής έχουν ληφθεί 17 δείγματα DNA από τις σορούς και 23 δείγματα από συγγενείς των επιβατών. Επίσης από το σημείο του δυστυχήματος συνεχίζεται από τις δυνάμεις της Ελληνικής Αστυνομίας η περισυλλογή των προσωπικών αντικειμένων και των αποσκευών των επιβατών. Παράλληλα υπό την εποπτεία του αρμόδιου εισαγγελέα έχει συλλεχθεί προανακριτικό υλικό, από το σταθμαρχείο της Λάρισας, το σημείο του δυστυχήματος και άλλα σημεία ενδιαφέροντος. Υπενθυμίζεται ότι έχει συλληφθεί από το Τμήμα Τροχαίας Λάρισας 59χρονος ημεδαπός, ενώ η προανάκριση συνεχίζεται. Συνολικά στον τόπο του δυστυχήματος και στο γενικό Νοσοκομείο Λάρισας έχουν διατεθεί 70 αστυνομικοί. Συγγενείς των θυμάτων και των τραυματιών έχουν κατευθυνθεί προς τα ξενοδοχεία που έχουν διατεθεί. Υπενθυμίζεται πως εκτός από τους ψυχολόγους που βρίσκονται από το πρωί στο Γενικό Νοσοκομείο Λάρισας, έχει συσταθεί ομάδα ψυχολόγων από την τηλεφωνική Γραμμή Ψυχοκοινωνικής Υποστήριξης 10 306 και καλεί τους συγγενείς και τις οικογένειες τραυματιών και θυμάτων προκειμένου να τους παρέχει ψυχολογική υποστήριξη και καθοδήγηση. Για οποιαδήποτε εξέλιξη θα ακολουθήσει νεότερη ενημέρωση». ⇒  Ακολουθεί το κείμενο της ενημέρωσης",Newsroom,kathimerini.gr,2023-03-01,Ελλάδα / Κοινωνία
https://www.kathimerini.gr/politics/foreign-policy/562300471/sygkroysi-trenon-sta-tempi-syllypitiria-tsavoysogloy-se-dendia/,Σύγκρουση τρένων στα Τέμπη: Συλλυπητήρια Τσαβούσογλου σε Δένδια,"Σύγκρουση τρένων στα Τέμπη: Συλλυπητήρια Τσαβούσογλου σε Δένδια Τα συλλυπητήριά του στον Νίκο Δένδια για το τραγικό σιδηροδρομικό δυστύχημα στα Τέμπη εξέφρασε ο υπουργός Εξωτερικών της Τουρκίας Μεβλούτ Τσαβούσογλου, σε τηλεφωνική τους επικοινωνία  Τα συλλυπητήριά του στον Νίκο Δένδια για το τραγικό σιδηροδρομικό δυστύχημα στα Τέμπη εξέφρασε ο υπουργός Εξωτερικών της Τουρκίας Μεβλούτ Τσαβούσογλου, σε τηλεφωνική τους επικοινωνία. Ο Ν. Δένδιας ευχαρίστησε τον ομόλογό του για την αλληλεγγύη σε αυτή τη δύσκολη στιγμή. Σε τηλεφωνική επικοινωνία, ο ΥΠΕΞ Τουρκίας M.Çavuşoğlu εξέφρασε προς τον ΥΠΕΞ @NikosDendias τα συλλυπητήριά του για το τραγικό σιδηροδρομικό δυστύχημα στα Τέμπη. Ο ΥΠΕΞ Δένδιας ευχαρίστησε τον ομόλογό του για την αλληλεγγύη σε αυτή τη δύσκολη στιγμή https://t.co/cT9IRrWmLU — Υπουργείο Εξωτερικών (@GreeceMFA) March 1, 2023 Συλλυπητήριο μήνυμα για τη σύγκρουση αμαξοστοιχιών στα Τέμπη απέστειλε η Άγκυρα. «Μάθαμε με λύπη ότι πολλοί άνθρωποι έχασαν τη ζωή τους και τραυματίστηκαν σε δυστύχημα με τρένα που έλαβε χώρα χτες το βράδυ στη γειτονική μας Ελλάδα», αναφέρεται σε ανακοίνωση του τουρκικού ΥΠΕΞ. «Εκφράζουμε τα συλλυπητήριά μας στους συγγενείς όσων έχασαν τις ζωές τους στο τραγικό αυτό δυστύχημα, στον ελληνικό λαό και την ελληνική κυβέρνηση, και ευχόμαστε γρήγορη ανάρρωση στους τραυματίες», καταλήγει η ανακοίνωση. ⇒    Συλλυπητήρια από το υπουργείο Εξωτερικών της Τουρκίας",Newsroom,kathimerini.gr,2023-03-01,Πολιτική
https://www.kathimerini.gr/politics/562301098/tragodia-sta-tempi-live-i-dilosi-toy-kyriakoy-mitsotaki/,Μητσοτάκης για Τέμπη: Οι ευθύνες θα αποδοθούν – Σύσταση ανεξάρτητης Επιτροπής Εμπειρογνωμόνων,"Μητσοτάκης για Τέμπη: Οι ευθύνες θα αποδοθούν – Σύσταση ανεξάρτητης Επιτροπής Εμπειρογνωμόνων  «Μόλις επέστρεψα από τον τόπο μιας τραγωδίας που θα μείνει για πάντα χαραγμένη στη συλλογική μας μνήμη. Δεκάδες συμπολίτες μας, οι πιο πολλοί νέα παιδιά, έχασαν εκεί τη ζωή τους, σε ένα φρικτό σιδηροδρομικό δυστύχημα χωρίς προηγούμενο στην πατρίδα μας», σημείωσε ο πρωθυπουργός, Κυριάκος Μητσοτάκης, στη δήλωση του για την τραγωδία στα Τέμπη. «Ευχαριστώ από καρδιάς τις γυναίκες και τους άνδρες του κρατικού μηχανισμού που κινητοποιήθηκαν από την πρώτη στιγμή. Πυροσβέστες και διασώστες, στελέχη του ΕΚΑΒ, της Αστυνομίας, της Αυτοδιοίκησης, όπως και τους γιατρούς και υγειονομικούς και τους ψυχολόγους στα νοσοκομεία μας. Έκαναν και κάνουν το καλύτερο δυνατό σε εξαιρετικά αντίξοες συνθήκες», τόνισε και πρόσθεσε: «Συνάντησα συγγενείς των θυμάτων και των αγνοουμένων στο νοσοκομείο της Λάρισας. Μέσα στον ανείπωτο πόνο τους, με περίσσευμα αξιοπρέπειας, με ρώτησαν «γιατί». Και μου είπαν “ποτέ ξανά”. Τους οφείλουμε μία ειλικρινή απάντηση». «Ο Υπουργός Υποδομών και Μεταφορών, Κώστας Καραμανλής, αναλαμβάνοντας την αντικειμενική πολιτική ευθύνη, υπέβαλε αμέσως την παραίτηση του. Το ίδιο και οι επικεφαλής του ΟΣΕ και της ΕΡΓΟΣΕ. Η στάση του τον τιμά, καθώς όλα δείχνουν πως το δράμα οφείλεται, δυστυχώς, κυρίως σε τραγικό ανθρώπινο λάθος», επισήμανε. «Μεταβατικός Υπουργός, μέχρι τις εθνικές εκλογές, ορίζεται ο Υπουργός Επικρατείας, Γιώργος Γεραπετρίτης, από τον οποίο ήδη ζήτησα να προχωρήσει γρήγορα στη σύσταση ανεξάρτητης και υπερκομματικής Επιτροπής Εμπειρογνωμόνων, που θα εξετάσει πλήρως τα αίτια του δυστυχήματος. Αλλά θα εξετάσει και τις διαχρονικές καθυστερήσεις στην υλοποίηση των σιδηροδρομικών έργων. Ταυτόχρονα, η Δικαιοσύνη θα κάνει τη δική της δουλειά. Οι ευθύνες θα αποδοθούν. Ενώ η πολιτεία θα σταθεί δίπλα στις οικογένειες των θυμάτων. Θα πενθήσουμε τα παιδιά μας, τα αδέρφια μας, τους φίλους μας. Θα μείνουμε ενωμένοι και σε αυτή την τραγωδία. Και, μετά, θα σκύψουμε το κεφάλι και θα σφίξουμε τα δόντια. Θα δουλέψουμε ώστε αυτό το «ποτέ ξανά» που άκουσα στη Λάρισα να μην μείνει λόγος κενός. Σας το υπόσχομαι», κατέληξε. Σύγκρουση τρένων στα Τέμπη: Λεπτό προς λεπτό οι εξελίξεις ",Newsroom,kathimerini.gr,2023-03-01,Πολιτική
https://www.kathimerini.gr/society/562300753/sygkroysi-trenon-sta-tempi-oyres-gia-aimodosia-sti-larisa/,Σύγκρουση τρένων στα Τέμπη: Ουρές για αιμοδοσία στη Λάρισα,"Σύγκρουση τρένων στα Τέμπη: Ουρές για αιμοδοσία στη Λάρισα Συγκινητική είναι η ανταπόκριση των πολιτών, οι οποίοι σχημάτισαν ουρά στην κεντρική πλατεία της Λάρισας, προκειμένου να δώσουν αίμα για τους τραυματίες της τραγωδίας στα Τέμπη  Συγκινητική είναι η ανταπόκριση των πολιτών, οι οποίοι σχημάτισαν ουρά στην κεντρική πλατεία της Λάρισας σύμφωνα με τοπικά μέσα ενημέρωσης, προκειμένου να δώσουν αίμα για τους τραυματίες της τραγωδίας στα Τέμπη. Την ίδια ώρα, πολλοί πολίτες έσπευσαν στο Τμήμα Αιμοδοσίας του νοσοκομείου Βόλου, προκειμένου να δώσουν αίμα και να βοηθήσουν τους τραυματίες νοσηλευόμενους από το τραγικό δυστύχημα στα Τέμπη. Σύμφωνα με την ΕΡΤ, ήδη το Τμήμα Αιμοδοσίας του νοσοκομείου Βόλου είχε στείλει μονάδες αίματος στα δύο Νοσοκομεία της Λάρισας. «Είμαστε έτοιμοι να συνδράμουμε με όποιο τρόπο μας ζητηθεί» επισήμανε ο διοικητής του νοσοκομείου Ιωάννης Ντόκος, ερωτηθείς σχετικά από την ΕΡΤ Βόλου. Με πληροφορίες από onlarissa.gr, magnesianews.gr, ertnews.gr ⇒  ",Newsroom,kathimerini.gr,2023-03-01,Ελλάδα / Κοινωνία
https://www.kathimerini.gr/society/562300966/tragodia-sta-tempi-prospatheies-na-apomakrynthoyn-ta-syntrimmia-syggeneis-anazitoyn-toys-dikoys-toys/,Τραγωδία στα Τέμπη: Προσπάθειες να απομακρυνθούν τα συντρίμμια – Συγγενείς αναζητούν τους δικούς τους,"Τραγωδία στα Τέμπη: Προσπάθειες να απομακρυνθούν τα συντρίμμια – Συγγενείς αναζητούν τους δικούς τους Ενώ οι γερανοί προσπαθούν να σηκώσουν την ηλεκτρομηχανή του τρένου, όλοι ελπίζουν ότι θα κλείσει ο αριθμός των νεκρών και δεν θα εντοπιστούν και άλλα πτώματα  Συνεχίζονται οι προσπάθειες από τα συνεργεία διάσωσης να απομακρύνουν τα συντρίμμια της επιβατικής αμαξοστοιχίας και να εξερευνήσουν μέσα στις καμένες λαμαρίνες και τα συνθλιβέντα βαγόνια μήπως και ανακαλύψουν πτώματα. Γύρω στις 3.30 το απόγευμα πτώμα ή πτώματα μεταφέρθηκαν μέσα με σακούλες και πάνω σε φορείο σε ασθενοφόρο για να μεταφερθεί στο νεκροτομείο της Λάρισας. Και ενώ οι γερανοί προσπαθούν να σηκώσουν την ηλεκτρομηχανή του τρένου, όλοι ελπίζουν ότι θα κλείσει ο αριθμός των νεκρών και δεν θα εντοπιστούν και άλλα πτώματα. Πάντως, από την εικόνα που αντικρίζουν όλοι, συμπεραίνεται ότι η μετωπική σύγκρουση των δύο τρένων ήταν σφοδρότατη, λόγω της μεγάλης ταχύτητας, ενώ από την φωτιά που ξέσπασε έχουν καταστραφεί στο σημείο και τα εναέρια καλώδια ηλεκτροδότησης των συρμών. Τραγικές είναι οι σκηνές, καθώς συγγενείς έρχονται στο σημείο και αναζητούν δικούς τους ανθρώπους που ως τώρα δεν έχουν δώσει σημεία ζωής και στη συνέχεια μεταβαίνουν στα νοσοκομεία για να τους αναζητήσουν. Πηγή: ΑΠΕ / ΜΠΕ ⇒  ",Newsroom,kathimerini.gr,2023-03-01,Ελλάδα / Κοινωνία
https://www.kathimerini.gr/politics/562300624/mitsotakis-apo-tempi-ena-pragma-mporo-na-eggyitho-tha-mathoyme-ta-aitia-tis-tragodias/,"Μητσοτάκης από Τέμπη: Ένα πράγμα μπορώ να εγγυηθώ, θα μάθουμε τα αίτια της τραγωδίας","Μητσοτάκης από Τέμπη: Ένα πράγμα μπορώ να εγγυηθώ, θα μάθουμε τα αίτια της τραγωδίας Στο σημείο του σιδηροδρομικού δυστυχήματος στα Τέμπη βρέθηκε o πρωθυπουργός Κυριάκος Μητσοτάκης  Στο σημείο του σιδηροδρομικού δυστυχήματος στα Τέμπη βρέθηκε λίγο μετά τις 12 το μεσημέρι της Τετάρτης ο πρωθυπουργός Κυριάκος Μητσοτάκης. Σε σύντομη δήλωσή τους στους δημοσιογράφους, ο κ. Μητσοτάκης έκανε λόγο για μια «ανείπωτη τραγωδία», τονίζοντας ότι η σκέψη όλων είναι πρώτα στους συγγενείς των θυμάτων «Υποχρέωση μας είναι να περιθάλψουμε τους τραυματίες και να ταυτοποιήσουμε τις σορούς», είπε. Και κατέληξε με νόημα: «Από κει και πέρα ένα πράγμα μόνο μπορώ να εγγυηθώ, θα μάθουμε τα αίτια αυτής της τραγωδίας και θα κάνουμε ό,τι περνά από το χέρι μας για να μην ξανασυμβεί ποτέ κάτι τέτοιο». Υπενθυμίζεται ότι με απόφαση του πρωθυπουργού, κηρύσσεται τριήμερο εθνικό πένθος για τα θύματα του σιδηροδρομικού δυστυχήματος από την 1η έως και την 3η Μαρτίου 2023, με μεσίστια έπαρση σημαίας σε όλα τα δημόσια κτίρια και αναστολή των δημοσίων εορταστικών εκδηλώσεων. ⇒ ",Newsroom,kathimerini.gr,2023-03-01,Πολιτική
https://www.kathimerini.gr/society/562301209/tragodia-sta-tempi-o-stathmarchis-paradechthike-paraleipseis-symfona-me-plirofories/,"Τραγωδία στα Τέμπη: Ο σταθμάρχης παραδέχθηκε παραλείψεις, σύμφωνα με πληροφορίες","Τραγωδία στα Τέμπη: Ο σταθμάρχης παραδέχθηκε παραλείψεις, σύμφωνα με πληροφορίες Κατάλαβε το λάθος του, μόλις πληροφορήθηκε για το τραγικό δυστύχημα  Σε πλήρη ομολογία για το μοιραίο λάθος προχώρησε στην προανακριτική απολογία του ο σταθμάρχης. Σύμφωνα με πληροφορίες, o σταθμάρχης της Λάρισας, που έχει ήδη συλληφθεί και αύριο προσάγεται στον εισαγγελέα με βαρύτατες κατηγορίες, όχι μόνον παραδέχθηκε ενώπιον εισαγγελέα τις εγκληματικές παραλείψεις του, πως έβαλε τη μοιραία αμαξοστοιχία σε λάθος τροχιά, αλλά πρόσθεσε, ότι κατάλαβε το εγκληματικό λάθος, που κόστισε τόσες ανθρώπινες ζωές, μόλις πληροφορήθηκε για το τραγικό δυστύχημα. Τότε, όπως ανέφερε απολογούμενος, αντιλήφθηκε τις συνέπειες των όσων είχε κάνει δρομολογώντας την επιβατική αμαξοστοιχία σε λάθος ράγες. ⇒  ",Ιωάννα Μάνδρου,kathimerini.gr,2023-03-01,Ελλάδα / Κοινωνία
https://www.kathimerini.gr/society/562300765/sygkroysi-trenon-sta-tempi-ti-katigories-antimetopizei-o-stathmarchis-larisas/,Σύγκρουση τρένων στα Τέμπη: Τι κατηγορίες αντιμετωπίζει ο σταθμάρχης Λάρισας,"Σύγκρουση τρένων στα Τέμπη: Τι κατηγορίες αντιμετωπίζει ο σταθμάρχης Λάρισας Στο πλαίσιο της δικογραφίας που σχηματίζεται από την ΕΛ.ΑΣ. έχουν δώσει ανωμοτί καταθέσεις και άλλοι δύο υπάλληλοι στην Τροχαία Λάρισας  Συνελήφθη και επισήμως ο σταθμάρχης του ΟΣΕ από το Τμήμα Τροχαίας Λάρισας, καθώς σύμφωνα με το ΑΠΕ-ΜΠΕ υπογράφηκε η έκθεση σύλληψης από τον εισαγγελέα, ο οποίος παρακολουθεί τις ανακρίσεις για το σιδηροδρομικό δυστύχημα στα Τέμπη. Ο σταθμάρχης, ηλικίας 59 ετών, σύμφωνα με την Αστυνομία, χαρακτηρίζεται ως υπαίτιος του δυστυχήματος και κατηγορείται εκτός των άλλων, για ανθρωποκτονία από αμέλεια (άρθρο 302 του Ποινικού Κώδικα), σωματική βλάβη από αμέλεια (314 ΠΚ) και επικίνδυνες παρεμβάσεις στην συγκοινωνία μέσων (291 ΠΚ). Στο πλαίσιο της δικογραφίας που σχηματίζεται από την ΕΛ.ΑΣ. έχουν δώσει ανωμοτί καταθέσεις και άλλοι δύο υπάλληλοι στην Τροχαία Λάρισας. Εν τω μεταξύ ο υπουργός Προστασίας του Πολίτη Τάκης Θεοδωρικάκος βρίσκεται στη Λάρισα, ξεκινώντας τις συναντήσεις που θα έχει στο πλαίσιο της έρευνας, από την περιφέρεια Θεσσαλίας. Όπως έγραφε νωρίτερα η «Κ», ο εισαγγελέας εφετών Λάρισας Σταμάτης Δασκαλόπουλος, στον οποίο έχει ανατεθεί η εποπτεία του συνόλου των ερευνών με εντολή του Εισαγγελέα του Αρείου Πάγου Ισίδωρου Ντογιάκου, μεταβαίνει επί τόπου προκειμένου να έχει προσωπική εποπτεία των ερευνών, καθώς οι εισαγγελικές αρχές, όταν συγκεντρωθούν τα πρώτα στοιχεία για τις ευθύνες που προκάλεσαν την τραγωδία, θα προχωρήσουν σε ποινικές διώξεις. ⇒  ",Newsroom,kathimerini.gr,2023-03-01,Ελλάδα / Κοινωνία
https://www.kathimerini.gr/society/562300996/tragodia-sta-tempi-agnooymenoi-kai-dyo-kyprioi-polites/,Τραγωδία στα Τέμπη: Αγνοούμενοι και δύο Κύπριοι πολίτες,"Τραγωδία στα Τέμπη: Αγνοούμενοι και δύο Κύπριοι πολίτες  Η κυπριακή κυβέρνηση έχει ενημερωθεί ότι ανάμεσα στους αγνοούμενους του τραγικού δυστυχήματος συγκαταλέγονται και δύο Κύπριοι πολίτες, η ταυτότητα και η τύχη των οποίων δεν έχει ακόμη διακριβωθεί, όπως αναφέρεται σε ανακοίνωση της Προεδρίας της Κυπριακής Δημοκρατίας. Στην ίδια ανακοίνωση επισημαίνεται: Με εντολές του Προέδρου της Δημοκρατίας Νίκου Χριστοδουλίδη, ο υπουργός Εξωτερικών Κωνσταντίνος Κόμπος βρίσκεται σε επικοινωνία με τις οικογένειες των δύο αγνοούμενων Κυπρίων, στη διάθεση των οποίων έθεσε τις υπηρεσίες του κράτους, αλλά και τη διπλωματική αποστολή της Δημοκρατίας στην Αθήνα, για να τους παράσχουν βοήθεια με οποιονδήποτε τρόπο χρειαστούν, καθώς και για συνδρομή σε σχέση με τη μετάβαση τους στην Ελλάδα. Για τη διαχείριση του περιστατικού, η Κυπριακή Δημοκρατία είναι από την πρώτη στιγμή σε επαφή με τις ελληνικές Αρχές. Για το τραγικό περιστατικό, το οποίο στοίχισε τη ζωή σε δεκάδες ανθρώπους, ο Πρόεδρος Χριστοδουλίδης έδωσε οδηγίες όπως οι σημαίες της Δημοκρατίας κυματίζουν μεσίστιες σε όλα τα κυβερνητικά κτίρια και στο Προεδρικό Μέγαρο, εις ένδειξη βαρύτατου πένθους, καταλήγει η ανακοίνωση. ",Newsroom,kathimerini.gr,2023-03-01,Ελλάδα / Κοινωνία
https://www.kathimerini.gr/world/562300954/tragodia-sta-tempi-o-erntogan-ekfrazei-ta-syllypitiria-toy-pros-tin-ellada/,Τραγωδία στα Τέμπη: Ο Ερντογάν εκφράζει τα συλλυπητήριά του προς την Ελλάδα,"Τραγωδία στα Τέμπη: Ο Ερντογάν εκφράζει τα συλλυπητήριά του προς την Ελλάδα Ο Πρόεδρος Ερντογάν δήλωσε ότι είναι βαθιά λυπημένος για το σιδηροδρομικό δυστύχημα στην Ελλάδα, μετέφερε τα συλλυπητήριά του για όσους έχασαν τη ζωή τους στο δυστύχημα και ευχήθηκε ταχεία ανάρρωση στους τραυματίες.  Τα συλλυπητήρια και τη θλίψη του για την πολύνεκρή τραγωδία στα Τέμπη εξέφρασε, μέσω Twitter, ο Τούρκος πρόεδρος Ρετζέπ Ταγίπ Ερντογάν. Σε δύο tweets, η τουρκική προεδρία σημειώνει: «Ο Πρόεδρος @RTErdogan έστειλε μήνυμα στην Πρόεδρο της Ελλάδας Κατερίνα Σακελλαροπούλου και στον Έλληνα πρωθυπουργό Κυριάκο Μητσοτάκη για το σιδηροδρομικό δυστύχημα στην Ελλάδα».  Cumhurbaşkanı @RTErdogan, Yunanistan’da meydana gelen tren kazası nedeniyle Yunanistan Cumhurbaşkanı Katerina Sakellaropoulou ve Yunanistan Başbakanı Kiryakos Miçotakis’e geçmiş olsun mesajı gönderdi. — T.C. Cumhurbaşkanlığı (@tcbestepe) March 1, 2023 «Στο μήνυμά του, ο Πρόεδρος Ερντογάν δήλωσε ότι είναι βαθιά λυπημένος για το σιδηροδρομικό δυστύχημα στην Ελλάδα, μετέφερε τα συλλυπητήριά του για όσους έχασαν τη ζωή τους στο δυστύχημα και ευχήθηκε ταχεία ανάρρωση στους τραυματίες». Cumhurbaşkanı Erdoğan mesajında, Yunanistan’da yaşanan tren kazasından büyük üzüntü duyduğunu belirterek, kazada hayatını kaybedenler için taziyelerini iletti, yaralananlara şifa temennisinde bulundu. — T.C. Cumhurbaşkanlığı (@tcbestepe) March 1, 2023 ⇒  ",Newsroom,kathimerini.gr,2023-03-01,Διεθνή
https://www.kathimerini.gr/politics/562301269/tragodia-sta-tempi-o-giorgos-gerapetritis-analamvanei-to-ypoyrgeio-metaforon/,Τραγωδία στα Τέμπη: Ο Γιώργος Γεραπετρίτης αναλαμβάνει το υπουργείο Μεταφορών,"Τραγωδία στα Τέμπη: Ο Γιώργος Γεραπετρίτης αναλαμβάνει το υπουργείο Μεταφορών Συγκεκριμένα, ο κ. Γεραπετρίτης αναλαμβάνει άμεσα τη θέση έως ότου προκηρυχθούν οι εκλογές, κρατώντας παράλληλα το χαρτοφυλάκιο του υπουργού Επικρατείας.  Ο Γιώργος Γεραπετρίτης αναλαμβάνει το χαρτοφυλάκιο του υπουργείου Μεταφορών και Υποδομών, μετά την παραίτηση του Κώστα Καραμανλή για την πολύνεκρη τραγωδία στα Τέμπη, όπως ανακοίνωσε ο πρωθυπουργός Κυριάκος Μητσοτάκης στη δήλωση που πραγματοποίησε το απόγευμα της Τετάρτης. Συγκεκριμένα, ο κ. Γεραπετρίτης αναλαμβάνει άμεσα τη θέση έως ότου προκηρυχθούν οι εκλογές, κρατώντας παράλληλα το χαρτοφυλάκιο του υπουργού Επικρατείας. «Μεταβατικός υπουργός, μέχρι τις εθνικές εκλογές, ορίζεται ο υπουργός Επικρατείας, Γιώργος Γεραπετρίτης, από τον οποίο ήδη ζήτησα να προχωρήσει γρήγορα στη σύσταση ανεξάρτητης και υπερκομματικής Επιτροπής Εμπειρογνωμόνων, που θα εξετάσει πλήρως τα αίτια του δυστυχήματος. Αλλά θα εξετάσει και τις διαχρονικές καθυστερήσεις στην υλοποίηση των σιδηροδρομικών έργων. Ταυτόχρονα, η Δικαιοσύνη θα κάνει τη δική της δουλειά. Οι ευθύνες θα αποδοθούν. Ενώ η πολιτεία θα σταθεί δίπλα στις οικογένειες των θυμάτων. Θα πενθήσουμε τα παιδιά μας, τα αδέρφια μας, τους φίλους μας. Θα μείνουμε ενωμένοι και σε αυτή την τραγωδία. Και, μετά, θα σκύψουμε το κεφάλι και θα σφίξουμε τα δόντια. Θα δουλέψουμε ώστε αυτό το “ποτέ ξανά” που άκουσα στη Λάρισα να μην μείνει λόγος κενός. Σας το υπόσχομαι» είπε χαρακτηριστικά στη δήλωση του ο πρωθυπουργός. ",Newsroom,kathimerini.gr,2023-03-01,Πολιτική
https://www.kathimerini.gr/politics/foreign-policy/562301281/tragodia-sta-tempi-syllypitiria-mplinken-ston-n-dendia/,Τραγωδία στα Τέμπη: Συλλυπητήρια Μπλίνκεν στον Ν. Δένδια,"Τραγωδία στα Τέμπη: Συλλυπητήρια Μπλίνκεν στον Ν. Δένδια Ο Νίκος Δένδιας ευχαρίστησε τον Αμερικανό ομόλογό του για τη συμπαράσταση στον ελληνικό λαό σε αυτές τις στιγμές πένθους, όπως αναφέρεται σε ανάρτηση του υπουργείου Εξωτερικών  Ο υπουργός Εξωτερικών Νίκος Δένδιας δέχθηκε τηλεφώνημα από τον Αμερικανό ομόλογό του, Άντονι Μπλίνκεν, ο οποίος εξέφρασε ειλικρινή συλλυπητήρια για το τραγικό σιδηροδρομικό δυστύχημα στα Τέμπη. Ο ΥΠΕΞ @NikosDendias δέχθηκε τηλεφώνημα ΥΠΕΞ ΗΠΑ, Antony Blinken, ο οποίος εξέφρασε ειλικρινή συλλυπητήρια για το τραγικό σιδηροδρομικό δυστύχημα στα Τέμπη. Ο ΥΠΕΞ Δένδιας ευχαρίστησε τον 🇺🇸 ομόλογό του για τη συμπαράσταση στον 🇬🇷 λαό σε αυτές τις στιγμές πένθους https://t.co/W4wDBTPRvb — Υπουργείο Εξωτερικών (@GreeceMFA) March 1, 2023 Ο Νίκος Δένδιας ευχαρίστησε τον Αμερικανό ομόλογό του για τη συμπαράσταση στον ελληνικό λαό σε αυτές τις στιγμές πένθους, όπως αναφέρεται σε ανάρτηση του υπουργείου Εξωτερικών σε μέσα κοινωνικής δικτύωσης. Με πληροφορίες από ΑΠΕ-ΜΠΕ ",Newsroom,kathimerini.gr,2023-03-01,Πολιτική
https://www.kathimerini.gr/society/562301359/tragodia-sta-tempi-24ori-apergia-ton-sidirodromikon-ayrio-kanena-dromologio-tis-hellenic-train/,Τραγωδία στα Τέμπη: 24ωρη απεργία των σιδηροδρομικών αύριο – Κανένα δρομολόγιο της Hellenic Train,"Τραγωδία στα Τέμπη: 24ωρη απεργία των σιδηροδρομικών αύριο – Κανένα δρομολόγιο της Hellenic Train Αύριο θα απεργήσει το σύνολο του προσωπικού που απασχολείται σε όλες τις σιδηροδρομικές εταιρείες της χώρας.  Κανένα δρομολόγιο της Hellenic Train δεν θα πραγματοποιηθεί αύριο Πέμπτη 2 Μαρτίου, λόγω της 24ωρης απεργίας που εξήγγειλε η Πανελλήνια Ομοσπονδία Σιδηροδρομικών (ΠΟΣ). Το διοικητικό συμβούλιο της Πανελλήνιας Ομοσπονδίας Σιδηροδρομικών και Μέσων Σταθερής Τροχιάς και οι διοικήσεις του συνόλου των πρωτοβάθμιων σωματείων που λειτουργούν στον ελληνικό σιδηρόδρομο, σε έκτακτη συνεδρίασή τους που πραγματοποιήθηκε σήμερα, αποφάσισαν ομόφωνα την προκήρυξη 24ωρης απεργίας την Πέμπτη, του συνόλου του προσωπικού που απασχολείται σε όλες τις σιδηροδρομικές εταιρείες. «Η απαξίωση που διαχρονικά επέδειξαν οι Κυβερνήσεις στον Ελληνικό Σιδηρόδρομο οδήγησαν στο τραγικό αποτέλεσμα των Τεμπών. Δυστυχώς τα πάγια αιτήματά μας για προσλήψεις μόνιμου προσωπικού, αρτιότερη εκπαίδευση, αλλά κυρίως εφαρμογή σύγχρονων τεχνολογιών ασφαλείας, πετιούνται μόνιμα στον κάλαθο των αχρήστων» αναφέρεται σε ανακοίνωση της ΠΟΣ. «Σήμερα η Σιδηροδρομική οικογένεια είναι φτωχότερη. Σήμερα η Ελλάδα είναι φτωχότερη. Η επόμενη μέρα είναι ημέρα περισυλλογής και θρήνου για τους αδικοχαμένους συναδέλφους μας» καταλήγει η ΠΟΣ στην ανακοίνωσή της. Πηγή ΑΠΕ-ΜΠΕ ⇒   ",Newsroom,kathimerini.gr,2023-03-01,Ελλάδα / Κοινωνία
https://www.kathimerini.gr/society/562301380/tragodia-sta-tempi-oi-dialogoi-toy-stathmarchi-me-ton-michanodigo-kai-ton-kleidoycho/,Τραγωδία στα Τέμπη: Οι διάλογοι του σταθμάρχη με τον μηχανοδηγό και τον κλειδούχο,"Τραγωδία στα Τέμπη: Οι διάλογοι του σταθμάρχη με τον μηχανοδηγό και τον κλειδούχο Στους δύο αυτούς διαλόγους εντοπίζονται οι εντολές που δίνει ο σταθμάρχης λίγο πριν την σύγκρουση των δύο αμαξοστοιχιών  Δύο ηχητικά ντοκουμέντα από τη μοιραία νύχτα της τραγωδίας στα Τέμπη φέρνει στο φως της δημοσιότητας το «Πρώτο Θέμα», την ώρα που η ελληνική κοινωνία παρακολουθεί συγκλονισμένη τις εξελίξεις από τον τόπο του δυστυχήματος όπου και συνεχίζονται οι έρευνες. Συγκεκριμένα πρόκειται για τον διάλογο μεταξύ των μηχανοδηγών της αμαξοστοιχίας Ιntercity 62 και του σταθμάρχη της Λάρισας, καθώς και για τον διάλογο μεταξύ του σταθμάρχη και του κλειδούχου. Στους δύο αυτούς διαλόγους εντοπίζονται οι εντολές που δίνει ο σταθμάρχης λίγο πριν την σύγκρουση των δύο αμαξοστοιχιών. Στο ηχητικό ντοκουμέντο που ακολουθεί, αναφέρονται τα εξής: Μηχανοδηγός – Η Λάρισα ακούει; Σταθμάρχης – Ακούει. Με 47 νούμερο περνάτε κόκκινο φωτόσημο εξόδου έως φωτοσημο εισόδου νέων Πόρων . Μηχανοδηγός – Βασίλη φεύγω; Σταθμάρχης -φεύγεις , φεύγεις Μηχανοδηγός – έγινε καλό βράδυ Σταθμάρχης: καλή συνέχεια. Είχε προηγηθεί διάλογος του σταθμάρχη με τον κλειδούχο: Υπάλληλος σιδηροδρομικού σταθμού: Βασιλη να γυρίσω; Σταθμάρχης – Όχι, όχι άστο όπως είναι γιατί ακολουθεί το 1564. Υπάλληλος σιδηροδρομικού σταθμού- Έγινε, καλώς, το αφηνω όπως είναι η διαγώνιος. ",Newsroom,kathimerini.gr,2023-03-01,Ελλάδα / Κοινωνία
https://www.kathimerini.gr/society/562300123/sygkroysi-trenon-sti-larisa-i-proti-episimi-anakoinosi-tis-hellenic-train/,Σύγκρουση τρένων στα Τέμπη: Η πρώτη ανακοίνωση της Hellenic Train,"Σύγκρουση τρένων στα Τέμπη: Η πρώτη ανακοίνωση της Hellenic Train «Την ώρα της σύγκρουσης επέβαιναν περίπου 350 επιβάτες» σημειώνεται στην ανακοίνωση  Την ώρα της σύγκρουσης επέβαιναν περίπου 350 επιβάτες», σημειώνει σε ανακοίνωσή της η Hellenic Train για το τραγικό δυστύχημα στα Τέμπη. Ολόκληρη η ανακοίνωση: «Στον Ευαγγελισμό σημειώθηκε μετωπική σύγκρουση δύο αμαξοστοιχιών: μιας εμπορευματικής αμαξοστοιχίας και της αμαξοστοιχίας IC 62 που είχε αναχωρήσει από Αθήνα προς Θεσσαλονίκη. Την ώρα της σύγκρουσης επέβαιναν περίπου 350 επιβάτες. Στο σημείο έσπευσαν πυροσβέστες και προσωπικό της Hellenic Train, οι οποίοι συμμετείχαν σε επιχειρήσεις διάσωσης και παροχή βοήθειας στους ταξιδιώτες. Αναμένεται συνεχής ενημέρωση». ⇒  ",Newsroom,kathimerini.gr,2023-03-01,Ελλάδα / Κοινωνία
https://www.kathimerini.gr/society/562300564/sygkroysi-trenon-sta-tempi-mesisties-oi-simaies-sta-ktiria-tis-komision/,Σύγκρουση τρένων στα Τέμπη: Μεσίστιες οι σημαίες στα κτίρια της Κομισιόν,"Σύγκρουση τρένων στα Τέμπη: Μεσίστιες οι σημαίες στα κτίρια της Κομισιόν «Η Ευρώπη πενθεί με τους Έλληνες» σημειώνει σε ανάρτησή του ο Μαργαρίτης Σχοινάς  Με απόφαση της προέδρου της Κομισιόν Ούρσουλα Φον ντερ Λάιεν, οι σημαίες της Ε.Ε. κυματίζουν μεσίστιες σε όλα τα κτίρια της Ευρωπαϊκής Επιτροπής, στη μνήμη των θυμάτων της τραγωδίας των Τεμπών. «Η Ευρώπη πενθεί με τους Έλληνες» σημειώνει σε ανάρτησή του ο επίτροπος Μαργαρίτης Σχοινάς. Με απόφαση της Προέδρου ⁦@vonderleyen⁩ από τώρα οι σημαίες της Ένωσης μεσίστιες σε όλα τα κτήρια της Ευρωπαϊκής Επιτροπής στη μνήμη των θυμάτων της τραγωδίας των Τεμπών. Η Ευρώπη πενθεί με τους Έλληνες. pic.twitter.com/b2xn624g6x — Margaritis Schinas (@MargSchinas) March 1, 2023 «Είμαστε δίπλα σας» σημείωσε νωρίτερα στα ελληνικά η πρόεδρος της Κομισιόν Ούρσουλα Φον ντερ Λάιεν, σε ανάρτησή της για το σιδηροδρομικό δυστύχημα. «Η σκέψη μου είναι με τους πολίτες της Ελλάδας μετά το τρομερό σιδηροδρομικό δυστύχημα που στοίχισε τόσες ζωές χθες το βράδυ κοντά στη Λάρισα. Μαζί σας θρηνεί όλη η Ευρώπη. Εύχομαι ταχεία ανάρρωση σε όλους τους τραυματίες» τόνισε η επικεφαλής της Ευρωπαϊκής Επιτροπής. My thoughts are with the people of Greece after the terrible train accident that claimed so many lives last night near Larissa. The whole of Europe is mourning with you. I also wish for a speedy recovery for all the injured. Είμαστε δίπλα σας — Ursula von der Leyen (@vonderleyen) March 1, 2023 ⇒   Φον ντερ Λάιεν: Είμαστε δίπλα σας",Newsroom,kathimerini.gr,2023-03-01,Ελλάδα / Κοινωνία
https://www.kathimerini.gr/society/562301131/tragodia-sta-tempi-sto-nosokomeio-larisas-53-anthropoi-anazitoyn-toys-oikeioys-toys/,Τραγωδία στα Τέμπη: Στο Νοσοκομείο Λάρισας 53 άνθρωποι αναζητούν τους οικείους τους,"Τραγωδία στα Τέμπη: Στο Νοσοκομείο Λάρισας 53 άνθρωποι αναζητούν τους οικείους τους Στο Γενικό Νοσοκομείο Λάρισας βρίσκονται 4 ιατροδικαστές ενώ, σύμφωνα με πληροφορίες, παρών είναι και ο προϊστάμενος της Ιατροδικαστικής Υπηρεσίας Αθηνών.  Η διαδικασία αναγνώρισης των θυμάτων της σιδηροδρομικής τραγωδίας στα Τέμπη έχει ξεκινήσει με σοβαρές δυσκολίες, καθώς οι σοροί τουλάχιστον επτά ανθρώπων έχουν απανθρακωθεί, όπως μεταδίδει η ΕΡΤ. Σύμφωνα με το κρατικό κανάλι, 53 άνθρωποι δεν έχουν εντοπίσει τους οικείους τους που επέβαιναν στο τρένο που εκτελούσε το δρομολόγιο Αθήνα – Θεσσαλονίκη, και έχουν προσέλθει στο Γενικό Νοσοκομείο Λάρισας. Στο νοσοκομείο βρίσκονται 4 ιατροδικαστές ενώ, σύμφωνα με πληροφορίες, παρών είναι και ο προϊστάμενος της Ιατροδικαστικής Υπηρεσίας Αθηνών. Από τη σύγκρουση των δύο τρένων στα Τέμπη, έχασαν τη ζωή τους τουλάχιστον 36 άτομα, σύμφωνα με την επίσημη ενημέρωση της Πυροσβεστικής. Οι τραυματίες είναι συνολικά 85. Από αυτούς οι 72 νοσηλεύονται – έξι από αυτούς σε Μονάδες Εντατικής Θεραπείας. Επιβάτες εξακολουθούν να αγνοούνται και η εκτίμηση των αρχών είναι ότι ο αριθμός των θυμάτων θα αυξηθεί. Σύμφωνα με την ενημέρωση από την Hellenic Train, στα δύο τρένα επέβαιναν συνολικά 354 άτομα (342 επιβάτες και 12 άτομα προσωπικό, δύο εκ των οποίων στην εμπορική αμαξοστοιχία). ⇒    ",Newsroom,kathimerini.gr,2023-03-01,Ελλάδα / Κοινωνία
https://www.kathimerini.gr/society/562300951/tragodia-sta-tempi-paradechthike-to-moiraio-lathos-toy-o-stathmarchis-symfona-me-plirofories/,"Τραγωδία στα Τέμπη: Παραδέχθηκε το μοιραίο λάθος του ο σταθμάρχης, σύμφωνα με πληροφορίες","Τραγωδία στα Τέμπη: Παραδέχθηκε το μοιραίο λάθος του ο σταθμάρχης, σύμφωνα με πληροφορίες Το απέδωσε, σύμφωνα με τις ίδιες πληροφορίες, σε κακιά στιγμή - Αύριο το πρωί προσάγεται στον ανακριτή με βαριές κατηγορίες.  Αποδέχθηκε το μοιραίο λάθος του, σύμφωνα με πληροφορίες, απολογούμενος στο στάδιο της προανάκρισης, ο σταθμάρχης της Λάρισας που έχει συλληφθεί για την πολύνεκρη τραγωδία που έχει παγώσει το πανελλήνιο. Σύμφωνα με τις ίδιες πληροφορίες, απολογούμενος ο σταθμάρχης, ο μόνος προς το παρόν, που έχει συλληφθεί, παραδέχθηκε αρχικά το τραγικό λάθος του και το απέδωσε στην «κακιά ώρα», ενώ σε βάρος του έχει σχηματιστεί δικογραφία για βαρύτατα αδικήματα. Οι κατηγορίες για τις οποίες θα ασκηθεί αύριο ποινική δίωξη από τον εισαγγελέα, ενώπιον του οποίου θα προσαχθεί, ο σταθμάρχης, αφορούν στο αδίκημα της διατάραξης της ασφάλειας των συγκοινωνιών από το οποίο προήλθε ως αποτέλεσμα θάνατος πολλών ατόμων (κακούργημα), το οποίο με βάση πρόσφατη τροποποίηση του Ποινικού Κώδικα (άρθρο 291) επισύρει ποινές από 10 χρόνια κάθειρξη ως και ισόβια. Παράλληλα, διώξεις θα ασκηθούν για ανθρωποκτονίες από αμέλεια κατά συρροή και σωματικές βλάβες από αμέλεια και κατά συρροή. Την ίδια ώρα, που έχει δρομολογηθεί η διαδικασία ποινικής δίωξης για τον σταθμάρχη, ο προϊστάμενος της Εισαγγελίας Εφετών της Λάρισας, έμπειρος εισαγγελέας, Σταμάτης Δασκαλόπουλος, εποπτεύει το σύνολο των ερευνών, που βρίσκονται σε πλήρη εξέλιξη για την αναζήτηση ευθυνών για το πολύνεκρο δυστύχημα, έρευνες που διενεργούνται με εντολή του προς κάθε κατεύθυνση. Παράλληλα με εντολή του κ. Δασκαλόπουλου, σύμφωνα με πληροφορίες, η προανακριτική απολογία του σταθμάρχη έγινε παρουσία εισαγγελέα, λόγω της μείζονος σημασίας της ερευνώμενης υπόθεσης, ενώ με εντολή του εισαγγελέας παρίσταται διαρκώς στον τόπο της τραγωδίας ενόψει της σύνταξης αυτοψίας από την Τροχαία της Λάρισας για τα μακάβρια ευρήματα του τραγικού συμβάντος, αυτοψία που θεωρείται κρίσιμο στοιχείο για την συνολική αξιολόγηση για το τι και ποιός έφταιξε για το πολύνεκρο δυστύχημα. Από την άλλη πλευρά, με βάση την άμεση παρέμβαση του Εισαγγελέα του Αρείου Πάγου Ισίδωρου Ντογιάκου, που εκδηλώθηκε νωρίς σήμερα το πρώι, οι έρευνες οφείλουν να τρέξουν πολύ γρήγορα και προς κάθε κατεύθυνση για να δοθούν εμπεριστατωμένες απαντήσεις για τις ευθύνες και τα αίτια της πρωτοφανούς τραγωδίας. Επιπλέον, σύμφωνα με πληροφορίες από εισαγγελικές πηγές, με πολύ μεγάλη δυσκολία, προχωρούν οι διαδικασίες ανεύρεσης των αγνοουμένων στον τόπο του δυστυχήματος, καθώς λόγω της σφοδρότητας της σύγκρουσης, πολλοί επιβάτες της μοιραίας αμαξοστοιχίας είναι διαμελισμένοι, ενώ τις ίδιες μακάβριες δυσκολίες αντιμετωπίζει και το έργο της ταυτοποίησης των σορών που έχουν διακομιστεί στα νοσοκομεία της Λάρισας, με τους ιατροδικαστές να προβαίνουν σε αναγνωρίσεις με την μέθοδο του DNA. ⇒  ",Ιωάννα Μάνδρου,kathimerini.gr,2023-03-01,Ελλάδα / Κοινωνία
https://www.kathimerini.gr/culture/562301272/amazon-to-prime-video-anavallei-to-treiler-toy-citadel-logo-tis-tragodias-sta-tempi/,Amazon: Το Prime Video αναβάλλει το τρέιλερ του Citadel λόγω της τραγωδίας στα Τέμπη,"Amazon: Το Prime Video αναβάλλει το τρέιλερ του Citadel λόγω της τραγωδίας στα Τέμπη Το τρέιλερ που θα κυκλοφορούσε την Τετάρτη, εκτιμάται πως έδειχνε σκηνές ενός σιδηροδρομικού δυστυχήματος.  Η συνδρομητική πλατφόρμα της Amazon, Prime Video, ανέβαλε την προβολή του τρέιλερ της κατασκοπευτικής σειράς “Citadel” μετά το σιδηροδρομικό δυστύχημα στα Τέμπη. Αν και οι λεπτομέρειες για την υπόθεση της σειράς είναι περιορισμένες, οι πρώτες εικόνες που είχαν δοθεί στη δημοσιότητα τον Φεβρουάριο, παρουσίαζαν τους πρωταγωνιστές Priyanka Chopra Jonas και Richard Madden έτοιμους για μάχη, σε έναν χώρο που θυμίζει εσωτερικό πολυτελούς τρένου. Το τρέιλερ που θα κυκλοφορούσε την Τετάρτη, εκτιμάται πως περιλαμβάνει σκηνές ενός σιδηροδρομικού δυστυχήματος, σύμφωνα με το Variety. Σε ενημέρωση για τους δημοσιογράφους, το πρωί της Τετάρτης, η Prime Video ανακοίνωσε: «Από σεβασμό προς τη διεθνή κοινότητα και λόγω των συγκλονιστικών έκτακτων νέων από την Ελλάδα, αναβάλλουμε την προβολή του επίσημου τρέιλερ του “Citadel”». Η πλατφόρμα δεσμεύτηκε να ανακοινώσει άλλη ημερομηνία για το τρέιλερ, μέσα στις επόμενες ημέρες. Πηγή: Variety ⇒  ",Newsroom,kathimerini.gr,2023-03-01,Τέχνες / Πολιτισμός
https://www.kathimerini.gr/society/562300228/tragodia-sta-tempi-martyries-epivaton-stin-k-itan-merika-deyterolepta-poy-moy-fanikan-aionas/,Τραγωδία στα Τέμπη – Μαρτυρίες επιβατών στην «Κ»: «Ήταν μερικά δευτερόλεπτα που μου φάνηκαν αιώνας»,"Τραγωδία στα Τέμπη – Μαρτυρίες επιβατών στην «Κ»: «Ήταν μερικά δευτερόλεπτα που μου φάνηκαν αιώνας»  ΘΕΣΣΑΛΟΝΙΚΗ – ΑΝΤΑΠΟΚΡΙΣΗ. «Γνωρίζετε κάτι; Ακούσατε τίποτα;» Στον Νέο Σιδηροδρομικό Σταθμό Θεσσαλονίκης συγκεντρώθηκαν από νωρίς γονείς επιβατών της μοιραίας αμαξοστοιχίας IC62 που εκτελούσε το δρομολόγιο Αθήνα – Θεσσαλονίκη. Κάποιοι είχαν προλάβει να μιλήσουν με τους διασωθέντες, οι οποίοι τους περιέγραφαν εικόνες φρίκης: «Τα μαλλιά μου έπιασαν φωτιά, μαμά. Δεν ξέρω πώς κατάφερα να βγω». Μια άλλη μητέρα που δεν είχε καταφέρει να επικοινωνήσει με την κόρη της ακόμα, προσπαθούσε μάταια να βρει πληροφορίες για το πού μπορεί να βρίσκεται το παιδί της. Από τον Νέο Σιδηροδρομικό Σταθμό πέρασαν πέντε συνολικά λεωφορεία που μετέφεραν τους επιβάτες από το σημείο του δυστυχήματος στη Θεσσαλονίκη. Οι περισσότεροι κατέβαιναν σε κατάσταση σοκ τα σκαλιά του λεωφορείου και έπεφταν στην αγκαλιά των συγγενών τους ξεσπώντας σε κλάματα. «Ήταν μερικά δευτερόλεπτα που μου φάνηκαν αιώνας», λέει ένας εκ των πρώτων διασωθέντων που έφτασαν. «Πίστευα πως θα πεθάνω», δήλωσε ένας νεαρός άνδρας που επέβαινε πίσω από τα μπροστινά βαγόνια που τυλίχθηκαν στις φλόγες. Όπως περιέγραψε, στην αρχή ένιωσε ένα τράνταγμα και έπειτα είδε τα μπροστινά βαγόνια να «ορμούν» κατά πάνω του. Τα πάντα εκτοξεύθηκαν γύρω του, όμως ο ίδιος κατάφερε να βγει από το βαγόνι με λίγες αμυχές πάνω του. «Εγώ έγινα σαν μια μάζα κάτω από ένα τραπεζάκι. Μετά άρχισε να φωνάζει ο κόσμος μέσα, οι κοπέλες έκλαιγαν. Ευτυχώς άνοιξε η πίσω πόρτα και βγήκαμε όλοι απο εκεί», περιέγραψε άλλος επιβάτης που διασώθηκε. Κάποιοι δεν ήταν τόσο τυχεροί και όπως είπαν, χρειάστηκε να σπάσουν το τζάμι του βαγονιού με τη βαλίτσα τους για να καταφέρουν να εξέλθουν ή βρήκαν μια τρύπα και καταφεραν να φύγουν την ώρα που το βαγόνι τους είχε «γυρίσει». «Καταλήξαμε να γείρει το βαγόνι σε 45 μοίρες. Είχε λαδια παντού κάτω και μερικοί άνθρωποι γλιστρούσαν προσπαθώντας να φύγουν», περιέγραψε κάποιος άλλος. Όταν βγήκανε αυτό που είδαν ήταν ένα «χάος», «άνθρωποι σε πανικό» και τα μπροστινά βαγόνια τυλιγμένα στη φωτιά. Βγαίνοντας μια νεαρή γυναίκα από το λεωφορείο έπεσε στην αγκαλιά της μητέρας της που την περίμενε επί ώρες. Την είχε βοηθήσει, όπως είχε πει, ένας συνάδελφος της να διασωθεί. Μαζί της, κατέβαιναν και ελαφρά τραυματισμένοι με κηλίδες αίματος στο πρόσωπο και στα ρούχα οι οποίοι κατευθύνονταν στα ασθενοφόρα που υπήρχαν στο σημείο για να τους περιθάλψουν. Ανάμεσα στους διασωθέντες είναι και μια νεαρή γυναίκα που δεν μπορεί να πιστέψει ακόμα την τύχη της. Όπως σημείωσε, η θέση της ήταν κανονικά στο δεύτερο βαγόνι. Η ίδια ωστόσο επέλεξε τελευταία στιγμή να μεταβεί στο 6ο βαγόνι και έτσι κατάφερε να γλιτώσει. Η αστυνομία έφτασε στο σημείο όταν ήρθε το τρίτο λεωφορείο οπότε και άρχισε την καταγραφή των διασωθέντων. Μέχρι τότε, οι συγγενείς των επιβατών που περίμεναν στον σταθμό δεν είχαν επίσημη ενημέρωση. Μέχρι τις 4.00 περίπου το πρωί είχε ολοκληρωθεί η μεταφορά περίπου 200 διασωθέντων στη Θεσσαλονίκη με πέντε λεωφορεία. Η μητέρα που περίμενε εναγωνίως δεν είδε σε κανένα από αυτά την κόρη της. Μαζί με λίγους ακόμα συγγενείς αποχώρησε τελευταία με ένα τηλέφωνο επικοινωνίας στα χέρια της προκειμένου να επικοινωνήσει με τις αρμόδιες αρχές στη Λάρισα για να εντοπίσει το παιδί της.  ",Αλεξία Καλαϊτζή,kathimerini.gr,2023-03-01,Ελλάδα / Κοινωνία
https://www.kathimerini.gr/world/562301092/syllypitiria-apo-ton-proedro-tis-kinas-si-tzinpingk-gia-to-dystychima-sta-tempi/,Σι Τζινπίνγκ: Συλλυπητήρια από τον πρόεδρο της Κίνας για το δυστύχημα στα Τέμπη,"Σι Τζινπίνγκ: Συλλυπητήρια από τον πρόεδρο της Κίνας για το δυστύχημα στα Τέμπη Ο πρόεδρος της Κίνας Σι Τζινπίνγκ έστειλε στην Πρόεδρο της Δημοκρατίας Κατερίνα Σακελλαροπούλου μήνυμα για το θανατηφόρο δυστύχημα στα Τέμπη.  Ο πρόεδρος της Κίνας Σι Τζινπίνγκ έστειλε στην Πρόεδρο της Δημοκρατίας Κατερίνα Σακελλαροπούλου μήνυμα για το θανατηφόρο δυστύχημα στα Τέμπη, εκφράζοντας ειλικρινή συλλυπητήρια για τα θύματα, συμπαράσταση στις οικογένειες που πενθούν και ευχές για ταχεία ανάρρωση στους τραυματίες. Την επικοινωνία, γνωστοποίησε με ανάρτησή της στα μέσα κοινωνικής δικτύωσης η πρεσβεία της Κίνας στην Ελλάδα.  Ο Πρόεδρος της #Κίνας Xi Jinping μόλις έστειλε στην ΠτΔ Κ. Σακελλαροπούλου μήνυμα για το θανατηφόρο δυστύχημα στα #Τέμπη, εκφράζοντας ειλικρινή #συλλυπητήρια για τα θύματα, συμπαράσταση στις οικογένειες που πενθούν, και ευχές για ταχεία ανάρρωση στους τραυματίες. pic.twitter.com/tCvkunffEU — Chinese Embassy in Greece (@Chinaemb_Hellas) March 1, 2023 Σε αντίστοιχη ανάρτηση, ο πρεσβευτής της Κίνας στην Ελλάδα Σιάο Τζουντσένγκ δηλώνει σοκαρισμένος και λυπημένος για το μεγάλο σιδηροδρομικό δυστύχημα που συνέβη στα Τέμπη κοντά στη Λάρισα, χθες το βράδυ. Εκ μέρους της κινεζικής πρεσβείας στην Ελλάδα, ο Κινέζος πρέσβης εκφράζει τα βαθύτατα συλλυπητήρια του για τους νεκρούς και εύχεται κουράγιο στους τραυματίες και τις οικογένειές τους. Σε ξεχωριστή ανάρτηση η κινεζική πρεσβεία εκφράζει ειλικρινή συλλυπητήρια και εύχεται κουράγιο στους συγγενείς και οικείους των θυμάτων από την τραγική σύγκρουση τρένων στα Τέμπη. «Ευχόμαστε από καρδιάς ταχεία ανάρρωση στους τραυματίες» σημειώνει επιπροσθέτως.  Εκφράζουμε τα ειλικρινή #συλλυπητήρια μας και ευχόμαστε κουράγιο στους συγγενείς και οικείους των θυμάτων από την τραγική σύγκρουση τρένων στα #Τέμπη. Ευχόμαστε από καρδιάς ταχεία ανάρρωση στους τραυματίες. 🙏🙏 — Chinese Embassy in Greece (@Chinaemb_Hellas) March 1, 2023 Πηγή: ΑΠΕ-ΜΠΕ ⇒  ",Newsroom,kathimerini.gr,2023-03-01,Διεθνή
https://www.kathimerini.gr/society/562301173/tragodia-sta-tempi-i-stigmi-tis-sygkroysis-ton-dyo-trenon-vinteo-ntokoymento/,Τραγωδία στα Τέμπη: Η στιγμή της σύγκρουσης των δύο τρένων – Βίντεο ντοκουμέντο,"Τραγωδία στα Τέμπη: Η στιγμή της σύγκρουσης των δύο τρένων – Βίντεο ντοκουμέντο Στο βίντεο, που έδωσε στη δημοσιότητα η ΕΡΤ, αποτυπώνεται η στιγμή που η επιβατική αμαξοστοιχία συγκρούεται μετωπικά με την εμπορική αμαξοστοιχία.  Στη δημοσιότητα δόθηκε βίντεο από τη στιγμή της σύγκρουσης των δύο τρένων στα Τέμπη που είχε ως αποτέλεσμα τον τραγικό θάνατο δεκάδων ανθρώπων. Στο βίντεο, που έδωσε στη δημοσιότητα η ΕΡΤ, αποτυπώνεται η στιγμή που η επιβατική αμαξοστοιχία συγκρούεται μετωπικά με την εμπορική αμαξοστοιχία. Σημειώνεται πως τα δύο τρένα βρίσκονταν πάνω στην ίδια γραμμή. Ειδικότερα το επιβατικό τρένο που είχε κατεύθυνση προς Θεσσαλονίκη συγκρούστηκε μετωπικά με την εμπορική αμαξοστοιχία που είχε αντίθετη κατεύθυνση. Τα δύο τρένα βρέθηκαν – υπό άγνωστες συνθήκες – να κινούνται στην ίδια γραμμή, κάτι που οδήγησε στη σφοδρή σύγκρουση. Πολλά είναι τα αναπάντητα ερωτήματα για τον συντονισμό των αρμόδιων αρχών την ώρα του δυστυχήματος, αναδεικνύοντας – με τον πλέον τραγικό τρόπο – και το ζήτημα της γενικότερης λειτουργίας των σιδηροδρομικών δικτύων στη χώρα. Τα αίτια του δυστυχήματος διερευνώνται, ενώ ο σταθμάρχης της Λάρισας φαίνεται να έχει αποδεχτεί, σύμφωνα με πληροφορίες, το μοιραίο λάθος του, απολογούμενος στο στάδιο της προανάκρισης για το τραγικό δυστύχημα. Σημειώνεται πως ο αριθμός των νεκρών έχει φτάσει τους 38, σύμφωνα με την επίσημη ενημέρωση της Πυροσβεστικής. Συνολικά 85 είναι οι τραυματίες, εκ των οποίων οι 72 νοσηλεύονται (έξι σε Μονάδες Εντατικής Θεραπείας). Η εκτίμηση των αρχών είναι ότι ο αριθμός των θυμάτων θα αυξηθεί, καθώς υπάρχουν αρκετά άτομα εγκλωβισμένα στα πρώτα βαγόνια της επιβατικής αμαξοστοιχίας. Σύμφωνα με την ενημέρωση από την Hellenic Train, στα δύο τρένα επέβαιναν συνολικά 354 άτομα (342 επιβάτες και 12 άτομα προσωπικό, δύο εκ των οποίων στην εμπορική αμαξοστοιχία). ⇒  ",Newsroom,kathimerini.gr,2023-03-01,Ελλάδα / Κοινωνία
https://www.kathimerini.gr/society/562300747/tragodia-sta-tempi-niosame-oti-vgazoyme-ta-paidia-mas-lene-diasostes-stin-k/,Τραγωδία στα Τέμπη: «Νιώσαμε ότι βγάζουμε τα παιδιά μας» λένε διασώστες στην «Κ»,"Τραγωδία στα Τέμπη: «Νιώσαμε ότι βγάζουμε τα παιδιά μας» λένε διασώστες στην «Κ» Στελέχη της Ελληνικής Ομάδας Διάσωσης που έφθασαν από την πρώτη στιγμή στο σημείο της τραγωδίας μοιράστηκαν με την «Κ» τις συγκλονιστικές εικόνες που αντίκρισαν  Συγκλονιστικές είναι οι στιγμές που βιώνουν οι διασώστες που κλήθηκαν να επιχειρήσουν στο σημείο σύγκρουσης των δύο τρένων στα Τέμπη που είχε ως αποτέλεσμα τον θάνατο και τον τραυματισμό δεκάδων συνανθρώπων μας. Στελέχη της Ελληνικής Ομάδας Διάσωσης που έφθασαν από την πρώτη στιγμή στο σημείο της τραγωδίας μοιράστηκαν με την «Κ» τις εικόνες που αντίκρισαν οι οποίες, όπως είπαν, δεν πρόκειται να σβηστούν ποτέ από το μυαλό τους. «Στις 12.00 τα μεσάνυχτα ειδοποιηθήκαμε από την πολιτική προστασία και σε μισή ώρα βρισκόμασταν στο σημείο. Όταν φθάσαμε εκεί είδαμε ανθρώπους του ΕΚΑΒ να βγάζουν τραυματίες. Υπήρξε άμεση κινητοποίηση του κρατικού μηχανισμού. Αυτό που αντικρίσαμε στο σημείο του δυστυχήματος δεν λέγεται. Βομβαρδισμένο τοπίο» περιέγραψε ο κ. Γιάννης Ξανθόπουλος, μέλος της Ελληνικής Ομάδας Διάσωσης Λάρισας. Στη συνέχεια, ιδιαίτερα φορτισμένος σημείωσε ότι αυτό που τον συγκλόνισε περισσότερο είναι ότι η πλειοψηφία των σορών που ανασύρονταν ανήκαν σε νέους ανθρώπους. «Συνεχώς εντοπίζονταν σοροί. Σώματα, σίδερα, πλαστικά, καρέκλες, τσάντες, όλα ένα κουβάρι. Είναι η χειρότερη αποστολή που έχω συμμετάσχει. Υπήρχαν πολλά νέα παιδιά. Νιώσαμε ότι βγάζουμε τα παιδιά μας» κατέληξε συγκλονισμένος. Στις ίδιες γραμμές κινήθηκε και η περιγραφή του κ. Σωτήρη Παπαμαρκάκη, μέλους της Ελληνικής Ομάδας Διάσωσης Μαγνησίας. Ο κ. Παπαμαρκάκης, μιλώντας στο kathimerini.gr από το σημείο της τραγωδίας, έκανε λόγο για καταστάσεις με τις οποίες δεν έχει έρθει ξανά αντιμέτωπος. «Ήμουν 30 χρόνια εργαζόμενος στου σιδηροδρόμους ως προϊστάμενος αμαξοστοιχιών. Έχω δει και άλλα ατυχήματα. Τέτοιο πράγμα δεν το έχω ξαναδεί ποτέ. Μιλάμε για μία άμορφη μάζα σιδερικών» σημείωσε συγκινημένος. «Η έρευνα προχωρά αργά καθώς χρειάζονται βαριά μηχανήματα προκειμένου να δημιουργηθούν δίοδοι εισόδου και να μπουν οι διασώστες μέσα. Λόγω του όγκου από τα σίδερα αυτό γίνεται μόνο με βαριά μηχανήματα και η διαδικασία απαιτεί χρόνο. Μιλάμε για εφιάλτη» τόνισε. «Αυτό που αντικρίσαμε δεν περιγράφεται» «Μιλάμε για άμορφη μάζα σιδερικών»",Παναγιώτης Βλαχουτσάκος,kathimerini.gr,2023-03-01,Ελλάδα / Κοινωνία
https://www.kathimerini.gr/society/562300693/tragodia-sta-tempi-dyskoli-i-katastasi-sta-nosokomeia-tis-larisas-xekinise-i-diadikasia-anagnorisis-ton-soron/,Τραγωδία στα Τέμπη: Δύσκολη η κατάσταση στα νοσοκομεία της Λάρισας – Ξεκίνησε η διαδικασία αναγνώρισης των σορών,"Τραγωδία στα Τέμπη: Δύσκολη η κατάσταση στα νοσοκομεία της Λάρισας – Ξεκίνησε η διαδικασία αναγνώρισης των σορών «Δυστυχώς ζούμε πρωτόγνωρες καταστάσεις στο ΓΝ Λάρισας. Βρίσκομαστε από το βράδυ εδώ, μέχρι στιγμής οι νεκροί ανέρχονται στους 36», αναφέρει στην «Κ» η Πρόεδρος Εργαζομένων του ΓΝ Λάρισας, Έφη Χύτα, η οποία εκτίμησε πως ο αριθμός των νοσηλευομένων στο νοσοκομείο θα αυξηθεί τις επόμενες ώρες.   Δύσκολη είναι η κατάσταση στα νοσοκομεία της Λάρισας όπου έχουν μεταφερθεί οι περισσότεροι τραυματίες μετά τη σύγκρουση των δύο τρένων αργά το βράδυ της Τρίτης στα Τέμπη. Συγκεκριμένα 29 τραυματίες νοσηλεύονται στο Πανεπιστημιακό Νοσοκομείο Λάρισας και 20 τραυματίες στο ΓΝ Λάρισας. «Δεκαεννιά τραυματίες νοσηλεύονται στο χειρουργικό τμήμα, τρεις στο ορθοπεδικό τμήμα και τρεις στη νευροχειρουργική κλινική του νοσοκομείου. Υπάρχουν 4 ασθενείς που νοσηλεύονται στη ΜΕΘ. Η κατάσταση εδώ είναι διαχειρίσιμη, ωστόσο θεωρώ πως η εικόνα είναι πιο οδυνηρή στο Γενικό Νοσοκομείο Λάρισας όπου έχουν μεταφερθεί οι σοροί και γίνεται η πιστοποίησή τους, καθώς εκεί υπάρχει ιατροδικαστική υπηρεσία», αναφέρει στην «Κ», ο διοικητής στο ΠΓΝ Λάρισας, Δημήτρης Κατσικονούρης. Την ίδια ώρα στο Γενικό Νοσοκομείο της Λάρισας η κατάσταση, όπως αναφέρουν γιατροί που βρίσκονται αυτή την ώρα σε εφημερία, είναι τραγική. Εκεί νοσηλεύονται 20 τραυματίες από τη σύγκρουση των δύο τρένων στα Τέμπη, ενώ σε κρίσιμη κατάσταση στη ΜΕΘ νοσηλεύονται 2 άτομα. «Δυστυχώς ζούμε πρωτόγνωρες καταστάσεις στο ΓΝ Λάρισας. Βρίσκομαστε από το βράδυ εδώ, μέχρι στιγμής οι νεκροί ανέρχονται στους 36. Στο νοσοκομείο έχουν συγκεντρωθεί οι συγγενείς των θυμάτων και πριν λίγη ώρα ξεκίνησε η διαδικασία αναγνώρισης των σορών. Σε όσους δεν είναι εφικτή η αναγνώριση, θα γίνει τεστ DNA», αναφέρει στην «Κ» η Πρόεδρος Εργαζομένων του ΓΝ Λάρισας, Έφη Χύτα, η οποία εκτίμησε πως ο αριθμός των νοσηλευομένων στο νοσοκομείο θα αυξηθεί τις επόμενες ώρες. Σύμφωνα με επιβεβαιωμένες πληροφορίες, από τους συνολικά 6 νοσηλευομένους σε ΜΕΘ στα νοσοκομεία της Λάρισας, τουλάχιστον οι 3 είναι κάτω των 25 ετών. Όσον αφορά τα υπόλοιπα νοσοκομεία, στο ΓΝ Θεσσαλονίκης «Γ. Γεννηματάς» νοσηλεύονται 4 άτομα, στο ΑΧΕΠΑ έχουν γίνει 11 εισαγωγές και 2 ασθενείς νοσηλεύονται στο ΓΝ Κατερίνης. ",Σοφία Χρήστου,kathimerini.gr,2023-03-01,Ελλάδα / Κοινωνία
https://www.kathimerini.gr/society/562300093/sygkroysi-trenon-sti-larisa-martyries-epivaton-poy-vgikan-sooi-apo-ta-vagonia/,Σύγκρουση τρένων στα Τέμπη: Μαρτυρίες επιβατών που βγήκαν σώοι από τα βαγόνια,"Σύγκρουση τρένων στα Τέμπη: Μαρτυρίες επιβατών που βγήκαν σώοι από τα βαγόνια Οι τραυματίες είναι τουλάχιστον 85. Πληροφορίες κάνουν λόγο για εγκαυματίες και ακρωτηριασμένους.  Η σύγκρουση τρένων στη Λάρισα, λίγο πριν τα μεσάνυχτα της Τρίτης, έχει στοιχίσει τη ζωή σε τουλάχιστον 26 ανθρώπους, ενώ ασθενοφόρα μεταφέρουν στα τοπικά νοσοκομεία τραυματίες. Η σύγκρουση έγινε κάτω από αδιευκρίνιστες, μέχρι στιγμής, συνθήκες. Πληροφορίες κάνουν λόγο για εγκαυματίες και ακρωτηριασμένους. Τουλάχιστον 85 είναι οι τραυματίες, εκ των οποίων οι 25 σε σοβαρή κατάσταση. Οι έλεγχοι δεν έχουν ολοκληρωθεί σε όλα βαγόνια. Από τη σύγκρουση των δύο αμαξοστοιχιών, ενός φορτηγού τρένου και μιας επιβατικής αμαξοστοιχίας, προκλήθηκε και πυρκαγιά. Η επιχείρηση απεγκλωβισμού και διάσωσης συνεχίζεται από τις δυνάμεις του Πυροσβεστικού Σώματος με συνολικά 150 πυροσβέστες και με 40 ασθενοφόρα του Εθνικού Κέντρου Άμεσης Βοήθειας. Το έργο τους συνδράμουν 32 αστυνομικοί με 15 περιπολικά. Στο έργο απεγκλωβισμού συνδράμουν και γερανοφόρα οχήματα. Επιβάτες που βγήκαν σώοι από τα βαγόνια της επιβατικής αμαξοστοιχίας που εκτελούσε το δρομολόγιο Αθήνα – Θεσσαλονίκη, μίλησαν στην κάμερα τοπικού μέσου για τη στιγμή της σύγκρουσης. «Είχαμε σταματήσει, θα είχαμε μία ώρα καθυστέρηση γιατί ήταν μπροστά άλλο τρένο. Απλά νόμιζα ότι τράκαρε» δήλωσε γυναίκα στην κάμερα τοπικού μέσου. «Ακούστηκε ένα μπαμ (…) το τρένο ήταν μισογεμάτο, βασικά γεμάτο» είπε άλλος επιβάτης. «Εσπαγαν τζάμια, ούρλιαζαν οι άνθρωποι. Μέσα στο βαγόνι πανικός. Το παράθυρο είχε μπει μέσα σαν να καταρρέει από το βάρος ενός σίδερου που ερχόταν από το δίπλα τρένο. Το τρένο ήταν γεμάτο κατά τα δύο τρίτα. Δεν είδαμε τίποτα. Απλά είδαμε το τρένο να τραντάζεται όλο και περισσότερο μέχρι που καταλήξαμε 45 μοίρες γωνία» δήλωσε ένας τρίτος επιβάτης. Σύμφωνα με αξιωματικό της πυροσβεστικής, η φωτιά έχει πλέον σβήσει αλλά η επιχείρηση απεγκλωβισμού είναι σε εξέλιξη. Τους επιβάτες που απεγκλωβίζει η πυροσβεστική τους παραλαμβάνει το ΕΚΑΒ. ",Newsroom,kathimerini.gr,2023-03-01,Ελλάδα / Κοινωνία
https://www.kathimerini.gr/politics/562300549/sakellaropoyloy-gia-sygkroysi-trenon-sta-tempi-vriskomaste-mprosta-se-mia-adianoiti-tragodia/,Σακελλαροπούλου για σύγκρουση τρένων στα Τέμπη: Βρισκόμαστε μπροστά σε μια αδιανόητη τραγωδία,"Σακελλαροπούλου για σύγκρουση τρένων στα Τέμπη: Βρισκόμαστε μπροστά σε μια αδιανόητη τραγωδία «Βρισκόμαστε μπροστά σε μια αδιανόητη τραγωδία. Θρηνούμε κατά κύριο λόγο νέους ανθρώπους» ανέφερε σε δήλωσή της για το σιδηροδρομικό δυστύχημα στα Τέμπη η Πρόεδρος της Δημοκρατίας Κατερίνα Σακελλαροπούλου  «Βρισκόμαστε μπροστά σε μια αδιανόητη τραγωδία. Θρηνούμε κατά κύριο λόγο νέους ανθρώπους» ανέφερε σε δήλωσή της για το σιδηροδρομικό δυστύχημα στα Τέμπη η Πρόεδρος της Δημοκρατίας Κατερίνα Σακελλαροπούλου. «Μοιραζόμαστε την οδύνη όσων έχασαν τους δικούς τους, αν και γνωρίζουμε ότι ο πόνος τους είναι τόσο μεγάλος, ώστε κανένας παρηγορητικός λόγος δεν μπορεί να τον ανακουφίσει. Αγωνιούμε για τους τραυματίες και ευχόμαστε να γίνουν σύντομα καλά. Ευχαριστούμε τα σωστικά συνεργεία και το ιατρικό προσωπικό, που δίνουν όλες τους τις δυνάμεις στις επιχειρήσεις απεγκλωβισμού και διάσωσης» πρόσθεσε η Πρόεδρος της Δημοκρατίας και συμπλήρωσε: «Εκφράζω τη βαθιά μου θλίψη και τη συμπαράστασή μου στις οικογένειες των θυμάτων. Είμαστε δίπλα τους». Η Πρόεδρος της Δημοκρατίας διακόπτει την επίσημη επίσκεψη στη Μολδαβία και μεταβαίνει στον τόπο της σιδηροδρομικής τραγωδίας στα Τέμπη. Με απόφαση του πρωθυπουργού κηρύσσεται τριήμερο εθνικό πένθος για τα θύματα του σιδηροδρομικού δυστυχήματος των Τεμπών από την 1η έως και την 3η Μαρτίου 2023, με μεσίστια έπαρση σημαίας σε όλα τα δημόσια κτίρια και αναστολή των δημοσίων εορταστικών εκδηλώσεων. ⇒  Τριήμερο εθνικό πένθος",Newsroom,kathimerini.gr,2023-03-01,Πολιτική
https://www.kathimerini.gr/society/562300198/sygkroysi-trenon-sta-tempi-kataggelia-epivati-toy-moiraioy-intercity-pame-kai-opoy-vgei/,Σύγκρουση τρένων στα Τέμπη: Καταγγελία επιβάτη του μοιραίου Intercity – «Πάμε και όπου βγει»,"Σύγκρουση τρένων στα Τέμπη: Καταγγελία επιβάτη του μοιραίου Intercity – «Πάμε και όπου βγει» Εικόνες χάους λίγο μετά τη σύγκρουση μεταφέρουν οι επιβάτες με τις μαρτυρίες τους  Ένα σκηνικό χάους σκιαγραφούν με τις μαρτυρίες τους οι επιζώντες επιβάτες από τη φονική σύγκρουση τρένων λίγο έξω από τα Τέμπη, με 32 νεκρούς και 85 τραυματίες. «Στην αρχή μας είπαν ότι θα υπάρχουν καθυστερήσεις, 20 λεπτά, μετά μια ώρα. Μας λένε ότι υπάρχει σύγχυση στις γραμμές. Ακούω δύο υπαλλήλους του τρένου να λένε “πού είναι αυτός ο προϊστάμενος;” και σε ένα λεπτό μπαμ», λέει ο ένας επιβάτης με εμφανή τα τραύματα στο πρόσωπό του. «Ήταν μια γυναίκα με ένα παιδί μαζί μας. Υπήρχε φωτιά δίπλα μας. Βρήκαμε μία τρύπα και από εκεί καταφέραμε να βγούμε», δήλωσε ένας άλλος επιβάτης στην κάμερα της ΕΡΤ. «Ακούσαμε ένα “μπαμ”, το βαγόνι άρχισε να στριφογυρίζει και μετά κατέληξε πλάγια και βγήκαμε», εξήγησε. «Ήταν 10 δευτερόλεπτα εφιαλτικά, μέσα στις φωτιές. Δεν μπορούσες να δεις γύρω σου από τον καπνό, υπήρχε πανικός», συμπλήρωσε ο πρώτος επιβάτης. Εντύπωση προκαλεί η μαρτυρία επιβάτη ο οποίος βρισκόταν στα πίσω βαγόνια της αμαξοστοιχίας και άκουσε από τον ασύρματο να λέγεται η φράση: «Πάμε και όπου βγει». Συγκεκριμένα, είπε τα εξής σε δημοσιογράφους: «Όταν ακούσαμε τον οδηγό να μιλάει με τον υπεύθυνο εισιτήριων και να λέει “πάμε και όπου βγει”, σίγουρα, είσαι προϊδεασμένος ότι κάτι δεν πάει καλά. Το άκουσα μέσω των ασυρμάτων, “πάμε και όπου βγει”. Αυτό ακριβώς, τίποτα άλλο. Μας καθυστέρησαν λόγω φόρτου κίνησης των σιδηροδρομικών γραμμών, είπαν ότι θα καθυστερήσουμε 15 λεπτά, γιατί είναι μονής οδού. Μάλλον έπρεπε να καθυστερήσουμε παραπάνω, δεν ήταν σωστά χρονοθετημένα τα πράγματα από τον ΟΣΕ». «Όλοι ήταν ανέμελοι, μερικοί να κοιμούνται. Ξαφνικά έγινε ένα μπαμ, πέφτει καμία βαλίτσα και μετά το τράνταγμα γινόταν όλο και χειρότερο. Στα 5 δευτερόλεπτα καταλαβαίνεις ότι έγινε κάτι πολύ-πολύ κακό. Το βαγόνι μας δεν χτυπήθηκε άσχημα, σπάσανε πολλά τζάμια. Είχε λάδια στο πάτωμα. Έπεφταν άτομα. Κάποια βαγόνια πήραν φωτιά. Δεν υπήρχε πρόσβαση για να φτάσουμε στα πρώτα βαγόνια. Πέρασαν 15 λεπτά από τη σύγκρουση και δεν υπήρχε κανένας εκεί από αστυνομία και πυροσβεστική. Ήμασταν εγώ, μια κοπέλα, μερικοί επιβάτες που ήρθαν να βοηθήσουν και τραυματίες. Στα βαγόνια ήταν εγκλωβισμένοι. Δεν ξέρω τι έγινε στα βαγόνια, μετά από 1,5 και 2 ώρες που ήρθε η πυροσβεστική και τα έσβησε όλα. Ήμασταν εκεί μόνο 5 άνθρωποι για να βοηθήσουμε», ανέφερε στη μαρτυρία του ένας από τους επιβάτες που βοήθησαν. Νεαρός επιβάτης που βρισκόταν στο βαγόνι 6 της αμαξοστοιχίας δήλωσε ότι προσπάθησε να βγάλει από το τρένο όσους περισσότερους μπορούσε. «Βρισκόμουν στο βαγόνι 6. Το νιώσαμε σαν σεισμό. Στο βαγόνι μου χτύπησε μόνο μια γυναίκα. Προσπάθησα να βγάλω όσους περισσότερους μπορούσα, ήταν ένα κοριτσάκι 6 μηνών που ευτυχώς έμαθα ότι βγήκε ζωντανό, έβγαλα όσους περισσότερους μπορούσα. Με έχει πιάσει ταραχή. Συγκρούστηκε το βαγόνι 2 που είναι η καφετέρια. Δεν μπόρεσα να περάσω πιο μπροστά γιατί τα συντρίμμια φλέγονταν». «Είχαμε σταματήσει, θα είχαμε μία ώρα καθυστέρηση γιατί ήταν μπροστά άλλο τρένο. Απλά νόμιζα ότι τράκαρε» δήλωσε γυναίκα στην κάμερα τοπικού μέσου. «Ακούστηκε ένα μπαμ (…) το τρένο ήταν μισογεμάτο, βασικά γεμάτο» είπε άλλος επιβάτης. Στον σταθμό του ΟΣΕ στη Θεσσαλονίκη έφτασε το πρώτο λεωφορείο με περίπου 50 επιβάτες της αμαξοστοιχίας IC 62. Οι μαρτυρίες τους είναι χαρακτηριστικές. «Ακούγαμε ανθρώπους να φωνάζουν καιγόμαστε, είναι συγκλονιστικό. Είμαι ακόμη σε κατάσταση σοκ», δήλωσε στο τοπικό μέσο ThessToday ένας εξ αυτών. «Νομίζω πως είμαι καλά, δεν είμαι σίγουρη. Βρισκόμουν στο τέταρτο βαγόνι, έπεσαν οι αποσκευές και γυρίσαμε ανάποδα. Τα υπόλοιπα βαγόνια διαλύθηκαν τελείως. Τα λόγια περισσεύουν, πίστευα ότι θα πεθάνω», ανέφερε χαρακτηριστικά μια άλλη μάρτυρας. Τα μοιραία λεπτά περιέγραψε ένας άλλος μάρτυρας, ο οποίος δηλώνει: «Νιώσαμε να τραντάζεται όλο το βαγόνι, ερχόταν το τρένο καταπάνω μας. Ακόμη δεν νιώθω ζωντανός». Παράλληλα, έξω από τον ΟΣΕ βρίσκονταν κάποιοι συγγενείς που δεν έχουν καταφέρει να επικοινωνήσουν με τα παιδιά τους και αγωνιούν. «Δεν υπάρχει καμία ενημέρωση από την αστυνομία αλλά ούτε και από κάποιον στον σταθμό. Δεν ξέρουμε τι γίνεται και δεν μπορούμε να έρθουμε σε επικοινωνία με τους ανθρώπους μας» ανέφερε μια γυναίκα η οποία περιμένει τον εγγονό της. ⇒  «Πάμε και όπου βγει» «Πέρασαν 15 λεπτά από τη σύγκρουση και δεν υπήρχε κανένας εκεί» «Ήταν σαν σεισμός, έβγαλα όσους μπορούσα από το τρένο» «Ακούγαμε άτομα να φωνάζουν καιγόμαστε, βοήθεια»",Newsroom,kathimerini.gr,2023-03-01,Ελλάδα / Κοινωνία
https://www.kathimerini.gr/society/562300111/sygkroysi-trenon-sti-larisa-metavainei-sta-tempi-o-nikos-pappas/,Σύγκρουση τρένων: Μεταβαίνει στα Τέμπη ο Νίκος Παππάς,"Σύγκρουση τρένων: Μεταβαίνει στα Τέμπη ο Νίκος Παππάς Με εντολή του Προέδρου του ΣΥΡΙΖΑ-Προοδευτική Συμμαχία, Αλέξη Τσίπρα, μεταβαίνει στα Τέμπη ο τομεάρχης Υποδομών και Μεταφορών του ΣΥΡΙΖΑ- ΠΣ, Νίκος Παππάς  Με εντολή του Προέδρου του ΣΥΡΙΖΑ-Προοδευτική Συμμαχία, Αλέξη Τσίπρα, μεταβαίνει στα Τέμπη ο τομεάρχης Υποδομών και Μεταφορών του ΣΥΡΙΖΑ- ΠΣ, Νίκος Παππάς, όπου υπήρξε εκτροχιασμός και σύγκρουση αμαξοστοιχιών. Σύμφωνα με τις έως τώρα πληροφορίες, η σύγκρουση τρένων στη Λάρισα, λίγο πριν τα μεσάνυχτα της Τρίτης, έχει στοιχίσει τη ζωή σε τουλάχιστον 26 ανθρώπους, ενώ ασθενοφόρα μεταφέρουν στα τοπικά νοσοκομεία τραυματίες. Η σύγκρουση έγινε κάτω από αδιευκρίνιστες, μέχρι στιγμής, συνθήκες. Πληροφορίες κάνουν λόγο για εγκαυματίες και ακρωτηριασμένους, τουλάχιστον 85 άτομα έχουν διακομιστεί σε δύο νοσοκομεία. Οι έλεγχοι δεν έχουν ολοκληρωθεί σε όλα βαγόνια. Η επιχείρηση απεγκλωβισμού και διάσωσης συνεχίζεται από τις δυνάμεις του Πυροσβεστικού Σώματος με συνολικά 150 πυροσβέστες και με 40 ασθενοφόρα του Εθνικού Κέντρου Άμεσης Βοήθειας. Το έργο τους συνδράμουν 32 αστυνομικοί με 15 περιπολικά. Στο έργο απεγκλωβισμού συνδράμουν και γερανοφόρα οχήματα. ⇒ ",Newsroom,kathimerini.gr,2023-03-01,Ελλάδα / Κοινωνία
https://www.kathimerini.gr/world/562300717/ta-pio-fonika-dystychimata-me-trena-stin-eyropi-kai-oi-omoiotites-me-ta-tempi/,Tα πιο φονικά δυστυχήματα με τρένα στην Ευρώπη και οι ομοιότητες με τα Τέμπη,"Tα πιο φονικά δυστυχήματα με τρένα στην Ευρώπη και οι ομοιότητες με τα Τέμπη  To σιδηροδρομικό δυστύχημα με τους 36 -μέχρι στιγμής- νεκρούς στα Τέμπη έχει συγκλονίσει την Ελλάδα. Κάποιοι κάνουν λόγο για την πιο φονική σιδηροδρομική τραγωδία στην ιστορία της χώρας μας. Δυστυχώς, πολλά είναι τα φονικά σιδηροδρομικά περιστατικά που έχουν σημειωθεί στην Ευρώπη, με κάποια από αυτά μάλιστα να έχουν αρκετές ομοιότητες με τη σημερινή τραγωδία. Τις ημέρες που ολοκληρωνόταν η εξαγορά της ΤΡΑΙΝΟΣΕ από την Ferrovie dello Stato Italiane SpA, ένα σοβαρό σιδηροδρομικό δυστύχημα συγκλόνισε την Ιταλία. Στις 12 Ιουλίου 2016, όπως ακριβώς έγινε και στα Τέμπη, δύο αμαξοστοιχίες βρέθηκαν να κινούνται στην ίδια γραμμή και συγκρούστηκαν κατά μέτωπο στην Πούγκλια της νότιας Ιταλίας, ανάμεσα στις πόλεις Κοράτο και Άντρια. Τότε, είχαν χάσει τη ζωή τους 23 άνθρωποι, ενώ τρία βαγόνια έγιναν κυριολεκτικά σκόνη. «Σίγουρα ένα από τα δύο τρένα δεν έπρεπε να ήταν εκεί. Υπήρξε λάθος και πρέπει να βρούμε την αιτία του λάθους», είχε δηλώσει τότε ο επικεφαλής της σιδηροδρομικής αστυνομίας. Στην Ιταλία, είχε γίνει άλλη μια τραγωδία με 32 νεκρούς στις 29 Ιουνίου του 2009. Τότε, βυτιοφόρο βαγόνι με GPL εξερράγη την ώρα που ο συρμός αναχωρούσε από τον σταθμό του Βιατζέριο στην κεντρική Ιταλία, με αποτέλεσμα τον εκτροχιασμό του. Το πιο φονικό σιδηροδρομικό δυστύχημα στη γειτονική μας Ιταλία είχε συμβεί το 1978, όταν ένα τρένο υψηλής ταχύτητα της διαδρομής Βενετία-Ρώμη συγκρούστηκε με αμαξοστοιχία που συνέδεε συνδέει το Λέτσε με το Μιλάνο. Ο απολογισμός των νεκρών ήταν 50 άνθρωποι. Η περίπτωση της Βρετανίας παρουσιάζει αρκετές ομοιότητες με αυτή της Ελλάδας: υπάρχουν συνεχή παράπονα για κακή συντήρηση του δικτύου και των τρένων και μεγάλες καθυστερήσεις στα δρομολόγια. Μετά την ιδιωτικοποίηση της British Rail (1994-1997), τέσσερα δυστυχήματα συγκλόνισαν την κοινή γνώμη. Το μεγαλύτερο από αυτά συνέβη στις 5 Οκτωβρίου του 1999 στο Λάντμπροουκ Γκρόουβ (Ladbroke Grove), στην έξοδο του σταθμού Πάντινγκτον του Λονδίνου. Tότε, το προαστιακό τρένο παραβίασε φωτεινό σηματοδότη και συγκρούστηκε με τοπικό εξπρές, με αποτέλεσμα 31 άνθρωποι να χάσουν την ζωή τους και 245 να τραυματιστούν. Είχε προηγηθεί το δυστύχημα με 7 νεκρούς στο Σάουθχολ όταν τρένο υψηλής ταχύτητας συγκρούστηκε με εμπορική αμαξοστοιχία. Επίσης, το 2000 λόγω αστοχίας του υλικού τρένο εκτροχιάστηκε στο Χάτφιλντ, με συνέπεια 4 άνθρωποι να χάσουν τη ζωή τους. Τέλος, το 2002 στην περιοχή του Πότερς Μπαρ πάλι 7 άνθρωποι βρήκαν τραγικό θάνατο, όταν το τρένο τους εκτροχιάστηκε και κατέληξε «σφηνωμένο» ανάμεσα στην πλατφόρμα του σταθμού και γειτονικά κτίρια. Σημειώνεται ότι στο ίδιο ακριβώς σημείο έχουν λάβει χώρα άλλα τρία σιδηροδρομικά ατυχήματα. Στις 24 Ιουλίου, τρένο υψηλής ταχύτητας κινούμενο με 179 χιλιόμετρα την ώρα εκτροχιάζεται σε στροφή με όριο ταχύτητας 80 χλμ/ω λίγη ώρα πριν από την άφιξή του στο Σαντιάγο ντε Κομποστέλα και στην συνέχεια προσκρούει σε τοίχο. Συνολικά, 80 άνθρωποι βρίσκουν τον θάνατο και 140 τραυματίζονται στο μεγαλύτερο σιδηροδρομικό δυστύχημα στην Ισπανία από το 1944. Τριάντα τρεις Γερμανοί συνταξιούχοι έχασαν την ζωή τους σε λεωφορείο που συγκρούστηκε με τρένο στο ύψος της τουριστικής πόλης Σοφιόκ στις όχθες της λίμνης Μπάλατον της δυτικής Ουγγαρίας. Ο οδηγός του λεωφορείου παραβίασε τον κόκκινο σηματοδότη αφύλακτης διάβασης. Σαράντα πέντε άνθρωποι σκοτώθηκαν στις 12 Οκτωβρίου σε σύγκρουση ανάμεσα σε τρένο και λεωφορείο στο Μάγκαντς στην κεντροανατολική Ουκρανία. Οι ουκρανικές αρχές κατηγόρησαν τον οδηγό του λεωφορείου ότι πέρασε από σιδηροδρομική διάβαση αγνοώντας το κόκκινο φως και τις κραυγές των επιβατών. Τουλάχιστον 47 άνθρωποι έχασαν τη ζωή τους και 234 τραυματίζονται στις 2 Ιανουαρίου κατά τον εκτροχιασμό τρένου σε απόσταση 15 χιλιομέτρων από την Ποντγκόριτσα. Ο μηχανοδηγός δεν ενεργοποίησε το σύστημα πέδησης. Στις 22 Ιουλίου, ο εκτροχιασμός τρένου κοντά στην Παμούκοβα στην επαρχία της Σακάρια της βορειοδυτικής Τουρκίας προκάλεσε τον θάνατο 41 ανθρώπων και τον τραυματισμό 80. Είναι το σοβαρότερο σιδηροδρομικό δυστύχημα στην Τουρκία την τελευταία 50ετία. Στις 3 Ιουνίου, 101 άνθρωποι σκοτώθηκαν και 88 τραυματίστηκαν στο Έσεντε της βόρειας Γερμανίας, όταν εκτροχιάστηκε το InterCity Express (ICE). Πρόκειται για την πιο πολύνεκρη σιδηροδρομική καταστροφή στην Γερμανία μετά το δυστύχημα με 102 νεκρούς τον Ιούνιο 1945 στο Μόναχο. Με πληροφορίες από AFP, Guardian, The Conversation ⇒  2013: 80 νεκροί στην Ισπανία 2013: 33 νεκροί στην Ουγγαρία 2010: 45 νεκροί στην Ουκρανία 2006: 47 νεκροί στο Μαυροβούνιο 2004: 41 νεκροί στην Τουρκία 1998: 101 νεκροί στην Γερμανία Η κατά μέτωπο σύγκρουση τρένων στην Ιταλία Τα δυστυχήματα στη Βρετανία Άλλα φονικά δυστυχήματα στην Ευρώπη",Newsroom,kathimerini.gr,2023-03-01,Διεθνή
https://www.kathimerini.gr/politics/562301026/androylakis-gia-tragodia-sta-tempi-sti-skepsi-olon-mas-yparchei-ena-terastio-giati/,Ανδρουλάκης για τραγωδία στα Τέμπη: Στη σκέψη όλων μας υπάρχει ένα τεράστιο «γιατί»,"Ανδρουλάκης για τραγωδία στα Τέμπη: Στη σκέψη όλων μας υπάρχει ένα τεράστιο «γιατί» Ο κ. Ανδρουλάκης επισκέφτηκε τον τόπο της τραγωδίας και ενημερώθηκε για το δυστύχημα από τους υπεύθυνους του Πυροσβεστικού Σώματος  Τον τόπο της τραγωδίας στα Τέμπη επισκέφτηκε ο πρόεδρος του ΠΑΣΟΚ- Κινήματος Αλλαγής Νίκος Ανδρουλάκης, ο οποίος επέστρεψε από τις Βρυξέλλες μέσω Θεσσαλονίκης. Ο κ. Ανδρουλάκης ενημερώθηκε για το δυστύχημα από τους υπεύθυνους του Πυροσβεστικού Σώματος και δήλωσε στους δημοσιογράφους: «Τα θερμά μου συλλυπητήρια στις οικογένειες των θυμάτων, που έχασαν με τόσο άδικο τρόπο τη ζωή τους, και να ευχηθώ γρήγορη ανάρρωση στους τραυματίες. Η πατρίδα μας βιώνει μία ανείπωτη τραγωδία και στη σκέψη όλων μας υπάρχει ένα τεράστιο «γιατί». Γιατί, ενώ υπάρχουν οι τεχνικές δυνατότητες τώρα και πολλά χρόνια, να κρέμονται τόσες ζωές σε ένα ανθρώπινο χέρι;». Αμέσως μετά ο κ. Ανδρουλάκης αναχώρησε για το Γενικό Νοσοκομείο της Λάρισας. Τον πρόεδρο του ΠΑΣΟΚ- Κινήματος Αλλαγής συνόδευαν ο γραμματέας της Κεντρικής Επιτροπής του κόμματος Ανδρέας Σπυρόπουλος, η γραμματέας της Κοινοβουλευτικής Ομάδας Ευαγγελία Λιακούλη και ο υπεύθυνος του τομέα υποδομών και μεταφορών Χρήστος Γκόγκας. Πηγή: ΑΠΕ-ΜΠΕ ⇒  ",Newsroom,kathimerini.gr,2023-03-01,Πολιτική
https://www.kathimerini.gr/society/562301371/tempi-lathi-kai-paraleipseis-piso-apo-tin-ethniki-tragodia/,Τέμπη: Λάθη και παραλείψεις πίσω από την εθνική τραγωδία,"Τέμπη: Λάθη και παραλείψεις πίσω από την εθνική τραγωδία Μεγαλώνει η λίστα των θυμάτων και πυκνώνουν τα ερωτήματα πάνω από τα συντρίμμια του δυστυχήματος στα Τέμπη - Η απολογία του σταθμάρχη Λάρισας και οι αναφορές για ελλιπή συστήματα και ανολοκλήρωτα έργα  Μία άνευ προηγουμένου τραγωδία εξελίσσεται στη χώρα από το βράδυ της Τρίτης, 28 Φεβρουαρίου. Στις 23:21, δύο τρένα, ένα επιβατικό και ένα εμπορικό, συγκρούστηκαν στα Τέμπη, προκαλώντας ένα γεγονός ανείπωτης οδύνης. Οι αρχές έδωσαν τιτάνια μάχη για να απεγκλωβίσουν τους επιβαίνοντες, ωστόσο η σύγκρουση ήταν σφοδρή, η καταστροφή τεράστια. Σύμφωνα με τις τελευταίες πληροφορίες, οι νεκροί ανέρχονται σε 42. Οι κηδείες των θυμάτων θα τελεστούν δημοσία δαπάνη, ενώ κηρύχθηκε τριήμερο εθνικό πένθος. Στα νοσοκομεία της Λάρισας και της Θεσσαλονίκης εκτυλίχθηκαν σκηνές αλλοφροσύνης, με ανθρώπους να αναζητούν αγωνιωδώς τους συγγενείς τους που αγνοούνται. Πολλοί ήταν όσοι έδωσαν δείγμα DNA προκειμένου να γίνει η αναγνώριση πτωμάτων που είχαν απανθρακωθεί. Μέχρι το βράδυ της Τετάρτης, από τους 72 νοσηλευόμενους επιβάτες, 15 πήραν εξιτήριο, ενώ 57 επιβάτες παρέμεναν για νοσηλεία. Οι έξι βρίσκονται σε ΜΕΘ. Σύμφωνα με πληροφορίες, ο σταθμάρχης Λάρισας προχώρησε σε πλήρη ομολογία. Ο συλληφθείς όχι μόνον παραδέχθηκε ότι έβαλε τη μοιραία αμαξοστοιχία σε λάθος τροχιά, πρόσθεσε ότι κατάλαβε το εγκληματικό λάθος μόλις πληροφορήθηκε για το τραγικό δυστύχημα. Τότε, όπως ανέφερε απολογούμενος, αντιλήφθηκε τις συνέπειες των όσων είχε κάνει, δρομολογώντας την επιβατική αμαξοστοιχία σε λάθος ράγες. Συγκλονιστικές ήταν οι στιγμές που βίωσαν οι διασώστες: «Όταν φθάσαμε, είδαμε ανθρώπους του ΕΚΑΒ να βγάζουν τραυματίες. Αυτό που αντικρίσαμε δεν λέγεται. Βομβαρδισμένο τοπίο» περιέγραψε ο Γ. Ξανθόπουλος. Και πρόσθεσε: «Συνεχώς εντοπίζονταν σοροί. Σώματα, σίδερα, πλαστικά, καρέκλες, τσάντες, όλα ένα κουβάρι. Είναι η χειρότερη αποστολή που έχω συμμετάσχει. Υπήρχαν πολλά νέα παιδιά. Νιώσαμε ότι βγάζουμε τα παιδιά μας». Στη δημοσιότητα δόθηκε βίντεο από τη στιγμή της σύγκρουσης των δύο τρένων, ενώ η είδηση έκανε τον γύρο του κόσμου και για μεγάλο διάστημα κυριάρχησε στα μεγαλύτερα διεθνή ΜΜΕ. «Το βασικό πρόβλημα στη συγκεκριμένη γραμμή Αθήνας- Θεσσαλονίκης είναι πως δεν λειτουργεί η σηματοδότηση και η τηλεδιοίκηση, τα βασικά μέσα ασφαλείας δηλαδή που προστατεύουν τα τρένα από ατυχήματα. Στην ουσία, αυτή η νευραλγική σιδηροδρομική γραμμή για τη χώρα, όσον αφορά στο κομμάτι της ασφάλειας και προστασίας της, εν έτει 2023, κρίνεται μόνο από τον ανθρώπινο παράγοντα. Τα τρένα μας λειτουργούν με τον ίδιο τρόπο που λειτουργούσαν πριν από 30 χρόνια. Για να σας το πω μεταφορικά, είναι σαν να έχουμε μια λακκούβα μπροστά από το σπίτι μας. Ξέρουμε που βρίσκεται και την αποφεύγουμε πάντα, αλλά κάποια στιγμή πέφτουμε μέσα. Αυτό συνέβη και σε αυτή την περίπτωση», δήλωσε στην «Κ» με αφορμή την τραγωδία στα Τέμπη ο Βασίλης Ζαβογιάννης, εκπρόσωπος των εργαζομένων στο ΔΣ της ΤΡΑΙΝΟΣΕ. Τα συστήματα τηλεδιοίκησης και φωτοσήμανσης δεν λειτουργούν, όχι κατ’ εξαίρεση, αλλά λόγω των διαχρονικών καθυστερήσεων στην αναβάθμιση των συστημάτων ασφαλείας. Η πρόεδρος της Ρυθμιστικής Αρχής Σιδηροδρόμων, Ιωάννα Τσιαπαρίκου, έκανε λόγο στην «Κ» για «εργολαβίες που έπρεπε να είχαν ολοκληρωθεί. Το σύστημα είναι αυτή τη στιγμή χειροκίνητο, επομένως ελλοχεύει ο κίνδυνος ανθρώπινου λάθους». Για τραγωδία που οφείλεται σε ανθρώπινο λάθος είχε κάνει λόγο ο πρόεδρος του Σωματείου Εργαζομένων ΟΣΕ, Νίκος Τσικαλάκης. Σημείωσε, μεταξύ άλλων, ότι είναι πολύ νωρίς για την πλήρη εικόνα, υπογραμμίζοντας ωστόσο ότι «η πρώτη εκτίμηση δείχνει ότι η τραγωδία οφείλεται σε ανθρώπινο λάθος». Το μεσημέρι της Τετάρτης, παραιτήθηκε ο υπουργός Μεταφορών Κώστας Αχ. Καραμανλής. «Είναι γεγονός ότι παραλάβαμε τον ελληνικό σιδηρόδρομο σε κατάσταση που δεν ταιριάζει στον 21ο αιώνα. Σε αυτά τα 3,5 χρόνια, κάναμε κάθε προσπάθεια για να βελτιώσουμε αυτή την πραγματικότητα. Δυστυχώς, οι προσπάθειες αυτές δεν ήταν αρκετές για να αποτρέψουν ένα τέτοιο δυστύχημα. Κι αυτό είναι πολύ βαρύ για όλους μας και για εμένα προσωπικά», τόνισε και πρόσθεσε: «Όταν συμβαίνει κάτι τόσο τραγικό, δεν είναι δυνατόν να συνεχίζουμε σαν να μην συνέβη. Είμαι λίγα χρόνια στην πολιτική, αλλά θεωρώ απαραίτητο στοιχείο της Δημοκρατίας μας οι πολίτες της χώρας μας να εμπιστεύονται το πολιτικό σύστημα. Αυτό λέγεται πολιτική ευθύνη». «Γι’ αυτό το λόγο, δηλώνω την παραίτησή μου από τη θέση του Υπουργού Υποδομών και Μεταφορών. Είναι αυτό που νιώθω καθήκον μου να πράξω ως ελάχιστη ένδειξη σεβασμού στη μνήμη των ανθρώπων που έφυγαν τόσο άδικα και αναλαμβάνοντας την ευθύνη για τα διαχρονικά λάθη του ελληνικού κράτους και του πολιτικού συστήματος», συμπλήρωσε. Από την πλευρά του, ο πρωθυπουργός Κυριάκος Μητσοτάκης, αφού επισκέφτηκε το σημείο της τραγωδίας, σε δήλωση του δεσμεύθηκε ότι οι ευθύνες θα αποδοθούν, αναφέροντας παράλληλα ότι θα συσταθεί ανεξάρτητη και υπερκομματική επιτροπής εμπειρογνωμόνων. Ανακοίνωσε ότι ο υπουργός Επικρατείας Γιώργος Γεραπετρίτης αναλαμβάνει μεταβατικός υπουργός Μεταφορών και επισήμανε ότι «όλα δείχνουν πως το δράμα οφείλεται, δυστυχώς, κυρίως σε τραγικό ανθρώπινο λάθος». Την αναστολή όλων των σιδηροδρομικών δρομολογίων που ήταν προγραμματισμένα για την Πέμπτη, ανακοίνωσε η Hellenic Train, λόγω απεργίας που προκήρυξε η Πανελλήνια Ομοσπονδία Σιδηροδρομικών. Τη συλλυπητήρια τους προς την Ελλάδα εξέφρασαν μία σειρά από ξένους ηγέτες.  Τραγωδία στα Τέμπη: Συγκλονίζουν οι μαρτυρίες των συγγενών των θυμάτων Τραγωδία στα Τέμπη – Μαρτυρίες επιβατών στην «Κ»: «Ήταν μερικά δευτερόλεπτα που μου φάνηκαν αιώνας» Eπεισόδια έξω από τα γραφεία της Hellenic Train Τραγωδία στα Τέμπη: «Νιώσαμε ότι βγάζουμε τα παιδιά μας» λένε διασώστες στην «Κ» Τραγωδία στα Τέμπη: Μηνύματα συμπαράστασης από ξένους ηγέτες Τραγωδία στα Τέμπη: Αγνοούμενοι και δύο Κύπριοι πολίτες Σύγκρουση τρένων στα Τέμπη: «Οι οδηγοί στο συγκεκριμένο σημείο κινούνται στα τυφλά» Τσίπρας από Τέμπη: Αδιανόητη τραγωδία – Δεν θα μιλήσω τώρα για ευθύνες Σύγκρουση τρένων στα Τέμπη: Τι κατηγορίες αντιμετωπίζει ο σταθμάρχης Λάρισας Σύγκρουση τρένων στα Τέμπη: Ουρές για αιμοδοσία στη Λάρισα Τραγωδία στα Τέμπη: Δύσκολη η κατάσταση στα νοσοκομεία της Λάρισας – Ξεκίνησε η διαδικασία αναγνώρισης των σορών Μητσοτάκης από Τέμπη: Ένα πράγμα μπορώ να εγγυηθώ, θα μάθουμε τα αίτια της τραγωδίας Τραγωδία στα Τέμπη: «Επί 45 ολόκληρα λεπτά έψαχναν να βρουν σε ποιο κομμάτι της διαδρομής βρίσκεται το τρένο» Τι υποστήριξε στην απολογία του ο σταθμάρχης Ο τρόμος στο σημείο του δυστυχήματος Λειτουργούν όπως πριν από 30 χρόνια Η παραίτηση και η υπόσχεση",Newsroom,kathimerini.gr,2023-03-01,Ελλάδα / Κοινωνία
https://www.kathimerini.gr/society/562300879/tragodia-sta-tempi-o-ntogiakos-zita-tin-epispeysi-ton-anakriseon/,Τραγωδία στα Τέμπη: Ο Ντογιάκος ζητά την επίσπευση των ανακρίσεων,"Τραγωδία στα Τέμπη: Ο Ντογιάκος ζητά την επίσπευση των ανακρίσεων Την επίσπευση των ανακρίσεων για την υπόθεση της πολύνεκρης σύγκρουσης αμαξοστοιχιών έξω από τα Τέμπη, ζητά με επιστολή του προς τον εισαγγελέα Εφετών Λάρισας ο Εισαγγελέας του Αρείου Πάγου Ισίδωρος Ντογιάκος.  Την επίσπευση των ανακρίσεων για την υπόθεση της πολύνεκρης σύγκρουσης αμαξοστοιχιών έξω από τα Τέμπη, ζητά με επιστολή του προς τον εισαγγελέα Εφετών Λάρισας ο Εισαγγελέας του Αρείου Πάγου Ισίδωρος Ντογιάκος. «Με αφορμή το συμβάν της σύγκρουσης τρένων στα Τέμπη την 28-02-2023 (βλ. συνημμένα δημοσιεύματα), παρακαλούμε για τις δικές σας ενέργειες, στο πλαίσιο της εκ του άρθρου 32 ΚΠΔ αρμοδιότητάς σας ως προς την εποπτεία του ανακριτικού έργου, προς την κατεύθυνση της επίσπευσης της ανάκρισης στη συγκεκριμένη υπόθεση. Επίσης να μας ενημερώσετε με αιτιολογημένη αναφορά σας αν συντρέχει περίπτωση εφαρμογής του τελευταίου εδαφίου του άρθρου 32 ΚΠΔ», σημειώνει ο Εισαγγελέας Ντογιάκος. Το πρωί, ο Εισαγγελέας του Αρείου Πάγου ανέθεσε την εποπτεία του συνόλου της προανάκρισης για την τραγωδία των Τεμπών στον προϊστάμενο της Εισαγγελίας Εφετών Λάρισας Σταμάτη Δασκαλόπουλο. ⇒  ",Newsroom,kathimerini.gr,2023-03-01,Ελλάδα / Κοινωνία
https://www.kathimerini.gr/politics/foreign-policy/562301113/tragodia-sta-tempi-ti-symparastasi-toys-stin-ellada-ekfrazoyn-xenoi-igetes/,Τραγωδία στα Τέμπη: Μηνύματα συμπαράστασης από ξένους ηγέτες,"Τραγωδία στα Τέμπη: Μηνύματα συμπαράστασης από ξένους ηγέτες Μηνύματα συμπαράστασης, αλληλεγγύης και στήριξης έχουν στείλει δεκάδες ηγέτες από όλες τις γωνίες του κόσμου - Στις πρώτες σελίδες του ξένου Τύπου το δυστύχημα.  Τη συλλυπητήρια τους προς την Ελλάδα, για τη σιδηροδρομική τραγωδία στα Τέμπη, εκφράζουν ξένοι ηγέτες. Από την πολύνεκρη σύγκρουση τρένων σκοτώθηκαν τουλάχιστον 36 άνθρωποι και εκφράζονται φόβοι ότι ο τελικός απολογισμός θα είναι μεγαλύτερος. Μεταξύ των ηγετών που εξέφρασαν τη συμπαράστασή τους είναι ο Τούρκος πρόεδρος Ρετζέπ Ταγίπ Ερντογάν, ο πρόεδρος της Κίνα Σι Τσινπίνγκ και ο Γάλλος πρόεδρος Εμανουέλ Μακρόν Ο πρόεδρος της Τουρκίας Ρετζέπ Ταγίπ Ερντογάν έστειλε συλλυπητήριο μήνυμα στην Πρόεδρο της Δημοκρατίας Κατερίνα Σακελλαροπούλου και στον πρωθυπουργό Κυριάκο Μητσοτάκη. Όπως γνωστοποιεί η τουρκική πρεσβεία στην Ελλάδα, ο Πρόεδρος Ερντογάν στο μήνυμα του εξέφρασε τη βαθιά λύπη του σχετικά με το σιδηροδρομικό δυστύχημα, εξέφρασε τα συλλυπητήρια του για όσους έχασαν τη ζωή τους στο δυστύχημα και ευχήθηκε καλή ανάρρωση στους τραυματίες. Επίσης, σε άλλη ανάρτηση παραθέτει την ανακοίνωση του τουρκικού υπουργείου Εξωτερικών για το σιδηροδρομικό δυστύχημα. «Με θλίψη πληροφορηθήκαμε το δυστύχημα με τη σύγκρουση τρένων που συνέβη χθες τη νύχτα στη γείτονα μας Ελλάδα, κατά το οποίο αρκετοί άνθρωποι έχασαν την ζωή τους και άλλοι τραυματίστηκαν. Εκφράζουμε τα συλλυπητήρια μας στους οικείους όσων έχασαν την ζωή τους σε αυτό το τραγικό δυστύχημα, στον ελληνικό λαό και στην ελληνική κυβέρνηση και ευχόμαστε καλή ανάρρωση στους τραυματίες». Τη λύπη του για το τραγικό σιδηροδρομικό δυστύχημα στα Τέμπη, εξέφρασε και ο πρωθυπουργός της Αλβανίας Έντι Ράμα, με ανάρτησή του στο Twitter. «Νιώθουμε τον πόνο των αγαπημένων μας γειτόνων σε μια τόσο δύσκολη ώρα για το έθνος τους και συμμετέχουμε μαζί τους στις προσευχές και στα συλλυπητήριά στις οικογένειες των θυμάτων», γράφει ο Αλβανός πρωθυπουργός. Ο Έντι Ράμα εξέφρασε τηλεφωνικά προς τον υπουργό Εξωτερικών Νίκο Δένδια ειλικρινή συλλυπητήρια για το σιδηροδρομικό δυστύχημα στα Τέμπη. Από την πλευρά του, ο Νίκος Δένδιας ευχαρίστησε τον Αλβανό πρωθυπουργό για την έκφραση αλληλεγγύης απέναντι σε αυτή την τραγωδία. Ο πρόεδρος της Κίνας Σι Τζινπίνγκ έστειλε στην Πρόεδρο της Δημοκρατίας Κατερίνα Σακελλαροπούλου μήνυμα, εκφράζοντας ειλικρινή συλλυπητήρια για τα θύματα, συμπαράσταση στις οικογένειες που πενθούν και ευχές για ταχεία ανάρρωση στους τραυματίες. Σε αντίστοιχη ανάρτηση, ο πρεσβευτής της Κίνας στην Ελλάδα Σιάο Τζουντσένγκ δηλώνει σοκαρισμένος και λυπημένος για το μεγάλο σιδηροδρομικό δυστύχημα που συνέβη στα Τέμπη κοντά στη Λάρισα, χθες το βράδυ. Εκ μέρους της κινεζικής πρεσβείας στην Ελλάδα, ο Κινέζος πρέσβης εκφράζει τα βαθύτατα συλλυπητήρια του για τους νεκρούς και εύχεται κουράγιο στους τραυματίες και τις οικογένειές τους. Σε ξεχωριστή ανάρτηση η κινεζική πρεσβεία εκφράζει ειλικρινή συλλυπητήρια και εύχεται κουράγιο στους συγγενείς και οικείους των θυμάτων από την τραγική σύγκρουση τρένων στα Τέμπη. «Ευχόμαστε από καρδιάς ταχεία ανάρρωση στους τραυματίες» σημειώνει επιπροσθέτως. «Θρηνούμε με τους Έλληνες φίλους μας και η σκέψη μας βρίσκεται στα θύματα και τις οικογένειές τους», έγραψε στο Twitter ο καγκελάριος Όλαφ Σολτς, αναφερόμενος σε «τρομακτικά νέα που έρχονται από το τραγικό σιδηροδρομικό δυστύχημα στην Ελλάδα». «Ευχόμαστε στους φίλους Έλληνες καλή δύναμη σε αυτές τις δύσκολες ώρες», καταλήγει ο κ. Σολτς. Τα συλλυπητήριά του για τη σιδηροδρομική τραγωδία εξέφρασε, επίσης με ανάρτησή του στο Twitter, ο υφυπουργός Στέγασης, Αστικής Ανάπτυξης και Κτιρίων Σέρεν Μπάρτολ, ο οποίος είναι και ο εντεταλμένος του καγκελάριου στην Ελληνογερμανική Συνέλευση. «Είμαι σοκαρισμένος από τα τρομακτικά γεγονότα. Οι σκέψεις μου βρίσκονται στους νεκρούς, στις οικογένειές τους, στους τραυματίες και στον ελληνικό λαό, στους οποίους εκφράζω τα βαθύτατα συλλυπητήριά μας», αναφέρει ο κ. Μπάρτολ στο μήνυμά του και συνοδεύει την ανάρτησή του από φωτογραφία ελληνικής σημαίας η οποία κυματίζει μεσίστια. Την θλίψη αλλά και την αλληλεγγύη της Γαλλίας διατύπωσε με αφορμή το τραγικό σιδηροδρομικό δυστύχημα στα Τέμπη ο Γάλλος Πρόεδρος Εμανουέλ Μακρόν. Σε ανακοίνωση που εξέδωσε το Ελιζέ ο Μακρόν αναφέρει ότι «η σκέψη μου είναι στους οικείους του τραγικού δυστυχήματος» και ότι «η Γαλλία βρίσκεται στο πλευρό των Ελλήνων». Σε ανακοινωθέν της ιταλικής προεδρίας της κυβέρνησης υπογραμμίζεται ότι «η Ιταλίδα πρωθυπουργός Τζόρτζια Μελόνι θέλει να εκφράσει στον ελληνικό λαό και στην κυβέρνηση της Αθήνας την βαθιά της θλίψη και συγκίνηση για το τρομερό σιδηροδρομικό ατύχημα της περασμένης νύχτας» «Από την ιταλική κυβέρνηση, θερμά συλλυπητήρια στις οικογένειες των θυμάτων και η ευχή να αναρρώσουν γρήγορα όλοι οι τραυματίες», καταλήγει το ανακοινωθέν. Εκφράζω συγκλονισμό και βαθύτατη θλίψη για την τραγωδία που επισυνέβη στην Ελλάδα με τη σύγκρουση των αμαξοστοιχιών που είχε ως αποτέλεσμα τον θάνατο δεκάδων ανθρώπων, αναφέρει σε γραπτή δήλωσή του ο Πρόεδρος της Κυπριακής Δημοκρατίας Νίκος Χριστοδουλίδης. Στην ίδια δήλωση ο κος Χριστοδουλίδης σημειώνει: Εκφράζω τα ειλικρινή μου συλλυπητήρια προς τις οικογένειες των θυμάτων, τον ελληνικό λαό και την κυβέρνηση της χώρας. ⇒  Συλλυπητήριο μήνυμα Ερντογάν σε Σακελλαροπούλου και Μητσοτάκη Έντι Ράμα: Νιώθουμε τον πόνο των αγαπημένων γειτόνων μας Συλλυπητήριο μήνυμα προέδρου της Κίνας Μήνυμα συμπαράστασης και συλλυπητήρια προς την Ελλάδα από τον Σολτς Μακρόν: Η Γαλλία βρίσκεται στο πλευρό των Ελλήνων Μελόνι: Θλίψη και συγκίνηση για το τρομερό σιδηροδρομικό ατύχημα στην Ελλάδα Συλλυπητήρια Ν. Χριστοδουλίδη προς τις οικογένειες των θυμάτων ",Newsroom,kathimerini.gr,2023-03-01,Πολιτική
https://www.kathimerini.gr/society/562300771/sygkroysi-trenon-sta-tempi-oi-odigoi-sto-sygkekrimeno-simeio-kinoyntai-sta-tyfla/,Σύγκρουση τρένων στα Τέμπη: «Οι οδηγοί στο συγκεκριμένο σημείο κινούνται στα τυφλά»,"Σύγκρουση τρένων στα Τέμπη: «Οι οδηγοί στο συγκεκριμένο σημείο κινούνται στα τυφλά» Πραγματογνώμονας σιδηροδρομικών ατυχημάτων έκανε λόγο για «ανθρώπινο λάθος» και «επικίνδυνη ενέργεια»  Για «ανθρώπινο λάθος» και «επικίνδυνη ενέργεια» έκανε λόγο ο πραγματογνώμονας σιδηροδρομικών ατυχημάτων, Αναστάσιος Δέδες, μιλώντας για την τραγωδία στα Τέμπη. «Είναι ξεκάθαρο ότι πρόκειται για ένα ανθρώπινο λάθος, σε συνδυασμό με τη μη ύπαρξη των συστημάτων», δήλωσε χαρακτηριστικά στην ΕΡΤ. Μιλώντας για το πώς συνέβη η τραγωδία με την σύγκρουση των δύο αμαξοστοιχιών, ο κ. Δέδες ανέφερε: «Το τρένο είχε ξεκινήσει από Αθήνα, έφτασε στη Λάρισα και από εκεί και πέρα άλλαξε γραμμή κατόπιν εντολής του σταθμάρχη προς τον κλειδούχο και πήγε στη γραμμή η οποία ήταν η γραμμή καθόδου. Αυτή η ενέργεια ήταν για μένα εντελώς αψυχολόγητη, λανθασμένη και επικίνδυνη, καθώς δεν υπήρχε έλεγχος από τον μηχανοδηγό της κίνησης η οποία υπήρχε στην κάθοδο». Ο ίδιος τόνισε ότι τα αίτια της τραγωδίας θα προκύψουν από τις απομαγνητοφωνήσεις, οι οποίες υπάρχουν και δεν μπορούν να σβηστούν. «Είναι δεδομένο το τρένο ακολουθούσε λανθασμένη διαδρομή είτε από πρόβλημα που υπήρχε στην γραμμή ανόδου λόγω ρεύματος ή λόγω οποιοδήποτε άλλης αιτίας. Το τρένο, τη στιγμή κατά την οποία ξεκίνησε να ανεβαίνει προς τα πάνω, έπρεπε να έχει σήματα στο δρόμο από τα οποία ο μηχανοδηγός να βλέπει εάν η γραμμή είναι ελεύθερη ή όχι». Σύμφωνα με όσα δήλωσε ο πραγματογνώμονας σιδηροδρομικών ατυχημάτων, τα φανάρια ήταν εκτός λειτουργίας, διότι το σύστημα δεν λειτουργούσε. «Το σύστημα φωτοσήμανης δεν είχε αναβαθμιστεί και δεν είχε τεθεί σε λειτουργία, με αποτέλεσμα οι μηχανοδηγοί να βασίζονται στις εντολές των σταθμαρχών και να κινούνται στα τυφλά», σημείωσε. «Υπήρχε τεράστιο ρίσκο. Ο μηχανοδηγός έφυγε, δεν είχε σήμανση μπροστά του και κινείτο στα τυφλά. Το ίδιο και ο αντίθετα ερχόμενος διότι δεν δούλευε ούτε η άλλη πλευρά», δήλωσε χαρακτηριστικά. Ερωτώμενος για την μεγάλη ταχύτητα με την οποία έγινε στην σύγκρουση, επισήμανε ότι το τρένο θέλει πάνω από 250 μ. για να σταματήσει. Με δεδομένο ότι το Intercity πηγαίνει με 160 χλμ., ήταν νύχτα και το άλλο τρένο έβγαινε από το τούνελ με αποτέλεσμα να μην είναι ορατό, ο κ. Δέδες εστίασε για άλλη μια φορά στις ευθύνες των αρμοδίων λέγοντας ότι το δυστύχημα ήταν προδιαγεγραμμένο να γίνει διότι υπήρχε τεράστιο ρίσκο. Καταλήγοντας, σημείωσε πως ο ΟΣΕ είναι υπεύθυνος για τη συντήρηση της γραμμής και την επίλυση τυχόν προβλημάτων, ενώ η Hellenic Train φέρει ευθύνη για τα δρομολόγια. ⇒  «Οι οδηγοί κινούνται στα τυφλά»",Newsroom,kathimerini.gr,2023-03-01,Ελλάδα / Κοινωνία
https://www.kathimerini.gr/society/562299394/atychima-me-amaxostoichia-sto-dromologio-athina-thessaloniki-exo-apo-ta-tempi-anafores-gia-traymaties/,Λάρισα: Σύγκρουση τρένων έξω από τα Τέμπη – 32 νεκροί και 85 τραυματίες,"Λάρισα: Σύγκρουση τρένων έξω από τα Τέμπη – 32 νεκροί και 85 τραυματίες H φωτιά έχει πλέον σβήσει αλλά η επιχείρηση απεγκλωβισμού είναι σε εξέλιξη. Τους επιβάτες που απεγκλωβίζει η πυροσβεστική τους παραλαμβάνει το ΕΚΑΒ.   Σύγκρουση τρένων σημειώθηκε το βράδυ της Τρίτης λίγο έξω από τα Τέμπη και τουλάχιστον 32 άνθρωποι έχουν χάσει τη ζωή τους. Σε εξέλιξη βρίσκεται η διαδικασία απεγκλωβισμού και άλλων επιβατών. Τουλάχιστον 85 είναι οι τραυματίες ενώ οι έλεγχοι δεν έχουν ολοκληρωθεί σε όλα τα βαγόνια. Εκφράζονται φόβοι για περισσότερους νεκρούς. Σε νοσοκομεία παραμένουν για νοσηλεία οι 53, ενώ οι υπόλοιποι έχουν αποχωρήσει. Σύμφωνα με την τελευταία ενημέρωση της Πυροσβεστικής και της Αστυνομίας (07:25 π.μ.), οι προσπάθειες έρευνας και απεγκλωβισμού έχουν επικεντρωθεί στα δύο πρώτα βαγόνια που έχουν ανασηκωθεί με γερανούς. Η εκπρόσωπος Τύπου της ΕΛ.ΑΣ. Κωνσταντία Δημογλίδου ανέφερε ότι οι συγγενείς των επιβατών της αμαξοστοιχίας που εκτελούσε το δρομολόγιο Αθήνα – Θεσσαλονίκη μπορούν να καλούν στα τηλέφωνα 2410683175 και 2410683176 της Διεύθυνσης αστυνομίας Λάρισας, προκειμένου να πάρουν πληροφορίες για τους επιβάτες που μετακινήθηκαν με ασφάλεια στη Θεσσαλονίκη και για αυτούς έχουν μεταφερθεί στα νοσοκομεία. Οπως ανέφερε η εκπρόσωπος της Αστυνομίας, έχει ξεκινήσει η διαδικασία αναγνώρισης και ταυτοποίησης θυμάτων στο νοσοκομείο Λάρισας. Από τη σύγκρουση των δύο αμαξοστοιχιών, ενός φορτηγού τρένου και μιας επιβατικής αμαξοστοιχίας, προκλήθηκε και πυρκαγιά. Σύμφωνα με αξιωματικό της πυροσβεστικής, η φωτιά έχει πλέον σβήσει αλλά η επιχείρηση απεγκλωβισμού είναι σε εξέλιξη. Τους επιβάτες που απεγκλωβίζει η πυροσβεστική τους παραλαμβάνει το ΕΚΑΒ. Η σύγκρουση σημειώθηκε λίγο πριν από τα μεσάνυχτα της Τρίτης, υπό αδιευκρίνιστες μέχρι στιγμής συνθήκες. H επιβατική αμαξοστοιχία εκτελούσε το δρομολόγιο Αθήνα – Θεσσαλονίκη. Οι προσπάθειες των πυροσβεστικών δυνάμεων αυτή τη στιγμή επικεντρώνονται στα δύο πρώτα βαγόνια της επιβατικής αμαξοστοιχίας τα οποία έχουν ανατραπεί και εκεί παρουσιάζεται μεγαλύτερη δυσκολία απεγκλωβισμού. Η επιχείρηση απεγκλωβισμού και διάσωσης συνεχίζεται από τις δυνάμεις του Πυροσβεστικού Σώματος με συνολικά 150 πυροσβέστες και με 40 ασθενοφόρα του Εθνικού Κέντρου Άμεσης Βοήθειας. Το έργο τους συνδράμουν 32 αστυνομικοί με 15 περιπολικά. Η επιχείρηση των πυροσβεστών στα συγκεκριμένα βαγόνια γίνεται με τη βοήθεια τεσσάρων ειδικών γερανοφόρων οχημάτων που θα ανασηκώσουν τους συρμούς. Οπως ανέφερε ο εκπρόσωπος Τύπου του Πυροσβεστικού Σώματος, πύραρχος Βασίλης Βαθρακογιάννης, οι επιβάτες που είναι καλά στην υγεία τους μεταφέρθηκαν με λεωφορεία στη Θεσσαλονίκη. «Τα βαγόνια 1 και 2 δεν υπάρχουν. Λόγω της σφοδρότητας της σύγκρουσης εκτινάχθηκαν», δήλωσε στην ΕΡΤ ο Περιφερειάρχης Θεσσαλίας, Κώστας Αγοραστός. Για ένα τραγικό δυστύχημα έκανε λόγο ο υφυπουργός Μεταφορών, Μιχάλης Παπαδόπουλος. Στο Αστυνομικό Τμήμα Λάρισας οδηγήθηκε ο σταθμάρχης βάρδιας του ΟΣΕ Λαρίσης, στη βάρδια του οποίου συνέβη το πολύνεκρο δυστύχημα. Σε εξέλιξη επιχείρηση κατάσβεσης πυρκαγιάς και απεγκλωβισμού ατόμων από αμαξοστοιχία πλησίον της περιοχής Ευαγγελισμός Λάρισας. Επιχειρούν 40 πυροσβέστες με 17 οχήματα. — Πυροσβεστικό Σώμα (@pyrosvestiki) February 28, 2023  Επιβάτες που βγήκαν σώοι από την αμαξοστοιχία, μίλησαν για τη στιγμή της σύγκρουσης. «Είχαμε σταματήσει, θα είχαμε μία ώρα καθυστέρηση γιατί ήταν μπροστά άλλο τρένο. Απλά νόμιζα ότι τράκαρε» δήλωσε γυναίκα στην κάμερα τοπικού μέσου. «Ακούστηκε ένα μπαμ (…) το τρένο ήταν μισογεμάτο, βασικά γεμάτο» είπε άλλος επιβάτης. Παράλληλα, όπως είπε ο κ. Βαθρακογιάννης, η ελληνική αστυνομία με τον ιατροδικαστή έχει ξεκινήσει τη διαδικασία αναγνώρισης και ταυτοποίησης στο γενικό νοσοκομείο Λάρισας όπου μεταφέρονται οι σοροί. Στο νοσοκομείο βρίσκονται αξιωματικοί της αστυνομίας μαζί με ειδικούς ψυχολόγους προκειμένου να συνδράμουν στη διαδικασία και να υποστηρίξουν με κάθε τρόπο τους συγγενείς των θυμάτων. Ο υπουργός Κλιματικής Κρίσης και Πολιτικής Προστασίας Χρήστος Στυλιανίδης βρίσκεται από την πρώτη στιγμή στο Ενιαίο Συντονιστικό Κέντρο Διαχείρισης Κρίσεων στην Πολιτική Προστασία, μαζί με τον υφυπουργό Ευάγγελο Τουρνά, τον υφυπουργό παρά τω πρωθυπουργώ, Γιάννη Μπρατάκο και τον Αρχηγό του Πυροσβεστικού Σώματος Γιώργο Πουρναρά. Στο Κέντρο Επιχειρήσεων της ΕΛΑΣ βρίσκεται ο υπουργός Προστασίας του Πολίτη Τάκης Θεοδωρικάκος με τον Αρχηγό του Σώματος Κωνσταντίνο Σκούμα, ενώ αξιωματικοί της Πυροσβεστικής και της Αστυνομίας βρίσκονται στον τόπο του δυστυχήματος και στα νοσοκομεία προκειμένου να καταγράψουν νεκρούς και τραυματίες. Η 1η Στρατιά και οι μονάδες της Περιοχής Θεσσαλίας ενεργοποιούνται και μπαίνουν σε πρωτόκολλο συναγερμού όπως προβλέπεται σε περίπτωση τέτοιων ατυχημάτων. Τα στρατιωτικά νοσοκομεία Αθήνας και Θεσσαλονίκης είναι σε επιφυλακή. Ο υπουργός υγείας Θάνος Πλεύρης βρίσκεται αυτή τη στιγμή σε νοσοκομεία της περιοχής. Την ώρα της σύγκρουσης, σύμφωνα με στοιχεία που δημοσιοποίησε η εταιρεία Hellenic Train, επέβαιναν περίπου 350 επιβάτες. Σύμφωνα με πληροφορίες όταν ξεκίνησε το ταξίδι της από την Αθήνα η αμαξοστοιχία μετέφερε 430 ανθρώπους και στη Λάρισα αποβιβάστηκαν περίπου 80, ενώ οι υπόλοιποι συνέχισαν τη διαδρομή μέχρι τη σφοδρή σύγκρουση των δύο τρένων. Για το τραγικό δυστύχημα η εταιρεία σε ανακοίνωση της αναφέρει «Στον Ευαγγελισμό σημειώθηκε μετωπική σύγκρουση δύο αμαξοστοιχιών: μιας εμπορευματικής αμαξοστοιχίας και της αμαξοστοιχίας IC 62 που είχε αναχωρήσει από Αθήνα προς Θεσσαλονίκη. Την ώρα της σύγκρουσης επέβαιναν περίπου 350 επιβάτες. Στο σημείο έσπευσαν πυροσβέστες και προσωπικό της Hellenic Train, που συμμετείχαν σε επιχειρήσεις διάσωσης και παροχή βοήθειας στους ταξιδιώτες». Λόγω της σύγκρουσης των δυο αμαξοστοιχιών στον Ευαγγελισμό, σύμφωνα με ενημέρωση της Hellenic Train, δεν θα πραγματοποιηθούν όλα τα δρομολόγια σε: ⇒   Αθήνα- Θεσσαλονίκη  Θεσσαλονίκη – Αθήνα  Αθήνα -Καλαμπάκα  Καλαμπάκα -Αθήνα  Αθήνα – Λειανοκλάδι  Λειανοκλάδι – Αθήνα  Θεσσαλονίκη – Λάρισα  Λάρισα-Θεσσαλονίκη  Παλαιοφάρσαλος – Καλαμπάκα  Καλαμπάκα – Παλαιοφάρσαλος  Βόλος – Λάρισα  Λάρισα – Βόλος  Λειανοκλάδι -Στυλίδα  Στυλίδα – Λειανοκλάδι Μαρτυρίες επιβατών Ο κρατικός μηχανισμός έχει τεθεί σε συναγερμό Hellenic Train: Περίπου 350 επιβάτες επέβαιναν στην εμπορική αμαξοστοιχία την ώρα της σύγκρουσης",Newsroom,kathimerini.gr,2023-03-01,Ελλάδα / Κοινωνία
https://www.kathimerini.gr/society/562300852/tempi-to-chroniko-mias-proanaggeltheisas-tragodias/,Τέμπη: Το χρονικό της ανείπωτης τραγωδίας,"Τέμπη: Το χρονικό της ανείπωτης τραγωδίας Η σύμβαση που πέρασε δια πυρός και σιδήρου, τα ανολοκλήρωτα έργα και οι διερευνητές που δεν έχουν κληθεί ακόμα  Λίγο πριν τα μεσάνυχτα της Τρίτης, 28 Φεβρουαρίου, η επιβατική αμαξοστοιχία που πραγματοποιεί το νυχτερινό δρομολόγιο Αθήνα – Θεσσαλονίκη, συγκρούεται μετωπικά με εμπορικό συρμό στην περιοχή των Τεμπών. Οι 350 μισοκοιμισμένοι επιβάτες, ανάμεσά τους πολλοί φοιτητές, ξυπνάνε από το απότομο φρενάρισμα και τον εκκωφαντικό ήχο της πρόσκρουσης. Σύντομα τα πρώτα βαγόνια τυλίγονται στις φλόγες. Κάποιοι καταφέρνουν να βγουν από τους εκτροχιασμένους συρμούς, σπάζοντας τα τζάμια. Ακολουθεί πανικός. «Υπήρξε στην αρχή καθυστέρηση 20 λεπτά με μισή ώρα. Μετά μας λέει ο οδηγός για καθυστέρηση μίας ώρας […] λέει ότι υπάρχει σύγχυση στις γραμμές. Ακούμε δύο κοπέλες – δεν γνωρίζω πώς λέγονται οι βοηθοί – να λένε: πού είναι ο προϊστάμενος; Είναι πίσω; Και σε ένα λεπτό, μπαμ», δήλωσε ένας εκ των διασωθέντων που καθόταν στο τέταρτο βαγόνι. «Ήταν 10 δευτερόλεπτα εφιαλτικά, με φωτιές». Άλλος επιβάτης αναφέρει φτάνοντας στη Θεσσαλονίκη ότι όταν το τρένο είχε σταματήσει με καθυστέρηση στο Παλαιοφάρσαλο, άκουσε τον μηχανοδηγό να λέει στον υπεύθυνο εισιτηρίων: «πάμε και όπου βγει». Στην ερώτηση, ποιος ήταν ο λόγος της καθυστέρησης, ο νεαρός άνδρας απάντησε ότι τους καθυστέρησαν λόγω φόρτου κίνησης των γραμμών. Σχολιάζοντας τη δήλωση αυτή, ο πρώην πρόεδρος της Πανελλήνιας Ομοσπονδίας Σιδηροδρομικών και γενικός γραμματέας της ΓΣΕΕ, Νικόλαος Κιουτσούκης είπε ότι οι συνάδελφοι πιθανώς αναφέρονταν στο καλώδιο ρεύματος που είχε κοπεί, και το οποίο μπορεί να προκαλέσει τη διακοπή της κίνησης της αμαξοστοιχίας. «Η έκφραση μάλλον αναφερόταν στο αν θα υπάρχει ρεύμα για να κινηθεί η αμαξοστοιχία», σημείωσε. Απολογούμενος ο σταθμάρχης, ο μόνος προς το παρόν, που έχει συλληφθεί, παραδέχθηκε αρχικά το τραγικό λάθος του και το απέδωσε στην «κακιά ώρα», ενώ σε βάρος του έχει σχηματιστεί δικογραφία για βαρύτατα αδικήματα. Σύμφωνα όμως με τις καταγγελίες που βλέπουν από το πρωί της Τετάρτης το φως της δημοσιότητας, συνδικαλιστές και γνώστες των σιδηροδρομικών μεταφορών, υποστηρίζουν ότι το ανθρώπινο λάθος θα μπορούσε να αποφευχθεί. Τα συστήματα τηλεδιοίκησης και φωτοσήμανσης δεν λειτουργούν, όχι κατ’ εξαίρεση, αλλά λόγω των διαχρονικών καθυστερήσεων στην αναβάθμιση των συστημάτων ασφαλείας. Η πρόεδρος της Ρυθμιστικής Αρχής Σιδηροδρόμων, Ιωάννα Τσιαπαρίκου, έκανε λόγο στην «Κ» για «εργολαβίες που έπρεπε να είχαν ολοκληρωθεί» και πρόσθεσε: «Το σύστημα είναι αυτή τη στιγμή χειροκίνητο, επομένως ελλοχεύει ο κίνδυνος ανθρώπινου λάθους». Οι διαρκείς επισημάνσεις για την απουσία συστήματος τηλεδιοίκησης αποτυπώνονται στις «Ετήσιες Εκθέσεις Ασφάλειας» της ΡΑΣ. Για την αναβάθμιση των συστημάτων σηματοδότησης – τηλεδιοίκησης σε τμήματα του άξονα Αθήνα – Θεσσαλονίκη υπεγράφη σύμβαση το 2014, με αρχικό κόστος 41 εκ. ευρώ όταν έγινε η ανάθεση, το οποίο αργότερα εκτινάχθηκε, ξεπερνώντας το 50% του αρχικού προϋπολογισμού και φέρνοντας την ΕΡΓΟΣΕ, μετά από έλεγχο της Επιτροπής Δημοσιονομικού Ελέγχου το 2018, υπόλογη για κακοδιαχείριση. «Η σύμβαση έχει περάσει δια πυρός και σιδήρου» «Η σύμβαση για την ανάταξη και αναβάθμιση του συστήματος τηλεδιοίκησης – σηματοδότησης έχει περάσει δια πυρός και σιδήρου» αναφέρουν χαρακτηριστικά πηγές του υπουργείου Μεταφορών, κάνοντας λόγο για «χρόνιο σιδηροδρομικό πρόβλημα στην Ελλάδα». «Η ανάταξη δεν έγινε ποτέ», προσθέτει ο εκπρόσωπος εργαζομένων της ΤΡΑΙΝΟΣΕ, Βασίλης Ζαβογιάννης και εξηγεί στην «Κ» ότι τα συστήματα ασφάλειας που είχαν ενσωματωθεί περί το 2004 δεν τέθηκαν ποτέ σε λειτουργία. Βάση του χρονοδιαγράμματος του έργου, η ανάταξη και αναβάθμιση των συστημάτων θα έπρεπε να έχει ολοκληρωθεί μέχρι το 2020, αλλά μόνο το τμήμα από το Πλατύ Ημαθίας μέχρι τον Προμαχώνα, είναι σήμερα έτοιμο. Στο σημείο του τραγικού δυστυχήματος οι διαδικασίες παρέμεναν απαρχαιωμένες. «Λάθος διαχείριση από ανθρώπινο παράγοντα σε μια διαδικασία που είναι ίδια πάρα πολλά χρόνια», αναφέρουν πηγές του υπουργείου Μεταφορών για τα αίτια της μετωπικής σύγκρουσης των αμαξοστοιχιών, που υποδεικνύουν τον αρμόδιο σταθμάρχη ως υπεύθυνο για «αβλεψία», ωστόσο παραδέχονται ότι με επικαιροποιημένα συστήματα, το δυστύχημα θα μπορούσε να είχε αποφευχθεί. «Τώρα βάλανε στη γωνία τον σταθμάρχη έναν άνθρωπο 59 ετών. Ήταν σταθμάρχης μόνο 40 ημέρες και τον βάλανε στον πιο δύσκολο κόμβο» λέει στην «Κ» ο κ. Ζαβογιάννης, αναφερόμενος στα προβλήματα στελέχωσης κρίσιμων για την ασφάλεια πόστων. Ωστόσο, όπως επισημαίνουν πηγές από το υπουργείο, οι σταθμάρχες έχουν 712 ώρες υποχρεωτικής εκπαίδευσης και 75 ημέρες πρακτικής, πριν αναλάβουν ένα πόστο. «Επομένως υπήρχε η εμπειρία και αυτό δεν ήταν το πιο δύσκολο σημείο». Ο πρώην πρόεδρος της Πανελλήνιας Ομοσπονδίας Σιδηροδρομικών και γενικός γραμματέας της ΓΣΕΕ, Νικόλαος Κιουτσούκης «δείχνει» από πλευράς του τη μη λειτουργία του συστήματος GSM-R, το οποίο θα έδινε τη δυνατότητα στον σταθμάρχη να δει πού βρίσκεται η αμαξοστοιχία. Σύμφωνα με τον ίδιο, το σύστημα έχει αγοραστεί από το 2000. Συγκρούσεις όμως μεταξύ εργολάβων, καθυστερήσεις για την επίλυση διαφορών στα δικαστήρια και λάθος χειρισμοί είχαν ως αποτέλεσμα το σύστημα να μην λειτουργεί μέχρι σήμερα. «Αν γινόταν τότε κάτι, δεν θα θρηνούσαμε σήμερα τόσους νεκρούς» Ανύπαρκτο είναι και το σύστημα που συντονίζει τα φανάρια, καταγγέλλει ο κ. Κιουτσούκης. Σε ερώτηση της «Κ» για τις αιτίες του δυστυχήματος που είχε γίνει στο Άδενδρο το 2017, ο κ. Κιουτσούκης «έδειξε» πάλι την απουσία των έξυπνων αυτών συστημάτων. «Αν γινόταν τότε κάτι, δεν θα θρηνούσαμε σήμερα τόσους νεκρούς»   Πηγές του ΟΣΕ δηλώνουν στην «Κ» πως τα συστήματα αυτά έπρεπε να φτιαχτούν με εργολαβίες της ΕΡΓΟΣΕ, η οποία θα τα παρέδιδε μετά στον ΟΣΕ. «Τα συστήματα δεν έχουν φτιαχτεί σε όλο τους το εύρος. Μπορεί να έχουν κατασκευαστεί σε κάποια τμήματα αλλά έτσι δεν μπορούν να λειτουργήσουν στο σύνολο τους. Η κατασκευή των συστημάτων έχει “χωριστεί” σε πολλές εργολαβίες με αποτέλεσμα να μην ολοκληρώνονται τα έργα. Κατά τον ίδιο τρόπο, περιπλέκονται και οι ευθύνες», υπογραμμίζουν οι ίδιες πηγές. Στην πιο πρόσφατη Έκθεση Ασφάλειας (2021) η ΡΑΣ σημειώνει αφενός την απουσία Επιτροπής Διερεύνησης Αεροπορικών και Σιδηροδρομικών Ατυχημάτων, η οποία προβλέπεται με τον νόμο 4313 του 2014. Τον Ιανουάριο του 2023, με τον νόμο 5014 συστήνεται ο Εθνικός Οργανισμός Διερεύνησης Αεροπορικών και Σιδηροδρομικών Ατυχημάτων, ο οποίος μέχρι τώρα «δεν έχει στελεχωθεί», σύμφωνα με την κ. Τσιαπαρίκου. O πρόεδρος του Εθνικού Οργανισμού Διερεύνησης Αεροπορικών και Σιδηροδρομικών Ατυχημάτων και Ασφάλειας Μεταφορών (ΕΟΔΑΣΑΑΜ), Ιωάννης Κονδύλης, τόνισε πως ο οργανισμός δεν επιλαμβάνεται αυτή τη στιγμή του θέματος γιατί δεν υπάρχουν οι ερευνητές των τρένων. «Έχουμε εδώ στο γραφείο τους διερευνητές των αεροσκαφών, δεν έχουν τους διερευνητές των τρένων. Δεν έχουν κληθεί ακόμα», τόνισε. ⇒  Δέκα εφιαλτικά δευτερόλεπτα Ανύπαρκτα συστήματα Ο ανθρώπινος παράγοντας Εργολαβίες και ανολοκλήρωτα έργα «Οι διερευνητές δεν έχουν κληθεί ακομα»","Αλεξία Καλαϊτζή, Ελβίρα Κρίθαρη ",kathimerini.gr,2023-03-01,Ελλάδα / Κοινωνία
https://www.kathimerini.gr/politics/562300825/tsipras-apo-tempi-adianoiti-tragodia-den-tha-miliso-tora-gia-eythynes/,Τσίπρας από Τέμπη: Αδιανόητη τραγωδία – Δεν θα μιλήσω τώρα για ευθύνες,"Τσίπρας από Τέμπη: Αδιανόητη τραγωδία – Δεν θα μιλήσω τώρα για ευθύνες «Είναι στιγμές βαθιάς οδύνης και θλίψης. Οι εικόνες που είδα είναι συγκλονιστικές», ανέφερε ο πρόεδρος του ΣΥΡΙΖΑ  «Είναι στιγμές βαθιάς οδύνης και θλίψης. Οι εικόνες που είδα είναι συγκλονιστικές. Ζούμε μία αδιανόητη τραγωδία με δεκάδες νεκρούς και αγνοούμενους, μεταξύ των οποίων δυστυχώς πολλά νέα παιδιά», ανέφερε ο πρόεδρος του ΣΥΡΙΖΑ Αλέξης Τσίπρας από το σημείο της τραγωδίας στα Τέμπη. «Τούτη την ώρα που ακόμα μετράμε τους νεκρούς μας και πενθούμε, δεν θέλω να μιλήσω για ευθύνες. Θα τα πούμε αυτά στην ώρα τους» είπε και πρόσθεσε: «Θέλω μόνο να εκφράσω τη βαθύτατη οδύνη και τη συμπαράστασή μου στους συγγενείς των θυμάτων και τις ευχές μου για ταχεία ανάρρωση στους τραυματίες». ⇒  ",Newsroom,kathimerini.gr,2023-03-01,Πολιτική
https://www.kathimerini.gr/politics/562300972/tragodia-sta-tempi-dilosi-tha-kanei-to-apogeyma-o-prothypoyrgos/,Τραγωδία στα Τέμπη: Δήλωση θα κάνει το απόγευμα ο πρωθυπουργός,"Τραγωδία στα Τέμπη: Δήλωση θα κάνει το απόγευμα ο πρωθυπουργός  Δήλωση για την εθνική τραγωδία στα Τέμπη αναμένεται να κάνει στις 18:00 ο πρωθυπουργός, Κυριάκος Μητσοτάκης. Νωρίτερα, κι ενώ βρισκόταν στο σημείο της τραγωδίας, είπε: «Είναι πάρα πολύ δύσκολο αυτό το οποίο βιώνουμε σήμερα ως χώρα, μιλάμε για μια ανείπωτη τραγωδία. Η σκέψη μας σήμερα είναι πρώτα και πάνω απ’ όλα με τους συγγενείς των θυμάτων. Υποχρέωσή μας είναι να περιθάλψουμε τους τραυματίες και από εκεί και πέρα να ταυτοποιήσουμε τις σορούς. Και από εκεί και πέρα ένα πράγμα μπορώ να εγγυηθώ. Να μάθουμε τα αίτια αυτής της τραγωδίας. Θα κάνουμε ό,τι περνάει από το χέρι μας για να μην ξανασυμβεί ποτέ κάτι τέτοιο». ",Newsroom,kathimerini.gr,2023-03-01,Πολιτική
https://www.kathimerini.gr/society/562301011/tragodia-sta-tempi-sygklonizoyn-oi-martyries-ton-syggenon-ton-thymaton/,Τραγωδία στα Τέμπη: Συγκλονίζουν οι μαρτυρίες των συγγενών των θυμάτων,"Τραγωδία στα Τέμπη: Συγκλονίζουν οι μαρτυρίες των συγγενών των θυμάτων  Δραματικές στιγμές εκτυλίχτηκαν έξω από το ΓΝ Λάρισας όπου δεκάδες πολίτες συγκεντρώθηκαν ψάχνοντας τους κοντινούς τους ανθρώπους οι οποίοι επέβαιναν στο τρένο που συγκρούστηκε στα Τέμπη. Πολλοί άνθρωποι με δάκρυα στα μάτια έχουν συγκεντρωθεί στο ισόγειο του ΓΝ Λάρισας και περιμένουν να μάθουν νέα για την τύχη των συγγενών τους. Ο Νίκος Μακρής και η σύζυγός του κάθονταν σε ένα πεζοδρόμιο έξω από το νοσοκομείο, περιμένοντας να μάθουν νέα για τη νύφη τους. «Περιμένουμε εδώ από τις 2 το πρωί για να μάθουμε νέα για τη Μαρία», δήλωσε ο κ. Μακρής στο Reuters επισημαίνοντας πως η νύφη του βρισκόταν στα μπροστινά βαγόνια του τρένου, όπου η θερμοκρασία έφτασε μέχρι και τους 1.300 βαθμούς Κελσίου, σύμφωνα με την Πυροσβεστική. «Θα είμαστε τυχεροί αν έχουμε ένα πτώμα για να θάψουμε, ανέφερε ο ίδιος, ενώ η σύζυγός του έκλαιγε με λυγμούς δίπλα του. Την ίδια ώρα συγκλονιστικές είναι οι δηλώσεις ενός πατέρας, ο οποίος μιλούσε με την κόρη του στο τηλέφωνο τη στιγμή της σύγκρουσης. «Η κόρη μου τηλεφώνησε και μου είπε: “Καίγομαι”. Μου έλεγε πως τα μαλλιά της είχαν πάρει φωτιά και ούρλιαζε», δήλωσε ένας πατέρας στην ΕΡΤ. Όσοι κατάφεραν να επιζήσουν με μόνο μερικές γρατζουνιές, περιέγραψαν με τρομακτικό τρόπο την στιγμή της σύγκρουσης. «Επικράτησε πανικός, η φωτιά ξέσπασε αμέσως και μας περικύκλωσε καθώς το βαγόνι γύρισε ανάποδα», δήλωσε ο 28χρονος επιβάτης, Στέργιος Μινένης. Πηγή: Reuters Η κόρη μου μου τηλεφώνησε και μου έλεγε «Καίγομαι»",Newsroom,kathimerini.gr,2023-03-01,Ελλάδα / Κοινωνία
https://www.kathimerini.gr/society/562301503/tragodia-sta-tempi-dramatikes-proeidopoiiseis-gia-dystychima/,Τραγωδία στα Τέμπη: Δραματικές προειδοποιήσεις για δυστύχημα,"Τραγωδία στα Τέμπη: Δραματικές προειδοποιήσεις για δυστύχημα «Δραματικές» προειδοποιήσεις για ένα πιθανό δυστύχημα είχαν απευθύνει εργαζόμενοι στον ελληνικό σιδηρόδρομο. Προειδοποιήσεις που επιβεβαιώθηκαν με τον πιο τραγικό τρόπο τη νύχτα της 28ης Φεβρουαρίου  «Δραματικές» προειδοποιήσεις για ένα πιθανό δυστύχημα είχαν απευθύνει εργαζόμενοι στον ελληνικό σιδηρόδρομο. Προειδοποιήσεις που επιβεβαιώθηκαν με τον πιο τραγικό τρόπο τη νύχτα της 28ης Φεβρουαρίου. Ο Χρ. Κατσιούλης, πρόεδρος της επιτροπής ΕΤCS (European Train Control System) της ΕΡΓΟΣΕ, παραιτήθηκε τον Απρίλιο του 2022 καταγγέλλοντας καθυστερήσεις και κακοδιαχείριση συμβάσεων για έργα που αφορούν τη σηματοδότηση και την ασφάλεια των γραμμών. Μάλιστα εξέφρασε και τους φόβους του για την ασφαλή κυκλοφορία των τρένων σε ορισμένα τμήματα του σιδηροδρομικού άξονα. Στην επιστολή του είχε επισημάνει πως εξαιτίας της μη τήρησης των συμβάσεων στο τμήμα Οινόη – Τιθορέα «θα επιτρέπεται η κυκλοφορία των τρένων στο εν λόγω τμήμα με 200 χλμ./ώρα, χωρίς σε αυτό να υπάρχει καμία ένδειξη της κατάστασης της γραμμής, ακόμη και θραύσης αυτής, με ό,τι αυτό συνεπάγεται στην ασφάλεια κυκλοφορίας των τρένων». Για ατυχήματα που «δεν έχουν τελειωμό», όσο δεν λαμβάνονται μέτρα προστασίας, και για την ασφαλή λειτουργία και κυκλοφορία των τρένων έκανε λόγο σε πρόσφατη ανακοίνωσή της η Δημοκρατική Ενωτική Συνδικαλιστική Κίνηση Σιδηροδρομικών (ΔΕΣΚ). Στις 7 Φεβρουαρίου 2023, η ΔΕΣΚ με αφορμή δύο ατυχήματα που είχαν σημειωθεί εκείνες τις ημέρες στον σιδηρόδρομο ανέφερε σε ανακοίνωσή της πως «είναι πλέον εξοργιστικό αυτά (τα ατυχήματα) να αποτελούν σχεδόν καθημερινό φαινόμενο και να μη λαμβάνεται κανένα ουσιαστικό μέτρο, να μη δρομολογείται καμία βελτίωση στην υποδομή και λειτουργία, να μην ελέγχονται οι εμπλεκόμενοι φορείς και να μην αναζητούνται ευθύνες». Η ΔΕΣΚ είχε σταθεί, μεταξύ άλλων, και στις αλληλοκατηγορίες του ΟΣΕ και της Hellenic Train, όταν καλούνται να διαχειριστούν κάποια κρίση στον σιδηρόδρομο. «Διάφοροι φορείς, ΟΣΕ και Hellenic Train αλληλομεταφέρουν τις ευθύνες τους, αλλά κανείς στο τέλος δεν φταίει», ανέφερε η ΔΕΣΚ στην ανακοίνωσή της, καταλήγοντας πως «δεν θα περιμένουμε το δυστύχημα που έρχεται, για να τους δούμε να χύνουν κροκοδείλια δάκρυα κάνοντας διαπιστώσεις». Η Πανελλήνια Ενωση Προσωπικού Ελξης πήγε ένα βήμα παρακάτω, καθώς τον περασμένο Νοέμβριο έστειλε εξώδικο προς το υπουργείο Μεταφορών και Υποδομών, τον ΟΣΕ, τη Ρυθμιστική Αρχή Σιδηροδρόμων και την Hellenic Train. «Διαπιστώνουμε διαρκώς την κακή κατάσταση της σιδηροδρομικής υποδομής, την έλλειψη συντήρησής της, τη μη λειτουργία φωτοσημάτων και τηλεδιοίκησης εδώ και πολλά έτη, τη μη λειτουργία του συστήματος ETCS (που προστατεύει από το ανθρώπινο λάθος)». Στο εξώδικο ανέφεραν και τρία περιστατικά εκτροχιασμού που έλαβαν χώρα σε διάστημα 2 μηνών: α) 1/8/2022, εκτροχιασμός αμαξοστοιχίας 1521 στην Τιθορέα, β) 10/10/2022 εκτροχιασμός προαστιακής αμαξοστοιχίας στο Λιανοκλάδι, γ) 21/10/2022 εκτροχιασμός τρένου στην περιοχή της Τιθορέας. Ολα τα σημερινά δρομολόγια της Hellenic Train αναστέλλονται λόγω απεργίας που ανακοίνωσε η Πανελλήνια Ομοσπονδία Σιδηροδρομικών.",Δέσποινα Κόντη,kathimerini.gr,2023-03-02,Ελλάδα / Κοινωνία
https://www.kathimerini.gr/society/562302874/tragodia-sta-tempi-synechizontai-oi-ereynes-sto-trito-vagoni-ayxanetai-o-arithmos-ton-nekron/,Τραγωδία στα Τέμπη: Συνεχίζονται οι έρευνες στο τρίτο βαγόνι – Αυξάνεται ο αριθμός των νεκρών,"Τραγωδία στα Τέμπη: Συνεχίζονται οι έρευνες στο τρίτο βαγόνι – Αυξάνεται ο αριθμός των νεκρών Σύμφωνα με την προϊσταμένη της ιατροδικαστικής υπηρεσίας Λάρισας, Ρουμπίνη Λεονταρή, μεταφέρθηκαν στο νεκροτομείο άλλες 14 απανθρακωμένες σοροί - Στο τρίτο βαγόνι εστιάζονται οι έρευνες.  Συγκλονισμένη παρακολουθεί η ελληνική κοινή γνώμη τις εξελίξεις μετά τη φονική σύγκρουση των δύο τρένων στα Τέμπη που προκάλεσε δεκάδες θανάτους και ακόμα περισσότερους τραυματισμούς. Σύμφωνα με την τελευταία επίσημη ενημέρωση της Πυροσβεστικής, οι επιβεβαιωμένοι νεκροί του σιδηροδρομικού δυστυχήματος ανέρχονται στους 46. Λίγο μετά τις 16:00 το απόγευμα, όμως, η προϊσταμένη της ιατροδικαστικής υπηρεσίας Λάρισας, Ρουμπίνη Λεονταρή, σε δηλώσεις της στον Real Fm, γνωστοποίησε ότι ο αριθμός των νεκρών μετά την τραγωδία στα Τέμπη έχει ανέλθει στους 57. Συγκεκριμένα, η ιατροδικαστής δήλωσε ότι μεταφέρθηκαν στο νεκροτομείο άλλες 14 απανθρακωμένες σοροί οι οποίες ανεβάζουν τον τραγικό απολογισμό των νεκρών στους 57. Παράλληλα, σημείωσε ότι οι σάκοι που περιέχουν μεμονωμένα ανθρώπινα μέλη τα οποία ακόμα δεν έχουν αναγνωριστεί ξεπερνούν τους δέκα. Νωρίτερα, ο εκπρόσωπος Τύπου του Πυροσβεστικού Σώματος, Βασίλης Βαρθακογιάννης είχε αναφέρει πως από το βαγόνι του εστιατορίου, το οποίο είχε καταπλακωθεί από το πρώτο βαγόνι της δεύτερης θέσης, έχουν ανασυρθεί από το πρωί εφτά απανθρακωμένες σοροί. Όσον αφορά τη διαδικασία ταυτοποίησης η προϊσταμένη της ιατροδικαστικής υπηρεσίας Λάρισας εξήγησε στη συνέντευξη της στον Real Fm, πως «έχει ληφθεί από το κάθε μέλος DNA, οπότε κάποιο μέλος που μπορεί να ανήκει σε μια σορό διαμελισμένη, θα αποδοθεί στη σορό, κάποια μέλη που δεν θα ανήκουν σε σορό, θα έχουμε το DNA τους». «Η ταυτοποίηση δεν είναι δικό μας έργο, δεν είναι έργο των ιατροδικαστών. Συνδράμουμε φυσικά, αλλά το εργαστήριο είναι της ομάδας της Πολιτικής Προστασίας, εξειδικευμένης για τις φυσικές καταστροφές», είπε η κ. Λεονταρή και πρόσθεσε: «Προχωράει η εργαστηριακή διερεύνηση του DNA. Έχουμε 14 τελειωμένα αποτελέσματα, άρα υπάρχει η διαδικασία ταυτοποίησης». Ερωτηθείσα σχετικά, τόνισε ότι δεν έχει «απάντηση για το πότε θα τελειώσει η διαδικασία της ταυτοποίησης», συμπληρώνοντας ότι δεν έχουμε ακόμα τον πραγματικό αριθμό των αγνοουμένων. «Το DNA είναι κομβικό, ξέρουμε ότι ταλαιπωρούνται οι άνθρωποι, αλλά πρέπει να βγουν τα αποτελέσματα για να έχουμε σαφή εικόνα», υπογράμμισε. Για το ίδιο θέμα, η αναπληρώτρια υπουργός Υγείας, Μίνα Γκάγκα, τόνισε ότι η ταυτοποίηση γίνεται μόνο μέσω DNA, καθώς έχει ληφθεί απόφαση οι συγγενείς να μην έρθουν σε επαφή με τις σορούς, που μπορεί να είναι απανθρακωμένες ή διαμελισμένες. Ήδη γίνονται γνωστά τα πρώτα αποτελέσματα από τη διαδικασία ταυτοποίησης DNA, σε συνεργασία με τα εγκληματολογικά εργαστήρια της ΕΛ.ΑΣ. Μιλώντας στον ΣΚΑΪ, τόνισε: «Η απόφαση είναι να μην δουν, να μην έρθουν σε επαφή οι συγγενείς με τους ανθρώπους που δεν ζουν πια, για να είναι λιγότερο ψυχοφθόρο για εκείνους». Αναφορικά με τους τραυματίες, υπογράμμισε ότι οι περισσότεροι είναι σε καλή κατάσταση: δέκα έχουν χειρουργηθεί για κατάγματα και έξι είναι σοβαρά και νοσηλεύονται σε Μονάδα Εντατικής Θεραπείας. Σημειώνεται ότι η επιχείρηση διάσωσης και οι έρευνες συνεχίζονται και μάλιστα έχουν επικεντρωθεί πλέον στο τρίτο βαγόνι, το τελευταίο από τα διαλυμένα βαγόνια που έγιναν μια άμορφη μάζα, κάτω από το οποίο υπάρχουν φόβοι πως βρίσκονται και άλλοι νεκροί. Σύμφωνα με τις τελευταίες πληροφορίες σχετικά με τους τραυματίες από την σύγκρουση, σε κρίσιμη κατάσταση παραμένουν οι έξι διασωληνωμένοι ασθενείς. Συγκεκριμένα, 21 τραυματίες νοσηλεύονται στα νοσοκομεία της Θεσσαλονίκης και της Θεσσαλίας. Στο ΑΧΕΠΑ 14 και ακόμη 3 στο νοσοκομείο Γεννηματάς Θεσσαλονίκης. Επίσης, 2 νοσηλευόμενοι βρίσκονται στο Γενικό Νοσοκομείο Κατερίνης και άλλοι 2 στα νοσοκομεία Τρικάλων και Καρδίτσας. Η κατάσταση των σχεδόν 35 τραυματιών που νοσηλεύονται στα δύο νοσοκομεία της Λάρισας -εκτός από όσους νοσηλεύονται σε ΜΕΘ- είναι διαχειρίσιμη και βρίσκονται όλοι εκτός κινδύνου. Αντιμέτωπος με βαρύτατες κατηγορίες είναι πλέον ο σταθμάρχης της Λάρισας. Η ποινική δίωξη που ασκήθηκε σε βάρος του αφορά σε ανθρωποκτονίες από αμέλεια κατά συρροή και σωματικές βλάβες με τον ίδιο ποινικό χαρακτηρισμό, ενώ η κατηγορία της διατάραξης της ασφάλειας συγκοινωνιών σε βάρος του είναι η σοβαρότερη (κακούργημα) που επισύρει με βάση πρόσφατη τροποποίηση του Ποινικού Κώδικα (άρθρο 291) ποινές από δέκα χρόνια κάθειρξη ως ισόβια. Μετά την προσαγωγή του στον εισαγγελέα παραπέμφθηκε σε ανακριτή και θα απολογηθεί το Σάββατο. ⇒  Η επίπονη διαδικασία της ταυτοποίησης Η κατάσταση των τραυματιών Κακουργηματική δίωξη κατά του σταθμάρχη – Το Σάββατο η απολογία",Newsroom,kathimerini.gr,2023-03-02,Ελλάδα / Κοινωνία
https://www.kathimerini.gr/society/562303036/tragodia-sta-tempi-kleisto-to-syntagma-se-exelixi-diadilosi/,Τραγωδία στα Τέμπη: Κλειστό το Σύνταγμα – Σε εξέλιξη διαδήλωση,"Τραγωδία στα Τέμπη: Κλειστό το Σύνταγμα – Σε εξέλιξη διαδήλωση  Εκατοντάδες πολίτες συγκεντρώθηκαν στην πλατεία Συντάγματος, μπροστά από το κοινοβούλιο, με αφορμή την τραγωδία στα Τέμπη. Σε συνδυασμό με τη βροχή και την απεργία στο μετρό, στην πρωτεύουσα επικρατεί κυκλοφοριακό κομφούζιο. Προηγήθηκε συγκέντρωση έξω από τα γραφεία της Hellenic Train από Εργατικά Συνδικάτα της Αττικής, Φοιτητικούς Συλλόγοους και άλλους μαζικούς φορείς Η κινητοποίηση έγινε με πρωτοβουλία του Εργατικού Κέντρου Πειραιά. «Οι νεκροί μας θυσία για το κέρδος – Δεν είναι λάθος είναι έγκλημα», γράφει το πανό του Εργατικού Κέντρου Πειραιά, Σωματείων και μαζικών φορέων. ⇒ ",Newsroom,kathimerini.gr,2023-03-02,Ελλάδα / Κοινωνία
https://www.kathimerini.gr/politics/562303018/pasok-oi-eythynes-gia-tin-tragodia-sta-tempi-tha-apodothoyn-sto-akeraio-ti-stigmi-poy-prepei/,ΠΑΣΟΚ: Οι ευθύνες για την τραγωδία στα Τέμπη θα αποδοθούν στο ακέραιο τη στιγμή που πρέπει,"ΠΑΣΟΚ: Οι ευθύνες για την τραγωδία στα Τέμπη θα αποδοθούν στο ακέραιο τη στιγμή που πρέπει «Η σκέψη όλων μας, αυτή τη στιγμή, είναι στις οικογένειες των θυμάτων που θρηνούν, στους τραυματίες κι όσους ακόμα αγωνιούν για την τύχη των δικών τους ανθρώπων», αναφέρεται στην ανακοίνωση.  Ανακοίνωση αναφορικά με την σιδηροδρομική τραγωδία στα Τέμπη εξέδωσε το ΠΑΣΟΚ, στην οποία τονίζεται ότι «η σκέψη όλων, αυτή τη στιγμή, είναι στις οικογένειες των θυμάτων που θρηνούν», ενώ σημειώνεται πως «οι ευθύνες θα αποδοθούν στο ακέραιο και τη στιγμή που πρέπει». Τραγωδία στα Τέμπη: Συνεχίζονται οι έρευνες στο τρίτο βαγόνι – Αυξάνεται ο αριθμός των νεκρών Η πατρίδα μας βιώνει από το βράδυ της Τρίτης μια ανείπωτη τραγωδία. Η σκέψη όλων μας, αυτή τη στιγμή, είναι στις οικογένειες των θυμάτων που θρηνούν, στους τραυματίες κι όσους ακόμα αγωνιούν για την τύχη των δικών τους ανθρώπων. Πλανάται όμως κι ένα τεράστιο «γιατί», όταν υπάρχουν οι τεχνολογικές ασφαλιστικές δικλείδες για την πρόληψη και την αποτροπή τέτοιων μοιραίων συμβάντων, να κρέμονται ανθρώπινες ζωές από ένα ανθρώπινο χέρι. Αυτές οι ώρες είναι ώρες πένθους και οδύνης. Οι ευθύνες θα αποδοθούν στο ακέραιο και τη στιγμή που πρέπει. Αυτό δεν σημαίνει, όμως, ότι ο Πρωθυπουργός μπορεί μετά από τέσσερα χρόνια διακυβέρνησης να μεταθέτει για ακόμη μία φορά τις κυβερνητικές ευθύνες στις διαχρονικές παθογένειες και την αντικειμενική πολιτική ευθύνη του Υπουργού του, όπως επιχείρησε με τη χθεσινή του δήλωση. Τα ερωτήματα ειδικά για τα συστήματα τηλεδιοίκησης που δεν λειτουργούν από τον Δομοκό μέχρι τη Θεσσαλονίκη είναι αμείλικτα. Οι κυβερνήσεις υπάρχουν για να αντιμετωπίζουν τις παθογένειες και όχι για να τις επικαλούνται και να τις διαιωνίζουν. ⇒  Η ανακοίνωση του ΠΑΣΟΚ ",Newsroom,kathimerini.gr,2023-03-02,Πολιτική
https://www.kathimerini.gr/society/562302172/tragodia-sta-tempi-me-varies-katigories-ston-eisaggelea-o-stathmarchis/,Τραγωδία στα Τέμπη: Με βαριές κατηγορίες στον εισαγγελέα ο σταθμάρχης,"Τραγωδία στα Τέμπη: Με βαριές κατηγορίες στον εισαγγελέα ο σταθμάρχης Ομολόγησε τα μοιραία λάθη του - Κατάλαβε τι είχε κάνει μόλις έμαθε την ανείπωτη τραγωδία  Αντιμέτωπος με βαρύτατες κατηγορίες θα βρεθεί σήμερα ενώπιον του εισαγγελέα ο σταθμάρχης της Λάρισας, ο οποίος ευθύνεται για το τραγικό δυστύχημα στα Τέμπη που έχει προκαλέσει θλίψη και θρήνο στο πανελλήνιο. Η ποινική δίωξη σε βάρος του για τα εγκληματικά του λάθη θα αφορά σε ανθρωποκτονίες από αμέλεια κατά συρροή και σωματικές βλάβες με τον ίδιο ποινικό χαρακτηρισμό, ενώ η κατηγορία της διατάραξης της ασφάλειας συγκοινωνιών σε βάρος του είναι η σοβαρότερη (κακούργημα) που επισύρει με βάση πρόσφατη τροποποίηση του Ποινικού Κώδικα (άρθρο 291) ποινές από δέκα χρόνια κάθειρξη ως ισόβια. Ο ποινικά διωκόμενος σταθμάρχης, το μοιραίο πρόσωπο της τραγωδίας, απολογούμενος χθες ενώπιον εισαγγελέα στις προανακριτικές αρχές, ομολόγησε τα τραγικά και ολέθρια λάθη του που είχαν ως αποτέλεσμα να συμβεί η ανείπωτη τραγωδία. Σύμφωνα με πληροφορίες από αρμόδιες πηγές, ο σταθμάρχης κατά την απολογία του παραδέχθηκε πλήρως ότι έβαλε την αμαξοστοιχία σε λάθος τροχιά, ότι δεν κατάλαβε το λάθος του για να το διορθώσει καθώς είχε χρόνο, και αντιλήφθηκε τι είχε κάνει μόνον όταν έμαθε για το τραγικό δυστύχημα. Οι έρευνες που βρίσκονται σε πλήρη εξέλιξη με την εποπτεία του προϊσταμένου της Εισαγγελίας Εφετών Λάρισας Σταμάτη Δασκαλόπουλου έπειτα από εντολή του Εισαγγελέα του Αρείου Πάγου Ισίδωρου Ντογιάκου κινούνται προς κάθε κατεύθυνση για την διακρίβωση των αιτιών που οδήγησαν στην πρωτοφανή τραγωδία. Λόγω της μείζονος σοβαρότητας των ερευνών, ο κ. Δασκαλόπουλος έχει από χθες δώσει εντολή και παρίστανται εισαγγελείς, τόσο στο στάδιο της αστυνομικής προανάκρισης, όσο και στον τόπο του τραγικού δυστυχήματος, όπου συλλέγονται τα δεδομένα για να συνταχθεί έκθεση αυτοψίας του μοιραίου συμβάντος, γεγονός που διενεργείται ήδη από κλιμάκιο έμπειρων στελεχών της Τροχαίας Λάρισας. ⇒  ",Ιωάννα Μάνδρου,kathimerini.gr,2023-03-02,Ελλάδα / Κοινωνία
https://www.kathimerini.gr/society/562301476/tragodia-sta-tempi-kapoioi-oyrliazan-gia-voitheia-itan-chaos/,"Τραγωδία στα Τέμπη: «Κάποιοι ούρλιαζαν για βοήθεια, ήταν χάος»","Τραγωδία στα Τέμπη: «Κάποιοι ούρλιαζαν για βοήθεια, ήταν χάος» Η αγωνιώδης προσπάθεια επιβατών να βγουν από το τρένο, στα συντρίμμια του οποίου υπάρχουν ακόμη αγνοούμενοι  ΤΕΜΠΗ – ΑΠΟΣΤΟΛΗ. Η μυρωδιά του καμένου προδίδει την καταστροφή προτού την αντικρίσεις. Στο πλάι της εθνικής οδού, λίγο πριν από την είσοδο στην κοιλάδα των Τεμπών, κείτονται δύο τρένα που δεν έφθασαν ποτέ στον προορισμό τους. Το ξημέρωμα μετά την καταστροφή, δύο βραχίονες γερανοφόρων οχημάτων επιχειρούσαν να σηκώσουν άμορφες μάζες σιδερικών από το πρανές για να καθαρίσουν το πεδίο και να συνεχιστούν οι έρευνες. Διασώστες της ΕΜΑΚ, με διαστολείς και κόφτες στα χέρια, τεμαχίζουν λαμαρίνες, όπως έκαναν πρόσφατα συνάδελφοί τους χωμένοι στα ερείπια της σεισμόπληκτης Τουρκίας. Ηταν τόσο σφοδρή η μετωπική σύγκρουση των δύο αμαξοστοιχιών που κάποια εξαρτήματά τους εκσφενδονίστηκαν σε απόσταση εκατοντάδων μέτρων στα γειτονικά χωράφια. Δεκάδες οι νεκροί, οι τραυματίες και οι αγνοούμενοι. «Ούτε σε έργα δεν τα βλέπουμε αυτά», μονολογεί ένας υπάλληλος συνεργείου της σιδηροδρομικής γραμμής δείχνοντας προς το οδόστρωμα όπου το 1999 είχαν σκοτωθεί οπαδοί του ΠΑΟΚ σε τροχαίο. «Διαολομέρος», λέει. Σύμφωνα με την ιατροδικαστική υπηρεσία ο αριθμός των νεκρών είχε φτάσει μέχρι αργά χθες το βράδυ τους 43. Εξ αυτών οι 11 αναγνωρίζονται, ενώ για τους υπόλοιπους απαιτείται διαδικασία ταυτοποίησης μέσω γενετικού υλικού. Περισσότεροι από 30 συγγενείς επιβατών έδωσαν δείγμα DNA στο Γενικό Νοσοκομείο Λάρισας, το οποίο στάλθηκε για αναλύσεις στην Αθήνα, στη Διεύθυνση Εγκληματολογικών Ερευνών της Αστυνομίας. Εκτιμάται ότι στα συντρίμμια του τρένου υπάρχουν ακόμη 17 άτομα. Το δυστύχημα συνέβη λίγο πριν από τα μεσάνυχτα της 28ης Φεβρουαρίου, όταν μια αμαξοστοιχία με 342 επιβάτες και 10 άτομα προσωπικό συγκρούστηκε με εμπορική αμαξοστοιχία στην οποία βρίσκονταν δύο μηχανοδηγοί. Το επιβατικό τρένο είχε προορισμό τη Θεσσαλονίκη αλλά κινείτο στο ρεύμα καθόδου. Το εμπορικό τρένο είχε κατεύθυνση προς Αθήνα. Συνελήφθη ο σταθμάρχης της Λάρισας και φέρεται να παραδέχθηκε κατά την προανακριτική απολογία δικό του λάθος, αποδίδοντάς το στην «κακιά ώρα». Σύμφωνα με περιγραφές αξιωματικών της Πυροσβεστικής στην «Κ», οι οποίοι βρέθηκαν στο σημείο του δυστυχήματος λίγο μετά τη σύγκρουση των δύο τρένων, η ηλεκτράμαξα της επιβατικής αμαξοστοιχίας σμπαραλιάστηκε, το κουβούκλιό της διαλύθηκε, ενώ τα επόμενα τρία βαγόνια της «έγιναν φυσαρμόνικα». Το βαγόνι στο οποίο λειτουργούσε το εστιατόριο βρέθηκε πάνω από τα άλλα δύο και εκδηλώθηκε φωτιά, με τις θερμοκρασίες να ξεπερνούν τους 1.500 βαθμούς Κελσίου. Η Μαρία Δήμζα, 23 ετών, επέβαινε στο έκτο βαγόνι. Είχε ξεκινήσει το ταξίδι της από τα Τρίκαλα με άλλο τρένο και ανέβηκε στη μοιραία αμαξοστοιχία στο Παλαιοφάρσαλο. Εκεί υπήρξε καθυστέρηση. Τους ενημέρωσαν, όπως λέει, για κάποια βλάβη. «Μας είπαν ότι θα αργήσουμε μία ώρα να φθάσουμε στον προορισμό μας, τη Θεσσαλονίκη», λέει στην «Κ». Ξεκίνησαν την πορεία τους και λίγα λεπτά αργότερα προσέκρουσαν στην εμπορική αμαξοστοιχία. «Ολα έγιναν πολύ γρήγορα, ακαριαία. Χτύπησα στην μπροστινή θέση, έσπασα τη μύτη μου, έπεσαν πάνω μας γυαλιά. Εμπαιναν παντού στα ρούχα μας, ένιωθες τα θραύσματα στο σώμα σου. Κάποιοι ούρλιαζαν για βοήθεια», λέει. Μετά μύρισαν καπνό. Ερχόταν από τα μπροστινά βαγόνια. «Αρχισαν όλοι να κλωτσάνε και να χτυπάνε τα παράθυρα, με μανία. Σπάσαμε ένα παράθυρο και μια πόρτα και καταφέραμε να πηδήξουμε από εκεί στα τρία μέτρα». «Τότε άρχισαν όλοι να χτυπάνε και να κλωτσάνε τα παράθυρα, με μανία. Θέλαμε να βγούμε. Σπάσαμε ένα παράθυρο και μια πόρτα και καταφέραμε να πηδήξουμε από εκεί στα τρία μέτρα. Κάποιοι έκλαιγαν, ήταν ένα χάος», θυμάται. Εχασε το κινητό της και ακολουθούσε άλλους συνεπιβάτες της που είχαν φακούς. Εβλεπαν τα μπροστινά βαγόνια να φλέγονται αναποδογυρισμένα. «Ενα παιδί είχε θραύσματα στα μάτια, μια κοπέλα από μπροστά μάς είπε ότι πετάχτηκε, εκσφενδονίστηκε στο ταβάνι», λέει. Αργότερα έμαθε ότι κάποιοι επιβάτες είχαν απανθρακωθεί. Η Μαρία Δήμζα μεταφέρθηκε στο Πανεπιστημιακό Νοσοκομείο Λάρισας με ένα από τα πρώτα ασθενοφόρα που βρέθηκαν στο σημείο. Ο Δημήτρης Ζαχαρούλης, καθηγητής Χειρουργικής και διευθυντής της χειρουργικής κλινικής στο πανεπιστημιακό νοσοκομείο, ενημερώθηκε τα μεσάνυχτα για το δυστύχημα. Μέσα σε μισή ώρα οι τρεις γιατροί που εφημέρευαν πλαισιώθηκαν από συναδέλφους τους και έφτασαν τους δέκα. Δέχθηκαν μέσα σε μιάμιση ώρα 45 περιστατικά. Η πίεση ήταν πρωτόγνωρη, αλλά, όπως σημειώνει ο κ. Ζαχαρούλης, είχαν προετοιμαστεί με πρόβες για ένα αντίστοιχο συμβάν, καθώς στην κλινική τους λειτουργεί κέντρο αντιμετώπισης τραύματος. Οι επιβάτες που έφθαναν είχαν εγκαύματα, πολλαπλά θλαστικά τραύματα, κατάγματα. Οι περισσότεροι βρίσκονταν στο τρίτο βαγόνι, κάποιοι και στο εστιατόριο του τρένου. Στο νοσοκομείο βρέθηκε και μία μητέρα με το έξι μηνών βρέφος της, αλλά δεν χρειάστηκε χειρουργική αντιμετώπιση. Νοσήλευσαν 13 ανθρώπους και χειρούργησαν μία γυναίκα με θλάση ήπατος. Μαζί με εκείνη, άλλα τρία άτομα διασωληνώθηκαν στη ΜΕΘ με εισπνευστικά εγκαύματα. «Ηταν νέος κόσμος, κοντά στα 25 έτη», λέει ο κ. Ζαχαρούλης για τους τραυματίες. «Οι περισσότεροι βρίσκονταν σε σοκ. Δεν μιλούσαν καθόλου, κάποιοι έτρεμαν, ή δεν μπορούσαν να επικοινωνήσουν σωστά, δεν έδιναν σωστές πληροφορίες από το στρες». Η ψυχιατρική κλινική του νοσοκομείου παρείχε ψυχολογική υποστήριξη σε τραυματίες και συγγενείς τους. «Ηταν μια δοκιμασία σε πολλαπλά επίπεδα», λέει ο κ. Ζαχαρούλης. «Ηταν βαρύ ειδικά όταν μου ζήτησαν να βρούμε 60 σάκους. Επειδή πρόκειται για νέα παιδιά, δεν μπορείς να το διαχειριστείς εύκολα, όσο εξοικειωμένος κι αν είσαι με την ιδέα του θανάτου. Εμείς καθημερινά κάνουμε χειρουργική ογκολογία. Ενας καρκινοπαθής έχει μια πορεία προς το καλύτερο ή το χειρότερο. Σε αυτή την περίπτωση όμως άλλαξαν σε δευτερόλεπτα οι ζωές οικογενειών». Εξω από τη μονάδα εντατικής θεραπείας του Πανεπιστημιακού Νοσοκομείου Λάρισας οι συγγενείς των τραυματιών περιμένουν σιωπηλοί το επόμενο ιατρικό ανακοινωθέν. Ενας εξ αυτών, με κόκκινα από την αϋπνία μάτια, δεν έχει λάβει ακόμη νέα για την τύχη του γιου του, ο οποίος παραμένει αγνοούμενος. Ταξίδευε μαζί με τη φίλη του, η οποία έχει διασωληνωθεί. «Αυτό που έγινε είναι έγκλημα. Οπως με εκείνον τον Γερμανό πιλότο που τους κάρφωσε στις Αλπεις», λέει στην «Κ» αναφερόμενος στην πτώση αεροσκάφους της Germanwings το 2015. Μερικά χιλιόμετρα πιο μακριά, στο Γενικό Νοσοκομείο Λάρισας, ένας άλλος πατέρας αγωνιά για την κόρη του. Δεν βρισκόταν μεταξύ των επιβεβαιωμένων θυμάτων, ούτε μεταξύ των τραυματιών που νοσηλεύονται. Στο ίδιο σημείο ένας νεαρός περιμένει να ενημερωθεί για τη μητέρα του, η οποία ταξίδευε από τη Λάρισα για τη Θεσσαλονίκη. «Δεν ξέρω σε ποιο βαγόνι βρισκόταν, της άρεσε πάντα να κάθεται μπροστά», λέει. Πίσω στο πανεπιστημιακό νοσοκομείο της πόλης, η Μαρία Δήμζα ετοιμάζεται για το εξιτήριο. Μέσα στα παπούτσια της υπάρχουν ακόμη θραύσματα από γυαλιά. «Ηταν το αγαπημένο μου μέσο το τρένο, το θεωρούσα το πιο ασφαλές. Με αυτό πήγαινα πάντα στη Θεσσαλονίκη», λέει. «Δεν θα ξαναπάω». «Εγιναν φυσαρμόνικα» Πρωτόγνωρη πίεση Αγωνία συγγενών «Δεν θα ξαναπάω»",Γιάννης Παπαδόπουλος,kathimerini.gr,2023-03-02,Ελλάδα / Κοινωνία
https://www.kathimerini.gr/world/562302865/tzo-mpainten-gia-tin-tragodia-sta-tempi-ta-eilikrini-syllypitiria-mas-stis-oikogeneies-ton-thymaton/,Μπάιντεν για την τραγωδία στα Τέμπη: «Ειλικρινή συλλυπητήρια στις οικογένειες των θυμάτων»,"Μπάιντεν για την τραγωδία στα Τέμπη: «Ειλικρινή συλλυπητήρια στις οικογένειες των θυμάτων» «Ευχόμαστε ταχεία ανάρρωση στους τραυματίες», πρόσθεσε ο Αμερικανός πρόεδρος.  Ο πρόεδρος των ΗΠΑ, Τζο Μπάιντεν, εξέφρασε σήμερα μέσω του Twitter τα συλλυπητήριά του για το σιδηροδρομικό δυστύχημα στην Ελλάδα που προκάλεσε τον θάνατο τουλάχιστον 46 ανθρώπων. «Εκ μέρους του αμερικανικού λαού, η Τζιλ (σ.σ. Μπάιντεν, η Πρώτη Κυρία) και εγώ στέλνουμε τα πιο ειλικρινή συλλυπητήριά μας στις οικογένειες των θυμάτων», έγραψε ο Τζο Μπάιντεν. «Ευχόμαστε ταχεία ανάρρωση στους τραυματίες», πρόσθεσε ο Αμερικανός πρόεδρος. On behalf of the American people, Jill and I send our deepest condolences to the families of the victims who lost their lives in the tragic train accident in Greece. We wish those injured a quick and full recovery. — President Biden (@POTUS) March 2, 2023 Σημειώνεται πως τα συλλυπητήρια τους προς την Ελλάδα, για τη σιδηροδρομική τραγωδία στα Τέμπη, εξέφρασαν χτες πολλοί ξένοι ηγέτες. Μεταξύ των ηγετών που εξέφρασαν τη συμπαράστασή τους είναι ο Τούρκος πρόεδρος Ρετζέπ Ταγίπ Ερντογάν, ο πρόεδρος της Κίνα Σι Τσινπίνγκ και ο Γάλλος πρόεδρος Εμανουέλ Μακρόν. Ο πρόεδρος της Τουρκίας Ρετζέπ Ταγίπ Ερντογάν έστειλε συλλυπητήριο μήνυμα στην Πρόεδρο της Δημοκρατίας Κατερίνα Σακελλαροπούλου και στον πρωθυπουργό Κυριάκο Μητσοτάκη. Όπως γνωστοποιεί η τουρκική πρεσβεία στην Ελλάδα, ο Πρόεδρος Ερντογάν στο μήνυμα του εξέφρασε τη βαθιά λύπη του σχετικά με το σιδηροδρομικό δυστύχημα, εξέφρασε τα συλλυπητήρια του για όσους έχασαν τη ζωή τους στο δυστύχημα και ευχήθηκε καλή ανάρρωση στους τραυματίες. Επίσης, σε άλλη ανάρτηση παραθέτει την ανακοίνωση του τουρκικού υπουργείου Εξωτερικών για το σιδηροδρομικό δυστύχημα. «Με θλίψη πληροφορηθήκαμε το δυστύχημα με τη σύγκρουση τρένων που συνέβη χθες τη νύχτα στη γείτονα μας Ελλάδα, κατά το οποίο αρκετοί άνθρωποι έχασαν την ζωή τους και άλλοι τραυματίστηκαν. Εκφράζουμε τα συλλυπητήρια μας στους οικείους όσων έχασαν την ζωή τους σε αυτό το τραγικό δυστύχημα, στον ελληνικό λαό και στην ελληνική κυβέρνηση και ευχόμαστε καλή ανάρρωση στους τραυματίες». Τη λύπη του για το τραγικό σιδηροδρομικό δυστύχημα στα Τέμπη, εξέφρασε και ο πρωθυπουργός της Αλβανίας Έντι Ράμα, με ανάρτησή του στο Twitter. «Νιώθουμε τον πόνο των αγαπημένων μας γειτόνων σε μια τόσο δύσκολη ώρα για το έθνος τους και συμμετέχουμε μαζί τους στις προσευχές και στα συλλυπητήριά στις οικογένειες των θυμάτων», γράφει ο Αλβανός πρωθυπουργός. Ο Έντι Ράμα εξέφρασε τηλεφωνικά προς τον υπουργό Εξωτερικών Νίκο Δένδια ειλικρινή συλλυπητήρια για το σιδηροδρομικό δυστύχημα στα Τέμπη. Από την πλευρά του, ο Νίκος Δένδιας ευχαρίστησε τον Αλβανό πρωθυπουργό για την έκφραση αλληλεγγύης απέναντι σε αυτή την τραγωδία. Ο πρόεδρος της Κίνας Σι Τζινπίνγκ έστειλε στην Πρόεδρο της Δημοκρατίας Κατερίνα Σακελλαροπούλου μήνυμα, εκφράζοντας ειλικρινή συλλυπητήρια για τα θύματα, συμπαράσταση στις οικογένειες που πενθούν και ευχές για ταχεία ανάρρωση στους τραυματίες. Σε αντίστοιχη ανάρτηση, ο πρεσβευτής της Κίνας στην Ελλάδα Σιάο Τζουντσένγκ δηλώνει σοκαρισμένος και λυπημένος για το μεγάλο σιδηροδρομικό δυστύχημα που συνέβη στα Τέμπη κοντά στη Λάρισα, χθες το βράδυ. Εκ μέρους της κινεζικής πρεσβείας στην Ελλάδα, ο Κινέζος πρέσβης εκφράζει τα βαθύτατα συλλυπητήρια του για τους νεκρούς και εύχεται κουράγιο στους τραυματίες και τις οικογένειές τους. Σε ξεχωριστή ανάρτηση η κινεζική πρεσβεία εκφράζει ειλικρινή συλλυπητήρια και εύχεται κουράγιο στους συγγενείς και οικείους των θυμάτων από την τραγική σύγκρουση τρένων στα Τέμπη. «Ευχόμαστε από καρδιάς ταχεία ανάρρωση στους τραυματίες» σημειώνει επιπροσθέτως. «Θρηνούμε με τους Έλληνες φίλους μας και η σκέψη μας βρίσκεται στα θύματα και τις οικογένειές τους», έγραψε στο Twitter ο καγκελάριος Όλαφ Σολτς, αναφερόμενος σε «τρομακτικά νέα που έρχονται από το τραγικό σιδηροδρομικό δυστύχημα στην Ελλάδα». «Ευχόμαστε στους φίλους Έλληνες καλή δύναμη σε αυτές τις δύσκολες ώρες», καταλήγει ο κ. Σολτς. Τα συλλυπητήριά του για τη σιδηροδρομική τραγωδία εξέφρασε, επίσης με ανάρτησή του στο Twitter, ο υφυπουργός Στέγασης, Αστικής Ανάπτυξης και Κτιρίων Σέρεν Μπάρτολ, ο οποίος είναι και ο εντεταλμένος του καγκελάριου στην Ελληνογερμανική Συνέλευση. «Είμαι σοκαρισμένος από τα τρομακτικά γεγονότα. Οι σκέψεις μου βρίσκονται στους νεκρούς, στις οικογένειές τους, στους τραυματίες και στον ελληνικό λαό, στους οποίους εκφράζω τα βαθύτατα συλλυπητήριά μας», αναφέρει ο κ. Μπάρτολ στο μήνυμά του και συνοδεύει την ανάρτησή του από φωτογραφία ελληνικής σημαίας η οποία κυματίζει μεσίστια. Την θλίψη αλλά και την αλληλεγγύη της Γαλλίας διατύπωσε με αφορμή το τραγικό σιδηροδρομικό δυστύχημα στα Τέμπη ο Γάλλος Πρόεδρος Εμανουέλ Μακρόν. Σε ανακοίνωση που εξέδωσε το Ελιζέ ο Μακρόν αναφέρει ότι «η σκέψη μου είναι στους οικείους του τραγικού δυστυχήματος» και ότι «η Γαλλία βρίσκεται στο πλευρό των Ελλήνων». Σε ανακοινωθέν της ιταλικής προεδρίας της κυβέρνησης υπογραμμίζεται ότι «η Ιταλίδα πρωθυπουργός Τζόρτζια Μελόνι θέλει να εκφράσει στον ελληνικό λαό και στην κυβέρνηση της Αθήνας την βαθιά της θλίψη και συγκίνηση για το τρομερό σιδηροδρομικό ατύχημα της περασμένης νύχτας» «Από την ιταλική κυβέρνηση, θερμά συλλυπητήρια στις οικογένειες των θυμάτων και η ευχή να αναρρώσουν γρήγορα όλοι οι τραυματίες», καταλήγει το ανακοινωθέν. Εκφράζω συγκλονισμό και βαθύτατη θλίψη για την τραγωδία που επισυνέβη στην Ελλάδα με τη σύγκρουση των αμαξοστοιχιών που είχε ως αποτέλεσμα τον θάνατο δεκάδων ανθρώπων, αναφέρει σε γραπτή δήλωσή του ο Πρόεδρος της Κυπριακής Δημοκρατίας Νίκος Χριστοδουλίδης. Στην ίδια δήλωση ο κος Χριστοδουλίδης σημειώνει: Εκφράζω τα ειλικρινή μου συλλυπητήρια προς τις οικογένειες των θυμάτων, τον ελληνικό λαό και την κυβέρνηση της χώρας. ⇒  Συλλυπητήριο μήνυμα Ερντογάν σε Σακελλαροπούλου και Μητσοτάκη Έντι Ράμα: Νιώθουμε τον πόνο των αγαπημένων γειτόνων μας Συλλυπητήριο μήνυμα προέδρου της Κίνας Μήνυμα συμπαράστασης και συλλυπητήρια προς την Ελλάδα από τον Σολτς Μακρόν: Η Γαλλία βρίσκεται στο πλευρό των Ελλήνων Μελόνι: Θλίψη και συγκίνηση για το τρομερό σιδηροδρομικό ατύχημα στην Ελλάδα Συλλυπητήρια Ν. Χριστοδουλίδη προς τις οικογένειες των θυμάτων ",Newsroom,kathimerini.gr,2023-03-02,Διεθνή
https://www.kathimerini.gr/politics/562302934/tragodia-sta-tempi-mitsotakis-eycharistirio-minyma-gia-ti-diethni-symparastasi-sta-agglika/,Τραγωδία στα Τέμπη – Μητσοτάκης: Ευχαριστήριο μήνυμα για τη διεθνή συμπαράσταση,"Τραγωδία στα Τέμπη – Μητσοτάκης: Ευχαριστήριο μήνυμα για τη διεθνή συμπαράσταση «Σε όλους όσοι μας προσέγγισαν σε αυτή τη δύσκολη στιγμή, σας ευχαριστούμε» έγραψε ο πρωθυπουργός σε ανάρτηση του στο Twitter.  Ο πρωθυπουργός Κυριάκος Μητσοτάκης ευχαρίστησε, μέσα από μια ανάρτηση του στο Twitter γραμμένη στα αγγλικά, όλον τον κόσμο που έστειλε μηνύματα στήριξης και συμπαράστασης στην Ελλάδα μετά την τραγωδία στα Τέμπη. «Σε όλους όσοι μας προσέγγισαν σε αυτή τη δύσκολη στιγμή, σας ευχαριστούμε» έγραψε ο πρωθυπουργός, απευθυνόμενος έτσι τόσο στους ξένους ηγέτες όσο και στους ανθρώπους από όλο τον κόσμο που εξέφρασαν την αλληλεγγύη και τη συμπαράσταση τους προς την Ελλάδα. «Εν μέσω της τρομερής οδύνης και της απώλειας ζωής στα Τέμπη, μας εμψυχώνουν τα μηνύματα συμπαράστασης και συμπόνοιας από όλο τον κόσμο. Ευχαριστούμε όλους όσοι μας προσέγγισαν αυτή την πολύ δύσκολη στιγμή» έγραψε ο πρωθυπουργός. In the midst of the terrible suffering and loss of life at Tempi, we are heartened by the messages of sympathy and support from around the world. To all that have reached out during this very difficult time, we thank you. — Prime Minister GR (@PrimeministerGR) March 2, 2023 ⇒   Αναλυτικά η ανάρτηση του πρωθυπουργού",Newsroom,kathimerini.gr,2023-03-02,Πολιτική
https://www.kathimerini.gr/society/562302748/tempi-mathites-scholeion-schimatisan-me-tis-tsantes-toys-ti-frasi-pare-otan-ftaseis/,Τέμπη: Μαθητές σχολείων σχημάτισαν με τις τσάντες τους τη φράση «Πάρε όταν φτάσεις»,"Τέμπη: Μαθητές σχολείων σχημάτισαν με τις τσάντες τους τη φράση «Πάρε όταν φτάσεις» Μαθητές στα σχολεία της χώρας που λένε αντίο στους ανθρώπους που έχασαν τη ζωή τους στο σιδηροδρομικό δυστύχημα στα Τέμπη.  Ραγίζουν καρδιές οι μαθητές στα σχολεία της χώρας που, με τον δικό τους τρόπο, λένε αντίο στους ανθρώπους που έχασαν τη ζωή τους στο σιδηροδρομικό δυστύχημα στα Τέμπη. Συγκεκριμένα, τα παιδιά του 1ου Γυμνασίου Αγίων Αναργύρων σχημάτισαν με τις τσάντες τους τη φράση «Πάρε με όταν φτάσεις», ενώ σε μια παρόμοια ενέργεια προχώρησαν και οι μαθητές του 1ου ΓΕΛ Μενιδίου, οι οποία σχημάτισαν με τις σάκες τους τη λέξη «Τέμπη». Στη δική τους συμβολική κίνηση για την τραγωδία στα Τέμπη, προχώρησαν και οι μαθητές του Γυμνασίου και Λυκείου σε Πύλο και Μεσολλόγι, σχηματίζοντας με τις τσάντες τους, στο προαύλιο χώρο του σχολείου, τα συνθήματα «Πάρε όταν φτάσεις» και «Όχι άλλα εγκλήματα».  Πηγή: ΕΡΤ  ⇒  ",Newsroom,kathimerini.gr,2023-03-02,Ελλάδα / Κοινωνία
https://www.kathimerini.gr/society/562302646/ethniko-kentro-aimodosias-kalyfthikan-pliros-oi-anagkes-ton-traymation-sta-tempi/,«Ευχαριστώ στους αιμοδότες» – Καλύφθηκαν πλήρως οι ανάγκες των τραυματιών στα Τέμπη,"«Ευχαριστώ στους αιμοδότες» – Καλύφθηκαν πλήρως οι ανάγκες των τραυματιών στα Τέμπη Το «ευχαριστώ» του ΕΚΕΑ στη συγκινητική ανταπόκριση του κόσμου - Αναπληρώθηκαν τα αποθέματα αίματος  Ένα μεγάλο «ευχαριστώ» απευθύνει το Εθνικό Κέντρο Αιμοδοσίας σε όλους όσους προσήλθαν για να δώσουν αίμα για τους τραυματίες του τραγικού σιδηροδρομικού δυστυχήματος στα Τέμπη. «Η αιμοδοσία είναι πράξη αγάπης και απόδειξη κοινωνικής ευαισθησίας», αναφέρεται σε σχετική ανακοίνωση του ΕΚΕΑ για τη συγκλονιστική ανταπόκριση του κοινού. Σύμφωνα με το ΕΚΕΑ, η πρωτοφανής κινητοποίηση έφερε ως αποτέλεσμα τον υπερδιπλασιασμό της ημερήσιας συλλογής αίματος. Έτσι, μέσα σε λίγες ώρες καλύφθηκαν πλήρως οι ανάγκες των τραυματιών του δυστυχήματος, αναπληρώνοντας παράλληλα τα αποθέματα αίματος. «Αξίζει σε όλους τους εθελοντές αιμοδότες ένα μεγάλο “ευχαριστώ”, για το κύμα αγάπης και αλληλεγγύης, το οποίο επέδειξαν, αποτελώντας ένα φωτεινό μήνυμα μέσα στη θλίψη που προκάλεσε η χθεσινή τραγωδία στα Τέμπη», σημειώνεται. Ταυτόχρονα, το Εθνικό Κέντρο Αιμοδοσίας εκφράζει την ευγνωμοσύνη του, στο προσωπικό όλων των υπηρεσιών αιμοδοσίας της χώρας, που υπερέβαλλαν εαυτούς για την διευκόλυνση της προσέλευσης των αιμοδοτών., σε αρκετές περιπτώσεις παρατείνοντας το ωράριο λειτουργίας. Έχοντας πάντα υπόψη ότι η διάρκεια ζωής του αίματος είναι 35-42 μέρες και ότι οι ανάγκες για αίμα είναι σταθερές και ενδεχομένως να αυξηθούν ενόψει του Πάσχα, το ΕΚΕΑ προτρέπει τους εθελοντές να ανανεώσουν το ραντεβού τους για αιμοδοσία το επόμενο χρονικό διάστημα, κάτι που θα συμβάλλει στην ισορροπία των αποθεμάτων αίματος. «Για ακόμα μια φορά και με αφορμή ένα τραγικό γεγονός, επιβεβαιώθηκε ότι είναι πολύ σημαντικό να υπάρχουν επαρκή αποθέματα αίματος για να μπορούμε να ανταποκρινόμαστε σε έκτακτες καταστάσεις, κάτι που μπορεί να γίνει πράξη μόνο μέσα από την αύξηση του αριθμού συνειδητοποιημένων τακτικών αιμοδοτών», καταλήγει η σχετική ανακοίνωση. ⇒  ",Newsroom,kathimerini.gr,2023-03-02,Ελλάδα / Κοινωνία
https://www.kathimerini.gr/politics/562301563/i-tragodia-sta-tempi-kai-ta-senaria-gia-ton-chrono-ton-eklogon/,Η τραγωδία στα Τέμπη και τα σενάρια για τον χρόνο των εκλογών,"Η τραγωδία στα Τέμπη και τα σενάρια για τον χρόνο των εκλογών Αναπόφευκτα η ανείπωτη τραγωδία άνοιξε και τη συζήτηση για τον χρόνο των εκλογών - Ο βασικός σχεδιασμός για τις 9 Απριλίου, το χρονοδιάγραμμα και τα σενάρια  Τη σύσταση ανεξάρτητης και υπερκομματικής επιτροπής εμπειρογνωμόνων που θα ερευνήσει τα αίτια του δυστυχήματος στα Τέμπη ανακοίνωσε ο πρωθυπουργός Κυριάκος Μητσοτάκης, αμέσως μετά την επιστροφή του το απόγευμα της Τετάρτης από τον τόπο της τραγωδίας. «Ο υπουργός Υποδομών και Μεταφορών Κώστας Καραμανλής, αναλαμβάνοντας την αντικειμενική πολιτική ευθύνη, υπέβαλε αμέσως την παραίτησή του. Το ίδιο και οι επικεφαλής του ΟΣΕ και της ΕΡΓΟΣΕ», είπε και πρόσθεσε πως «η στάση του τον τιμά, καθώς όλα δείχνουν πως το δράμα οφείλεται, δυστυχώς, κυρίως σε τραγικό ανθρώπινο λάθος». Ανακοινώνοντας πως μεταβατικός υπουργός αναλαμβάνει ο κ. Γεραπετρίτης, ο πρωθυπουργός ανέφερε τη σύσταση της επιτροπής, «που θα εξετάσει πλήρως τα αίτια του δυστυχήματος» αλλά «θα εξετάσει και τις διαχρονικές καθυστερήσεις στην υλοποίηση των σιδηροδρομικών έργων». Ο πρωθυπουργός τόνισε ακόμα πως «το “ποτέ ξανά” που άκουσα στη Λάρισα δεν θα μείνει λόγος κενός» και η πολιτεία θα σταθεί δίπλα στις οικογένειες των θυμάτων. Ουσιαστικά ο πρωθυπουργός περιέγραψε τα όσα είχαν διαφανεί ήδη κατά την πρωινή επίσκεψή του στον τόπο της τραγωδίας, όπου και εξέφρασε τη βούληση αυτή να μη μείνει ατιμώρητη: «Θα κάνουμε ό,τι περνά από το χέρι μας για να μην ξανασυμβεί ποτέ κάτι τέτοιο», είχε αναφέρει. Αναπόφευκτα η ανείπωτη τραγωδία άνοιξε και τη συζήτηση για τον χρόνο των εκλογών. Βάσει του σχεδιασμού που κινείτο η κυβέρνηση οι εκλογές προορίζονταν για τις 9 Απριλίου, ενώ αναμενόταν να προκηρυχθούν την επόμενη εβδομάδα, πιθανότατα στις 8 Μαρτίου, με τη Βουλή να κλείνει δύο μέρες αργότερα. Αύριο, μάλιστα, θα ελάμβανε χώρα κατά πάσα πιθανότητα το τελευταίο υπουργικό συμβούλιο, το οποίο δεν θα γίνει καθώς στη χώρα έχει κηρυχθεί τριήμερο πένθος. Το ερώτημα είναι πλέον εάν το αρχικό πλάνο μπορεί να τηρηθεί. Το πρώτο σενάριο λέει πως οι εκλογές μπορεί να γίνουν βάσει του αρχικού σχεδιασμού, καθώς τα νομοσχέδια που θα έρχονταν την επόμενη εβδομάδα στη Βουλή –ορισμένα αποτελούν προαπαιτούμενα για εκταμίευση πόρων από το Ταμείο Ανάκαμψης– προλαβαίνουν «έστω οριακά», όπως αναφέρει πηγή, να έρθουν κανονικά και ακολούθως να τηρηθεί το χρονοδιάγραμμα. Οι εκλογές, ο βασικός σχεδιασμός για τις 9 Απριλίου, το χρονοδιάγραμμα και τα σενάρια. Υπάρχει όμως και δεύτερο σενάριο που λέει πως η Βουλή θα παραμείνει ανοιχτή για μία εβδομάδα και θα κλείσει τελικά στις 17 Μαρτίου και όχι στις 10 του μηνός. Αυτό θα πρέπει να συμβεί καθώς κατά κοινοβουλευτικές πηγές, λόγω του τριήμερου πένθους η Βουλή έχει κλείσει και δεν προλαβαίνει να ολοκληρωθεί η διαδικασία κατάθεσης και ψήφισης των νομοσχεδίων. Σε αυτή την περίπτωση το ερώτημα είναι εάν οι εκλογές προλαβαίνουν να γίνουν στις 9 Απριλίου. Συνταγματικά η απάντηση είναι θετική, καθώς το Σύνταγμα προβλέπει 21 μέρες ως μίνιμουμ προεκλογικής περιόδου και ο πρωθυπουργός μπορεί να προκηρύξει εκλογές έως τις 19 Μαρτίου και να γίνουν στις 9 Απριλίου. Πρακτικά ωστόσο ο χρόνος των 21 ημερών είναι ασφυκτικός για την προετοιμασία των διαδικαστικών των εκλογών. Το τρίτο σενάριο λέει πως οι εκλογές μπορεί να μετατεθούν για τις 23 Απριλίου, δηλαδή δύο εβδομάδες μετά. Σύμφωνα με πληροφορίες της «Κ», από το υπουργείο Εσωτερικών μεταξύ των δύο εκλογών δεν μπορούν να μεσολαβήσουν λιγότερες από 40 ημέρες. Συνεπώς εάν οι πρώτες εκλογές ελάμβαναν χώρα στις 23 Απριλίου, τότε οι δεύτερες δεν θα μπορούσαν να γίνουν νωρίτερα από τις 4 Ιουνίου, κάτι πρακτικά αδύνατο καθώς 1 Ιουνίου ξεκινούν οι Πανελλαδικές. Το τελευταίο σενάριο είναι να απομακρυνθούν περαιτέρω και οι πρώτες κάλπες, δηλαδή να πάνε τον Μάιο. Είτε στις 14 Μαΐου με τις επαναληπτικές να πηγαίνουν στις 2 Ιουλίου, δηλαδή 49 μέρες μετά καθώς στις 42 ημέρες θα διεξάγονται ακόμα Πανελλαδικές, είτε στις 21 Μαΐου με τις επαναληπτικές να γίνονται 42 ημέρες μετά και πάλι στις 2 Ιουλίου. Τα σενάρια των εκλογών",Σταύρος Παπαντωνίου,kathimerini.gr,2023-03-02,Πολιτική
https://www.kathimerini.gr/politics/562302550/tilefoniki-epikoinonia-mitsotaki-christodoylidi-gia-tin-tragodia-sta-tempi/,Τηλεφωνική επικοινωνία Μητσοτάκη – Χριστοδουλίδη για την τραγωδία στα Τέμπη,"Τηλεφωνική επικοινωνία Μητσοτάκη – Χριστοδουλίδη για την τραγωδία στα Τέμπη Οι δύο ηγέτες συζήτησαν για την πορεία των ερευνών για τον εντοπισμό αγνοουμένων, στους οποίους συμπεριλαμβάνονται δύο Κύπριοι πολίτες  Τηλεφωνική επικοινωνία είχαν ο πρωθυπουργός Κυριάκος Μητσοτάκης με τον πρόεδρο της Κυπριακής Δημοκρατίας, Νίκο Χριστοδουλίδη, με κύριο θέμα το σιδηροδρομικό δυστύχημα στα Τέμπη. Όπως αναφέρεται σε ανακοινώσεις του Μαξίμου και της κυπριακής προεδρίας, ο κ. Χριστοδουλίδης εξέφρασε τα ειλικρινή και βαθιά συλλυπητήρια του ιδίου, της κυβέρνησης και του κυπριακού λαού για την τραγωδία που είχε ως αποτέλεσμα τον θάνατο δεκάδων ανθρώπων. Ο κ. Χριστοδουλίδης επανέλαβε την ετοιμότητα της Κυπριακής Δημοκρατίας να συνδράμει καθοιονδήποτε τρόπο της ζητηθεί στην αντιμετώπιση της τραγωδίας. Από την πλευρά του, ο κ. Μητσοτάκης ευχαρίστησε τον Πρόεδρο Νίκο Χριστοδουλίδη και τον ενημέρωσε για την κατάσταση όπως αυτή εξελίσσεται, καθώς και για την πορεία των ερευνών σε σχέση με τους δύο Κύπριους πολίτες που επέβαιναν στο επιβατικό τρένο και οι οποίοι εξακολουθούν να αγνοούνται. ⇒  ",Newsroom,kathimerini.gr,2023-03-02,Πολιτική
https://www.kathimerini.gr/society/562302625/tragodia-sta-tempi-ayto-to-meros-moiazei-me-katarameno-iatrodikastes-miloyn-stin-k/,Τραγωδία στα Τέμπη: «Το ψυχικό φορτίο σε κάθε τραγωδία μεγαλώνει» – Ιατροδικαστές μιλούν στην «Κ»,"Τραγωδία στα Τέμπη: «Το ψυχικό φορτίο σε κάθε τραγωδία μεγαλώνει» – Ιατροδικαστές μιλούν στην «Κ» Για την ψυχοφθόρα διαδικασία της νεκροτομής μίλησαν στην «Κ» τρεις ιατροδικαστές από Αθήνα και Θεσσαλονίκη, οι οποίοι βρέθηκαν στη Λάρισα  Οι σοροί από το τραγικό δυστύχημα στα Τέμπη μεταφέρονται η μία μετά την άλλη στο ΓΝ Λάρισας, όπου έχει ενεργοποιηθεί το «πρωτόκολλο μαζικών καταστροφών» και η ταυτοποίηση γίνεται με τη μέθοδο DNA, καθώς στις περισσότερες περιπτώσεις είναι αδύνατη η αναγνώριση των θυμάτων από τις οικογένειές τους. Για το δύσκολο έργο της νεκροτομής μίλησαν στην «Κ» τρεις ιατροδικαστές από Αθήνα και Θεσσαλονίκη, οι οποίοι βρέθηκαν στη Λάρισα, προκειμένου να βοηθήσουν το κλιμάκιο του γενικού νοσοκομείου της πόλης. Σύμφωνα με πληροφορίες, η ιατροδικαστική ομάδα έχει πραγματοποιήσει 43 νεκροτομές. «Εξαρχής ήταν κατανοητό πως η διαδικασία της αναγνώρισης ήταν πολύ δύσκολη, καθώς αρκετές σοροί ήταν απανθρακωμένες. Γι’ αυτό προχωρήσαμε στο στάδιο της ταυτοποίησης με DNA. Όταν ολοκληρωθεί η εργαστηριακή διερεύνηση οι αρμόδιοι της αστυνομίας θα ανακοινώσουν τα αποτελέσματα», αναφέρει η ιατροδικαστής Ελένη Ζαγγελίδου. Μιλώντας στην «Κ» ο ιατροδικαστής, Νίκος Καρακούκης, μας εξηγεί πως το διεθνές πρωτόκολλο έχει αλλάξει και ακολουθείται υποχρεωτικά η ταυτοποίηση μέσω DNA, διαδικασία που είναι και αλάθητη. «Κι αυτό γιατί στις περιπτώσεις που οι σοροί έχουν υποστεί τόσο μεγάλη αλλοίωση, η μακροσκοπική μέθοδος αναγνώρισης δεν είναι αρκετή», προσθέτει ο κ. Καρακούκης. Ο ίδιος μαζί με τον ιατροδικαστή κ. Νίκο Καλογριά επισημαίνουν στην «Κ» πως η ταυτοποίηση μέσω DNA, αφότου ληφθεί δείγμα μυϊκού ιστού, θα γίνει με τον ίδιο τρόπο, όπως έγινε και στην τραγωδία στο Μάτι. «Εγώ και ο κ. Καρακούκης ήμασταν εκεί. Ιατροδικαστικά και οι δύο τραγωδίες έχουν πολλά κοινά, καθώς και στο Μάτι υπήρχαν πολλές απανθρακωμένες σοροί και δυστυχώς και τώρα στα Τέμπη. Επίσης και στις δύο περιπτώσεις δεν υπήρχε ακριβής λίστα με τα ονόματα των θυμάτων, γεγονός που δυσχεραίνει το ιατρικό κομμάτι της δουλειάς μας», αναφέρει από την πλευρά του ο κ. Καλογριάς, τονίζοντας επίσης πως και στις δύο τραγωδίες πολλά από τα θύματα ήταν νέοι άνθρωποι. Ωστόσο παρά την εμπειρία χρόνων που έχουν και οι τρεις ιατροδικαστές, η διαδικασία ήταν πολύ δύσκολη και ψυχοφθόρα, καθώς στην πλειοψηφία τους οι νεκροί ήταν ηλικίας 15-18 ετών. «Ως ιατροδικαστής έχω βρεθεί στην τραγωδία στο Μάτι, στην πτώση του Helios του 2005 και σε άλλα πολύνεκρα δυστυχήματα. Κάθε περίπτωση είναι από μόνη της πολύ επώδυνη και δεν πρέπει να ξεχνάμε πως εμείς οι ιατροδικαστές είμαστε κυρίως άνθρωποι. Σχετικά με το δυστύχημα στα Τέμπη, απλά σκέφτομαι τον πόνο του γονέα που έχει χάσει το παιδί του και ξέρω πως το δικό μου συναίσθημα είναι πολύ “μικρό” μπροστά σε αυτά που βιώνουν αυτοί οι άνθρωποι», αναφέρει ο κ. Καρακούκης. Από την πλευρά της η κ. Ζαγγελίδου θυμάται πως είχε συνδράμει στην ιατροδικαστική διαδικασία και το 2003, όταν 21 μαθητές είχαν βρει τραγικό θάνατο σε τροχαίο δυστύχημα στην ίδια τοποθεσία. «Ο πόνος είναι πάντα μεγάλος ειδικά όταν μιλάμε για μικρά παιδιά και νέους. Δυστυχώς σε αυτό το μέρος, που μοιάζει με καταραμένο, τα θύματα και τότε και τώρα ήταν νέα παιδιά. Μπορεί να έχω αποκτήσει όλα αυτά τα χρόνια την τεχνική εμπειρία στη διαχείριση μαζικών απωλειών, αλλά ποτέ δεν μπορούμε να ελέγξουμε τα συναισθήματα που μας κατακλύζουν. Το ψυχικό φορτίο που κουβαλάμε είναι τεράστιο και σε κάθε μία τραγωδία αυτό μεγαλώνει», καταλήγει η κ. Ζαγγελίδου. ⇒  Οι σοροί θα ταυτοποιηθούν όπως συνέβη και στο Μάτι Ο πόνος είναι πάντα μεγάλος",Σοφία Χρήστου,kathimerini.gr,2023-03-02,Ελλάδα / Κοινωνία
https://www.kathimerini.gr/society/562300981/tragodia-sta-tempi-ti-tha-poyme-ston-kosmo-poy-echase-ta-paidia-toy/,Τραγωδία στα Τέμπη: «Τι θα πούμε στον κόσμο που έχασε τα παιδιά του;»,"Τραγωδία στα Τέμπη: «Τι θα πούμε στον κόσμο που έχασε τα παιδιά του;» Ο Παναγιώτης Καρκατσούλης, εμπειρογνώμονας Δημόσιας Διοίκησης, επιχειρεί μιλώντας στην «Κ» να κάνει μια πρώτη ανάλυση για τα αίτια του πολύνεκρου δυστυχήματος στα Τέμπη  Τι πήγε λάθος και τι θα μπορούσε να γίνει διαφορετικά στην περίπτωση του τραγικού δυστυχήματος στα Τέμπη που κόστισε -μέχρι στιγμής- τη ζωή σε 43 ανθρώπους; Στα παραπάνω ερωτήματα επιχειρεί να απαντήσει, με όσα δεδομένα είναι διαθέσιμα ως τώρα, ο Παναγιώτης Καρκατσούλης, εμπειρογνώμονας Δημόσιας Διοίκησης. «Αυτή τη στιγμή ακούμε πολλά και δεν γνωρίζουμε ακόμα όλες τις λεπτομέρειες της συγκλονιστικής αυτής τραγωδίας, υπάρχουν όμως αρκετά πράγματα που μπορούμε να πούμε συνολικά για το σύστημα της δημόσιας ασφάλειας των πολιτών στην Ελλάδα, όταν οι τελευταίοι μπορούν εν δυνάμει να βρεθούν εκτεθειμένοι σε καταστροφές» ξεκινάει να λέει στην «Κ» ο κ. Καρκατσούλης, ο οποίος σημειώνει πως είναι πολλά χρόνια τώρα που ακούμε για τα προβλήματα που υπάρχουν στους ελληνικούς σιδηρόδρομους. Ο ίδιος αναφέρει το «τένις αρμοδιοτήτων» που υπάρχει στον ΟΣΕ σε πολύ απλά και βασικά πράγματα, όπως για παράδειγμα το ποιος πρέπει να συλλέγει τα κλαριά που συχνά πέφτουν κατά μήκος των σιδηροδρομικών γραμμών. «Είναι ένα μοτίβο αυτό της μετάθεσης των ευθυνών, το οποίο βλέπουμε να επαναλαμβάνεται σε κάθε καταστροφή ή δυστύχημα στη χώρα μας», σημειώνει ο κ. Καρκατσούλης και εξηγεί περαιτέρω: «Αυτό το “ποιός έπρεπε να μαζέψει τα κλαριά”, ήταν κάτι που ακούγαμε για παράδειγμα και στην κακοκαιρία Μήδεια, με τις ευθύνες να μεταφέρονται τότε από το δασαρχείο στους δήμους και από εκεί στην περιφέρεια κι από εκεί στον ΔΕΔΔΗΕ και πάει λέγοντας. Αν δυσκολευόμαστε λοιπόν να κρατήσουμε καθαρή τη σιδηροδρομική γραμμή πώς θα πάμε στα πιο ουσιώδη, όπως είναι τα ηλεκτρονικά συστήματα σήμανσης, τα οποία σύμφωνα με τους εργαζομένους, δεν λειτουργούσαν; Αν το σύστημα ήταν τελικά ανενεργό και τα τρένα έτρεχαν “στον αέρα”, αυτό από μόνο του είναι συγκλονιστικό. Είναι αυτό ακριβώς το σύστημα που θα έπρεπε να ενεργοποιείται σε περιπτώσεις ανθρώπινου λάθους, όπως φαίνεται πως είναι η συγκεκριμένη. Το τρένο θα έπρεπε να ακινητοποιείται. Πώς μπορούμε να δεχτούμε ότι δύο τρένα σε αντίθετη κατεύθυνση κινούνται πάνω στην ίδια γραμμή;» διερωτάται. Ο εμπειρογνώμονας υπογραμμίζει μάλιστα πως δεν είναι υπερβολικό να πούμε ότι η συγκεκριμένη τραγωδία είναι χειρότερη κι από αυτήν στο Μάτι, όπου κάποιος θα μπορούσε ενδεχομένως να πει ότι η τρομερή ένταση του αέρα, διαμόρφωσε πρωτοφανείς συνθήκες, απρόβλεπτες ίσως, σε σημαντικό βαθμό. «Στην προκειμένη δεν υπάρχει τέτοιος εξωτερικός παράγοντας – δεν χιονίζει, δεν έχει θεομηνία, ποιό ήταν το πρόβλημα που δεν μπορούσε να προβλεφθεί;» αναρωτιέται ο κ. Καρκατσούλης, ο οποίος κάνει λόγο για βαριές παραλείψεις. Για τον κ. Καρκατσούλη, η πιο σημαντική παράλειψη που φαίνεται να υπάρχει στην προκειμένη είναι η απουσία του επιχειρησιακού σχεδίου αντιμετώπισης του δυστυχήματος. «Πού ήταν το σχέδιο έκτακτης ανάγκης; Ποιοι είναι οι μηχανισμοί αντίδρασης και συντονισμού; Αν υπήρχαν αυτά τα σχέδια, ποιος τα γνώριζε και ποιοι ήταν επιφορτισμένοι με το να τα ενεργοποιήσουν;» είναι τα διαδοχικά ερωτήματα, τα οποία θέτει, επισημαίνοντας πως πρέπει να απαντηθούν. Ο ίδιος μάλιστα προσθέτει πως τα συστήματα συντονισμού στην Ελλάδα είναι σχεδόν μηδενικά, είτε η καταστροφή ονομάζεται «Μάτι», είτε «Μήδεια», είτε «δυστύχημα στα Τέμπη». Και όπως συμπληρώνει: «Αν διατρέξει κάποιος τα σχέδια του “Ξενοκράτη” για τις καταστροφές, θα δει πως τα δικά μας, σε αντίθεση με αυτά που ισχύουν σε άλλες ευρωπαϊκές χώρες, δεν έχουν επιχειρησιακό χαρακτήρα αλλά κανονιστικό, σε μια κατεύθυνση, ας πούμε, “προσταγών”. Είμαστε ευρωπαϊκό κράτος αλλά συστήματα προσομοιώσεων για ατυχήματα δεν έχουμε. Ρίχνουμε εύκολα την ευθύνη σε ένα άτομο, όπως βλέπουμε να συμβαίνει στην προκειμένη με τον σταθμάρχη και αποποιούμαστε των ευθυνών μας». «Πώς επιλέγονται οι άνθρωποι σε όλα αυτά τα πόστα, αρχής γενομένης από τον επικεφαλής; Ποιος τους ελέγχει; Σε ποιόν λογοδοτούν;» Το δεύτερο νευραλγικό πρόβλημα κατά τον εμπειρογνώμονα και διοικητικό επιστήμονα, είναι η ίδια η αντίληψη της δουλειάς που έχουν οι δημόσιοι υπάλληλοι στη χώρα μας ή οι υπάλληλοι οι οποίοι βρίσκονται σε πόστα ευθύνης οργανισμών που έχουν να κάνουν και με τη δημόσια υγεία. «Πρόκειται για τον φόβο των συνεπειών των πράξεων, ο οποίος οδηγεί τελικά σε μια λογική: “εμένα η δουλειά μου αρχίζει και τελειώνει εδώ και τίποτα άλλο δεν γνωρίζω για τη συνολική αλυσίδα της εργασίας”» εξηγεί ο κ. Καρκατσούλης και θέτει σε αυτό το σημείο ακόμα ένα ερώτημα: «Πώς επιλέγονται λοιπόν οι άνθρωποι σε όλα αυτά τα πόστα, αρχής γενομένης από τον επικεφαλής; Ποιος τους ελέγχει; Σε ποιον λογοδοτούν; Η κατάσταση στα ζητήματα δημόσιας ασφάλειας και του ευρύτερου ζητήματος πολιτικής προστασίας παραμένει τραγική στη χώρα μας και κανέναν δεν αφορά αν η Hellenic Train ανήκει ή όχι στο δημόσιο. Αυτό που μας ενδιαφέρει είναι η διασφάλιση της υγείας των πολιτών στην επικράτεια και αυτό ναι, είναι ευθύνη του κράτους. Το υπουργείο Κλιματικής Κρίσης και Πολιτικής Προστασίας θα έπρεπε να έχει εκπονήσει σχέδιο έκτακτης ανάγκης διαθέσιμο και στο υπουργείο Υποδομών και Μεταφορών για περιπτώσεις σαν κι αυτήν». Και συνεχίζει ο κ. Καρκατσούλης: «Μιλάμε για τις συγκοινωνίες, μιλάμε για τη μετακίνηση χιλιάδων πολιτών και μιλάμε λοιπόν για τρομακτικές ευθύνες. Ευθύνες που αντικατοπτρίζουν τον τρόπο με τον οποίο κατανέμονται οι αρμοδιότητες στην Ελλάδα – θραυσμεύνες πάντοτε, αποσπασματικές και περιχαρακωμένες, σταθερά έξω από την κουλτούρα της πολιτικής προστασίας, η οποία βρίσκεται σταθερά σε σαθρό έδαφος». Όλα τα παραπάνω τελικά οδηγούν σύμφωνα με τον κ. Καρκατσούλη σε μια κουλτούρα ατιμωρησίας. O ίδιος υπενθυμίζει μάλιστα πως έπρεπε να περάσουν πέντε ολόκληρα χρόνια για να ξεκινήσει η δίκη για το Μάτι. Ο εμπειρογνώμονας τονίζει πως σε αυτή την κουλτούρα της ατιμωρησίας, συμβάλλει κι η αντίδραση του κράτους κάθε φορά που συμβαίνει ένα τραγικό γεγονός: «Στην αρχή βιαζόμαστε να αποδώσουμε ευθύνες, λέμε ότι ενεργοποιούμε εισαγγελείς και παραγγέλνουμε έρευνες, υπερηφανευόμαστε ότι αστυνομία και πυροσβεστική κάνουν ό,τι μπορούν, αλλά μετά από λίγο οι υποθέσεις μπαίνουν βαθιά στα συρτάρια». O ίδιος κρατάει για το τέλος το πιο ουσιαστικό ερώτημα που συνοψίζει την τραγωδία – «Τι θα πούμε σε όλο αυτόν τον κόσμο που έχασε τα παιδιά του; Τι επιχείρημα έχουμε;»  Απουσία σχεδίου έκτακτης ανάγκης και κουλτούρα ατιμωρησίας",Δήμητρα Τριανταφύλλου,kathimerini.gr,2023-03-02,Ελλάδα / Κοινωνία
https://www.kathimerini.gr/society/562302142/tragodia-sta-tempi-xekinoyn-kai-pali-oi-ereynes-sto-trito-vagoni-ston-anakriti-o-stathmarchis/,Τραγωδία στα Τέμπη: Συνεχίζονται οι έρευνες για αγνοούμενους,"Τραγωδία στα Τέμπη: Συνεχίζονται οι έρευνες για αγνοούμενους Έξι από τους τραυματίες, όλοι τους νέοι άνθρωποι ηλικίας 21-26 ετών, νοσηλεύονται στη Μονάδα Εντατικής Θεραπείας  Με το πρώτο φως της μέρας ξεκίνησαν εκ νέου σήμερα Πέμπτη οι έρευνες από τα σωστικά συνεργεία και τα γερανοφόρα οχήματα στο τρίτο βαγόνι της μοιραίας αμαξοστοιχίας IC62, η οποία συγκρούστηκε αργά το βράδυ της Τρίτης με εμπορικό τρένο στην περιοχή Ευαγγελισμός, κοντά στα Τέμπη. Χθες Τετάρτη, κατά την διάρκεια της έρευνας, επιχείρησαν 72 πυροσβέστες με 24 οχήματα, 3 ομάδες της Ειδικής Μονάδας Αντιμετώπισης Καταστροφών και 2 ομάδες της Ειδικής Μονάδας Δασικών Επιχειρήσεων, ενώ συνεχής είναι η παρουσία του Εθνικού Κέντρου Άμεσης Βοήθειας. Οι επιβεβαιωμένοι νεκροί που έχουν ανασυρθεί μέχρι στιγμής από τα συντρίμμια της επιβατικής αμαξοστοιχίας ανέρχονται σε 43, σύμφωνα με την ιατροδικαστική υπηρεσία της Λάρισας. Παράλληλα συνεχίστηκε, μέχρι αργά χθες, και η ταυτοποίηση των σορών από τους συγγενείς τους, στο Γενικό Νοσοκομείο με τη διαδικασία της λήψης DNA, ενώ οι συγγενείς των θυμάτων και των τραυματιών αργότερα κατευθύνθηκαν προς τα ξενοδοχεία που έχουν διατεθεί για να τους φιλοξενήσουν. Αξίζει να σημειωθεί πως φίλοι και συγγενείς αναζητούν ακόμα αγνοούμενους και κάνουν ότι είναι δυνατόν να τους εντοπίσουν. Με μηνύματα ακόμα και στα social media ζητούν πληροφορίες για τους δικούς τους ανθρώπους. Όσον αφορά στους νοσηλευόμενους επιβάτες, από τους 72, δεκαπέντε πήραν χθες εξιτήριο, ενώ 57 επιβάτες παραμένουν για νοσηλεία στα δύο νοσοκομεία της Λάρισας (Πανεπιστημιακό και Γενικό). Έξι από τους τραυματίες, όλοι τους νέοι άνθρωποι ηλικίας 21-26 ετών, νοσηλεύονται στη Μονάδα Εντατικής Θεραπείας. Σύμφωνα με ρεπορτάζ της ΕΡΤ, μάχη για τη ζωή τους δίνουν ένας νεαρός με κρανιοεγκεφαλικές κακώσεις, καθώς και δύο κοπέλες με βαριά εγκαύματα. Στον εισαγγελέα και στον ανακριτή θα προσαχθεί σήμερα ο σταθμάρχης της Λάρισας, ο οποίος είναι αντιμέτωπος με βαριές κατηγορίες, ενώ φέρεται ότι παραδέχθηκε το μοιραίο λάθος του. Επίσης, στον τόπο της τραγωδίας θα γίνει αυτοψία του δυστυχήματος από την Τροχαία της Λάρισας. Σύμφωνα με πληροφορίες, ο σταθμάρχης Λάρισας προχώρησε σε πλήρη ομολογία. Ο συλληφθείς όχι μόνον παραδέχθηκε ότι έβαλε τη μοιραία αμαξοστοιχία σε λάθος τροχιά, πρόσθεσε ότι κατάλαβε το εγκληματικό λάθος μόλις πληροφορήθηκε για το τραγικό δυστύχημα. Τότε, όπως ανέφερε απολογούμενος, αντιλήφθηκε τις συνέπειες των όσων είχε κάνει, δρομολογώντας την επιβατική αμαξοστοιχία σε λάθος ράγες. Στη δημοσιότητα δόθηκε βίντεο από τη στιγμή της σύγκρουσης των δύο τρένων, ενώ η είδηση έκανε τον γύρο του κόσμου και για μεγάλο διάστημα κυριάρχησε στα μεγαλύτερα διεθνή ΜΜΕ. Ο πρωθυπουργός Κυριάκος Μητσοτάκης, αφού επισκέφτηκε το σημείο της τραγωδίας, σε δήλωση του δεσμεύθηκε ότι οι ευθύνες θα αποδοθούν, αναφέροντας παράλληλα ότι θα συσταθεί ανεξάρτητη και υπερκομματική επιτροπής εμπειρογνωμόνων. Ανακοίνωσε ότι ο υπουργός Επικρατείας Γιώργος Γεραπετρίτης αναλαμβάνει μεταβατικός υπουργός Μεταφορών και επισήμανε ότι «όλα δείχνουν πως το δράμα οφείλεται, δυστυχώς, κυρίως σε τραγικό ανθρώπινο λάθος». Είχε προηγηθεί νωρίτερα η παραίτηση του υπουργού Μεταφορών και Υποδομών, Κώστα Αχ. Καραμανλή. «Είναι αυτό που νιώθω καθήκον μου να πράξω ως ελάχιστη ένδειξη σεβασμού στη μνήμη των ανθρώπων που έφυγαν τόσο άδικα και αναλαμβάνοντας την ευθύνη για τα διαχρονικά λάθη του ελληνικού κράτους και του πολιτικού συστήματος», ανέφερε σε δήλωσή του. Παράλληλα, τριήμερο εθνικό πένθος μεταξύ 1-3 Μαρτίου 2023, με μεσίστια έπαρση σημαίας σε όλα τα δημόσια κτίρια και αναστολή των δημοσίων εορταστικών εκδηλώσεων, κήρυξε χθες ο πρωθυπουργός. Στη διεξαγωγή έκτακτης αιμοδοσίας προχωρούν η Περιφέρεια Αττικής και κάποιοι δήμοι, προκειμένου να συνδράμουν στην ανάγκη που υπάρχει για τους τραυματίες του τραγικού σιδηροδρομικού δυστυχήματος στα Τέμπη. Σε έκτακτη εθελοντική αιμοδοσία καλεί τους πολίτες ο δήμος Αθηναίων σήμερα, Πέμπτη 2 Μαρτίου, από τις 10:00 – 15:00: Ο δήμος Ηλιούπολης ανακοίνωσε πως θα την πραγματοποιήσει στο Περιφερειακό Γενικό Νοσοκομείο Αθηνών «Γεώργιος Γεννηματάς» σε συνεργασία με το Κέντρο Αιμοδοσίας του Νοσοκομείου, καθημερινά από τις 8:30 το πρωί έως τις 6 το απόγευμα και το σαββατοκύριακο από τις 8:30 το πρωί έως τις 2 το μεσημέρι. Έκτακτη αιμοδοσία για την κάλυψη των αναγκών των τραυματιών από την τραγωδία στα Τέμπη, θα πραγματοποιηθεί σήμερα Πέμπτη 2/3 στο ισόγειο του κεντρικού κτιρίου της Περιφέρειας Αττικής (Συγγρού 15-17) από τις 9.00 π.μ. έως τις 1.30 μ.μ. Παρόμοιες αιμοδοσίες έχουν προγραμματιστεί και σε πολλές περιοχές σε όλη τη χώρα. ⇒  1ο Δημοτικό Ιατρείο (Σόλωνος 78) – Τηλ. για ραντεβού: 2103626587 2ο Δημοτικό Ιατρείο (Φανοσθένους και Φρειδερίκου Σμιθ, Νέος Κόσμος) – Τηλ. για ραντεβού: 2109239865 5ο Δημοτικό Ιατρείο (Σαρανταπόρου 4, Πατήσια) – Τηλ. για ραντεβού: 2102015510 Ενώπιον εισαγγελέα και ανακριτή σήμερα ο σταθμάρχης H υπόσχεση Μητσοτάκη και η παραίτηση Καραμανλή Έκτακτες αιμοδοσίες σήμερα στην Αττική",Newsroom,kathimerini.gr,2023-03-02,Ελλάδα / Κοινωνία
https://www.kathimerini.gr/society/562301530/tragodia-sta-tempi-ston-eisaggelea-simera-o-stathmarchis-larisas-paradechthike-to-moiraio-sfalma-toy/,Τραγωδία στα Τέμπη: Στον εισαγγελέα σήμερα ο σταθμάρχης Λάρισας – Παραδέχθηκε το μοιραίο σφάλμα του,"Τραγωδία στα Τέμπη: Στον εισαγγελέα σήμερα ο σταθμάρχης Λάρισας – Παραδέχθηκε το μοιραίο σφάλμα του Ο σταθμάρχης φέρεται να είπε ότι μόλις πληροφορήθηκε το τραγικό δυστύχημα, αντιλήφθηκε το λάθος του  Προς κάθε κατεύθυνση και με γρήγορους ρυθμούς κινούνται οι έρευνες για το τραγικό δυστύχημα στα Τέμπη με εντολή του εισαγγελέα του Αρείου Πάγου, Ισίδωρου Ντογιάκου, ο οποίος παρενέβη άμεσα χθες το πρωί, διατάσσοντας εισαγγελική εποπτεία στο ανώτατο επίπεδο για το σύνολο των ερευνών. Η εποπτεία ανατέθηκε στον ανώτατο εισαγγελικό λειτουργό της περιοχής, τον προϊστάμενο της Εισαγγελίας Εφετών Λάρισας, Σταμάτη Δασκαλόπουλο, εμπειρότατο εισαγγελέα, που βρέθηκε επί τόπου από νωρίς χθες το πρωί, ενώ όρισε εισαγγελείς να παρίστανται στην προανακριτική απολογία του σταθμάρχη της Λάρισας αλλά και στον τόπο του δυστυχήματος. Ο σταθμάρχης της Λάρισας, σύμφωνα με πληροφορίες της «Κ», όχι μόνον παραδέχθηκε ενώπιον εισαγγελέα τις εγκληματικές παραλείψεις του και πως έβαλε την αμαξοστοιχία σε λάθος τροχιά, αλλά πρόσθεσε ότι κατάλαβε το μοιραίο λάθος μόλις πληροφορήθηκε για το τραγικό δυστύχημα. Ο συλληφθείς προσάγεται σήμερα το πρωί στον εισαγγελέα με βαρύτατες κατηγορίες για ανθρωποκτονίες από αμέλεια κατά συρροήν και σωματικές βλάβες με τον ίδιο ποινικό χαρακτηρισμό, κυρίως όμως με τη βαριά κατηγορία της διατάραξης της ασφάλειας συγκοινωνιών, από την οποία προήλθαν θάνατοι, αδίκημα το οποίο με βάση πρόσφατη τροποποίηση του Ποινικού Κώδικα, είναι κακούργημα και επισύρει ποινές από δέκα χρόνια κάθειρξη έως και ισόβια. Η προσαγωγή του στον εισαγγελέα έχει οριστεί για σήμερα το πρωί, την ώρα που οι έρευνες κλιμακώνονται με τη σύνταξη εκθέσεως αυτοψίας στον τόπο του τραγικού δυστυχήματος – η αυτοψία γίνεται με εποπτεία εισαγγελέα. Παράλληλα με γρήγορους ρυθμούς, όσο αυτό είναι εφικτό, κινούνται εκτός από την Τροχαία Λάρισας που έχει αναλάβει την έκθεση αυτοψίας και οι πραγματογνωμοσύνες της Πυροσβεστικής αλλά και ειδικών στα σιδηροδρομικά ατυχήματα, που θα κληθούν να φωτίσουν τα αίτια της πρωτοφανούς τραγωδίας. Επιπλέον, σύμφωνα με πληροφορίες από εισαγγελικές πηγές, με πολύ μεγάλη δυσκολία, προχωρούσαν έως αργά χθες το βράδυ οι διαδικασίες ανεύρεσης των αγνοουμένων στον τόπο του δυστυχήματος.",Ιωάννα Μάνδρου,kathimerini.gr,2023-03-02,Ελλάδα / Κοινωνία
https://www.kathimerini.gr/society/562302898/tempi-syllypitiria-ekfrazei-o-ose-na-apodothei-dikaiosyni/,Τέμπη: Συλλυπητήρια εκφράζει ο ΟΣΕ – «Να αποδοθεί δικαιοσύνη»,"Τέμπη: Συλλυπητήρια εκφράζει ο ΟΣΕ – «Να αποδοθεί δικαιοσύνη»  Τα συλλυπητήριά του, στην πρώτη του ανακοίνωση μετά το τραγικό σιδηροδρομικό δυστύχημα στα Τέμπη, εκφράζει ο ΟΣΕ στους οικείους των θυμάτων και επισημαίνει ότι «πλέον το ελάχιστο που οφείλουμε, είναι να αποδοθεί πλήρης και απόλυτη δικαιοσύνη». «Σε μια στιγμή βαθιάς οδύνης για το χαμό δεκάδων συνανθρώπων μας είναι δύσκολο κανείς να βρει λόγια. Συλλυπητήρια σε όλους τους γονείς τους συζύγους, τους συγγενείς, τους συντρόφους τους φίλους. Συλλυπητήρια σε όλη την Ελλάδα για την ανείπωτη τραγωδία» επισημαίνει στην ανακοίνωσή του ΟΣΕ και συνεχίζει: «Πλέον το ελάχιστο που οφείλουμε, είναι να αποδοθεί πλήρης και απόλυτη δικαιοσύνη. Το πρώτο μέλημα όλων ήταν να διαχειριστούμε το τραγικό συμβάν στο πεδίο». ",Newsroom,kathimerini.gr,2023-03-02,Ελλάδα / Κοινωνία
https://www.kathimerini.gr/society/562302814/tempi-o-presvis-toy-israil-edose-aima-gia-toys-traymaties-oloi-mporoyme-na-voithisoyme/,Τέμπη: Ο πρέσβης του Ισραήλ έδωσε αίμα για τους τραυματίες – «Όλοι μπορούμε να βοηθήσουμε»,"Τέμπη: Ο πρέσβης του Ισραήλ έδωσε αίμα για τους τραυματίες – «Όλοι μπορούμε να βοηθήσουμε» «Σήμερα ανταποκρίθηκα σε έκκληση για αιμοδοσία για τους τραυματίες του τραγικού δυστυχήματος. Όλοι μπορούμε να βοηθήσουμε» υπογραμμίζει ο Ισραηλινός πρέσβης σε ανάρτησή του στα μέσα κοινωνικής δικτύωσης.  Αίμα έδωσε σήμερα ο πρεσβευτής του Ισραήλ στην Ελλάδα, Νόαμ Κατς, για τις ανάγκες περίθαλψης των τραυματιών από το σιδηροδρομικό δυστύχημα στα Τέμπη. «Σήμερα ανταποκρίθηκα σε έκκληση για αιμοδοσία για τους τραυματίες του τραγικού δυστυχήματος. Όλοι μπορούμε να βοηθήσουμε» υπογραμμίζει ο Ισραηλινός πρέσβης σε ανάρτησή του στα μέσα κοινωνικής δικτύωσης. Today I answered a call to donate blood for the injured in the tragic #traincrash. We can all help. #tempi Σήμερα ανταποκρίθηκα σε έκκληση για #αιμοδοσία για τους τραυματίες του τραγικού δυστυχήματος.Όλοι μπορούμε να βοηθήσουμε. #Τεμπη @IsraelMFA @GreeceMFA pic.twitter.com/7Pu4ASCLSW — 🇮🇱 Noam Katz (@NoamKatz_) March 2, 2023 Σε άλλη ανάρτησή του λίγες ώρες μετά την τραγωδία, ο Νόαμς Κατς είχε δηλώσει συγκλονισμένος και λυπημένος από το φρικτό σιδηροδρομικό δυστύχημα. «Οι καρδιές μας στρέφονται στις οικογένειες των θυμάτων. Προσευχόμαστε για την ταχεία ανάρρωση των τραυματιών. Η πρεσβεία του Ισραήλ παρακολουθεί στενά την κατάσταση και βρίσκεται σε επαφή με τις ελληνικές αρχές». Μάλιστα, η ισραηλινή σημαία στην πρεσβεία του Ισραήλ στην Αθήνα κυματίζει μεσίστια. «Το Ισραήλ θρηνεί για την τραγωδία και τις απώλειες στην Ελλάδα. Δεν υπάρχουν λόγια» τονίζεται σε αντίστοιχη ανάρτηση. Συγκλονισμένος και λυπημένος από το φρικτό σιδηροδρομικό ατύχημα. Οι καρδιές μας στρέφονται στις οικογένειες των θυμάτων. Προσευχόμαστε για την ταχεία ανάρρωση των τραυματιών. Η Πρεσβεία του 🇮🇱 παρακολουθεί στενά την κατάσταση και βρίσκεται σε επαφή με τις ελληνικές αρχές. #Τεμπη — 🇮🇱 Noam Katz (@NoamKatz_) March 1, 2023 Πηγή: ΑΠΕ-ΜΠΕ ⇒  ",Newsroom,kathimerini.gr,2023-03-02,Ελλάδα / Κοινωνία
https://www.kathimerini.gr/society/562303060/tragodia-sta-tempi-57-nekroi-kai-56-agnooymenoi-episimi-enimerosi/,"Τραγωδία στα Τέμπη: 57 νεκροί, 48 νοσηλεύονται – Επίσημη ενημέρωση","Τραγωδία στα Τέμπη: 57 νεκροί, 48 νοσηλεύονται – Επίσημη ενημέρωση Η επιχείρηση έρευνα και απεγκλωβισμού συνεχίζεται. Γερανοφόρα οχήματα έχουν ανασηκώσει τα δύο βαγόνια, το πρώτο της δεύτερης θέσης, και το βαγόνι - εστιατόριο. Οι πυροσβέστες αφαιρούν τμηματικά τα μεταλλικά στοιχεία.  Σε 57 ανέρχονται οι επιβεβαιωμένοι νεκροί που έχουν ανασυρθεί μέχρι στιγμής από τα συντρίμμια της επιβατικής αμαξοστοιχίας που συγκρούστηκε με μία εμπορική, αργά το βράδυ της Τρίτης στα Τέμπη. Όπως ανέφερε σε επίσημη ενημέρωση η εκπρόσωπος Τύπου της Ελληνικής Αστυνομίας, αστυνόμος β’, Κωνσταντία Δημογλίδου, εκ των τραυματιών, 48 παραμένουν για νοσηλεία. Έξι άτομα νοσηλεύονται σε Μονάδες Εντατικής Θεραπείας. Oι αγνοούμενοι που έχουν δηλωθεί στην ΕΛ.ΑΣ είναι 56 και, όπως επισήμανε η κα Δημογλίδου, υπάρχει το ενδεχόμενο κάποιος επιβάτης του τρένου να μην έχει δηλωθεί ως αγνοούμενος από οικείους ή συγγενείς. Η επιχείρηση έρευνας και απεγκλωβισμού συνεχίζεται. Γερανοφόρα οχήματα έχουν ανασηκώσει τα δύο βαγόνια, το πρώτο της δεύτερης θέσης, και το βαγόνι – εστιατόριο. Οι πυροσβέστες αφαιρούν τμηματικά τα μεταλλικά στοιχεία. Οι συνθήκες κάτω από τις οποίες επιχειρούν οι δυνάμεις παραμένουν δύσκολες, καθώς τμήματα του συρμού παραμένουν άμορφες μάζες, εξαιτίας της σφοδρότητας της σύγκρουσης. Η πυροσβεστική εκτιμά ότι μέχρι αύριο το μεσημέρι θα έχει ολοκληρωθεί η έρευνα. Η εκπρόσωπος της αστυνομίας ξεκαθάρισε πως όλες οι σοροί ταυτοποιούνται με τη μέθοδο DNA. Μέχρι στιγμής έχουν ληφθεί 55 δείγματα από τις σορούς, 52 δείγματα από συγγενείς των επιβατών καθώς και 26 δείγματα από ανθρώπινα μέλη. Την ταυτοποίηση έχουν αναλάβει τα ειδικά εγκληματολογικά εργαστήρια της ΕΛ.ΑΣ «κατά προτεραιότητα προκειμένου να ολοκληρωθεί αυτή η επώδυνη διαδικασία», πρόσθεσε η κα Δημογλίδου. Μέχρι στιγμής έχουν πραγματοποιηθεί 24 ταυτοποιήσεις σορών: 20 με τη μέθοδο ανάλυσης DNA, δύο με ανάλυση DNA και δακτυλικών αποτυπωμάτων και δύο με ανάλυση δακτυλικών αποτυπωμάτων. Αν και κατά κανόνα η ανάλυση του DNA διαρκεί πολλές ημέρες, καταβάλλονται προσπάθειες για να ολοκληρωθεί η διαδικασία μέχρι την Παρασκευή, σύμφωνα με εκπρόσωπο της ΕΛ.ΑΣ. Οι οικείοι και οι συγγενείς των θυμάτων θα ενημερώνονται από τον επικεφαλής της ομάδας αναγνώρισης της ΕΛ.ΑΣ και τον ειδικό ψυχολόγο της αστυνομίας, και θα προχωρά η παράδοση της σορού. Οι πρώτες τέσσερις οικογένειες νεκρών έχουν ενημερωθεί για την ταυτοποίηση. Για τους συγγενείς θυμάτων και τραυματιών έχουν διατεθεί τρία ξενοδοχεία στη Λάρισα. Αρμοδιότητα των εθνικών αρχών είναι να διερευνήσουν υπό ποιες συνθήκες έγινε το τραγικό δυστύχημα στα Τέμπη, τονίζει η Ευρωπαϊκή Επιτροπή. Ερωτηθείς σχετικά, ο εκπρόσωπος της Επιτροπής, αρμόδιος για θέματα μεταφορών, Ανταλμπέρ Γιανς, απάντησε: «Δεν θα είμαστε σε θέση να πούμε υπό ποιες συνθήκες θα μπορούσε να είχε αποτραπεί το δυστύχημα. Αυτό είναι το καθήκον των ερευνών που πρέπει να διεξαχθούν τώρα και αυτό είναι αρμοδιότητα των εθνικών αρχών. Ο Ευρωπαϊκός Οργανισμός Σιδηροδρόμων είναι διαθέσιμος κατόπιν αιτήματος για να υποστηρίξει τις εθνικές αρχές εάν το ζητήσουν. Ωστόσο, η πρωταρχική ευθύνη ανήκει στις εθνικές αρχές». Διερεύνηση σε βάθος και προς κάθε κατεύθυνση, άμεση συγκέντρωση όλων των αποδείξεων και ταχύτατη ολοκλήρωση του ανακριτικού έργου για την τραγωδία στα Τέμπη, παρήγγειλε ο Εισαγγελέας του Αρείου Πάγου Ισίδωρος Ντογιάκος στον επικεφαλής της Εισαγγελίας Εφετών Λάρισας, τονίζοντας στο έγγραφο του ότι τώρα «Είναι η ώρα της Δικαιοσύνης», προκειμένου να εντοπιστούν οι υπαίτιοι, «όποιοι κι αν είναι, όπου κι αν ανήκουν, από όπου και αν προέρχονται, ό,τι κι αν εκπροσωπούν». «Η αυτοπρόσωπη και ενεργός παρουσία σας στον τόπο της άδικης απώλειας τόσων ανθρώπινων ζωών για τη συγκέντρωση των αποδεικτικών στοιχείων, που θα ρίξουν φως στα αίτια της τραγωδίας, ασφαλώς και είναι απολύτως απαραίτητη. Τα στοιχεία αυτά επιβάλλεται να εξεταστούν αρμοδίως, εξονυχιστικά και διεξοδικά», σημειώνει ο κ. Ντογιάκος. «Δεν πρέπει να παγιδευτεί η δικανική κρίση σε ποινικές ευθύνες συγκεκριμένων ατόμων και μόνο. Αντίθετα, επιβάλλεται η πλήρης διερεύνηση της υπόθεσης από κάθε πλευρά και η απόδοση ευθυνών προς πάσα κατεύθυνση, σύμφωνα με τις ουσιαστικές ποινικές διατάξεις, την ισχύουσα δικονομική τάξη». Στην παραγγελία του ο Εισαγγελέας του Ανωτάτου Δικαστηρίου με συγκινησιακή φόρτιση καταλήγει: «Η ορθή απονομή δικαιοσύνης θα αποτελεί το καλύτερο και αιώνιο μνημόσυνο για τις ψυχές των νεκρών». Αντιμέτωπος με βαρύτατες κατηγορίες είναι πλέον ο σταθμάρχης της Λάρισας. Η ποινική δίωξη που ασκήθηκε σε βάρος του για τα εγκληματικά του λάθη αφορά σε ανθρωποκτονίες από αμέλεια κατά συρροή και σωματικές βλάβες με τον ίδιο ποινικό χαρακτηρισμό, ενώ η κατηγορία της διατάραξης της ασφάλειας συγκοινωνιών σε βάρος του είναι η σοβαρότερη (κακούργημα) που επισύρει με βάση πρόσφατη τροποποίηση του Ποινικού Κώδικα (άρθρο 291) ποινές από δέκα χρόνια κάθειρξη ως ισόβια. Μετά την προσαγωγή του στον εισαγγελέα παραπέμφθηκε σε ανακριτή και θα απολογηθεί το Σάββατο. Σε δηλώσεις του έξω από το δικαστικό μέγαρο, ο συνήγορος του σταθμάρχη ανέφερε ότι ο 59χρονος αντιμετωπίζει την κατηγορία της διατάραξης των συγκοινωνιών στην κακουργηματική της μορφή. «Από ανθρώπινη πλευρά είναι συντετριμμένος. Αναλογίζεται αυτό που έγινε και δεν μπορεί να σηκώσει το βάρος της ευθύνης. Ανέλαβε την ευθύνη μέσα στο πλαίσιο που του αναλογεί. Αλλά αυτό που μετράει είναι να ψάξουμε όχι το δέντρο αλλά το δάσος ευθυνών. Εδώ υπάρχει ένα δάσος ευθυνών», δήλωσε ο συνήγορος του σταθμάρχη. «Το δικό μας μερίδιο το αναλαμβάνουμε και πιστεύω ότι η Δικαιοσύνη θα κάνει πολύ καλά τη δουλειά της» δήλωσε ο συνήγορος. ⇒  Ταυτοποίηση με DNA Ξενοδοχεία για τους συγγενείς Κομισιόν: Οι αρχές πρέπει να διερευνήσουν πώς θα μπορούσε να αποτραπεί το δυστύχημα Νέα παραγγελία Ντογιάκου – Ζητεί έρευνα προς κάθε κατεύθυνση Κακουργηματική δίωξη κατά του σταθμάρχη – Το Σάββατο η απολογία",Newsroom,kathimerini.gr,2023-03-02,Ελλάδα / Κοινωνία
https://www.kathimerini.gr/society/562302730/tragodia-sta-tempi-na-min-afisoyme-kanenan-mono-toy/,Τραγωδία στα Τέμπη: «Να μην αφήσουμε κανέναν μόνο του»,"Τραγωδία στα Τέμπη: «Να μην αφήσουμε κανέναν μόνο του» Οι επαγγελματίες ψυχικής υγείας που βρίσκονται στο πλευρό των επιζώντων, των οικογενειών, αλλά και των διασωστών που τους έχουν ανάγκη, μιλούν στην «Κ»  Περίπου 40 επαγγελματίες ψυχικής υγείας βρίσκονται ήδη στο Γενικό Νοσοκομείο της Λάρισας προσπαθώντας να στηρίξουν τις οικογένειες των θυμάτων του πολύνεκρου δυστυχήματος στα Τέμπη, ενώ αναμένεται η δυναμική τους να ενισχυθεί με νέα κλιμάκια από την Αθήνα. «Πρόκειται για σκηνικό πολέμου με πολλές απώλειες» Ο κύριος Γιάννης Παπαγεωργίου, Γενικός Διευθυντής της Θεσσαλικής Εταιρείας Ψυχικής Υγείας Περίθαλψης – Αποκατάστασης (ΘΕΨΥΠΑ) περιγράφει στην «Κ» την εξαιρετικά δύσκολη κατάσταση που έχουν να αντιμετωπίσουν, καθώς στο νοσοκομείο εξακολουθούν να καταφθάνουν σοροί θυμάτων από τη σύγκρουση των τρένων. «Οι συγγενείς είναι από προχθές το βράδυ στην πόλη. Χθες ήρθε ειδική υπηρεσία από την Αθήνα ώστε να λάβει δείγματα DNA και σήμερα περιμένουμε τις ταυτοποιήσεις. Είναι μια χρονοβόρα διαδικασία που όσο καθυστερεί, τόσο μεγαλώνει και ο πόνος των ανθρώπων που περιμένουν υπομονετικά να παραλάβουν ή να ταυτοποιήσουν τον δικό τους άνθρωπο. Πρόκειται για σκηνικό πολέμου με πολλές απώλειες. Οι επιστήμονες ψυχικής υγείας κάνουν ό,τι είναι ανθρωπίνως δυνατό, μπορούμε όμως να φανταστούμε τι σημαίνει να έχεις χάσει τον άνθρωπο σου και να μην τον έχεις δει ακόμα». Ο κύριος Μενέλαος Θεοδωρουλάκης, υπεύθυνος της 24ωρης τηλεφωνικής Γραμμής Ψυχοκοινωνικής Υποστήριξης 10306 και πρόεδρος της Ομοσπονδίας Φορέων Ψυχικής Υγείας «Αργώ», εξηγεί πως «ο βασικός κανόνας στις πρώτες βοήθειες ψυχικής υγείας δεν είναι να ασχοληθούμε με το γεγονός ή με το τραύμα που έχει προκαλέσει, αλλά να μην νιώσει ο συνάνθρωπος μας αβοήθητος ή μόνος του». «Οι άνθρωποι έχουν βιώσει σκηνές κόλασης» Ομάδες της Ομοσπονδίας «Αργώ» έχουν αντιμετωπίσει και στο παρελθόν δύσκολα και σκληρά περιστατικά, καθώς είχαν δώσει το παρών τόσο στις πυρκαγιές της Ηλείας (2007), στο Μάτι (2018), αλλά και πιο πρόσφατα στην Εύβοια (2021). «Στο Γενικό Νοσοκομείο Λάρισας βρίσκονται από τα δικά μας κλιμάκια 12 ψυχολόγοι και 6 κοινωνικοί λειτουργοί, καθώς περιμένουμε την πολύ βαριά εξέλιξη της ανακοίνωσης των αποτελεσμάτων των τεστ DNA. Έχουμε επισκεφτεί στα νοσοκομεία τους νοσηλευόμενους, ενώ έχουμε επικοινωνήσει και με τους υπόλοιπους επιβαίνοντες. Τα πρώτα τηλεφωνήματα τα έκανα εγώ ο ίδιος για να δω τις αντιδράσεις – αν ήταν αρνητικές δεν θα συνεχίζαμε. Μίλησα με επιβάτες από το 4ο και το 5ο βαγόνι και αντέδρασαν πολύ θετικά. Ενώ όσοι νοσηλεύονται μας έλεγαν το αναμενόμενο, ότι θέλουν να γυρίσουν όσο πιο γρήγορα γίνεται στα σπίτια τους, στις οικογένειες τους. Ήταν πολύ σκληρές εικόνες, οι άνθρωποι έχουν βιώσει σκηνές κόλασης». «Στην Ελλάδα το πένθος είναι και οικογενειακή υπόθεση» Όσον αφορά τις οικογένειες των θυμάτων ο κύριος Θεοδωρουλάκης εξηγεί πως ακόμα δεν έχουν συνειδητοποιήσει το πένθος, αλλά πως βρίσκονται στο στάδιο του θυμού και της διαχείρισης του τι συνέβη. «Σεβόμαστε τα συναισθήματα και την αξιοπρέπεια τους. Είμαστε δίπλα τους αθόρυβα, δεν ξεκινάμε από μόνοι μας καμία συζήτηση, όποιος όμως έχει ανάγκη να μιλήσει γνωρίζει πως υπάρχει ένας επαγγελματίας ψυχικής υγείας στη διάθεσή του. Στην Ελλάδα βέβαια το πένθος είναι και αρκετά οικογενειακή υπόθεση, οπότε όποιος δεν θέλει να μας μιλήσει τον αφήνουμε να το διαχειριστεί με τον τρόπο που κρίνει. Είναι πολύ δύσκολο το να αντιμετωπίσεις το πένθος για το παιδί που έχασες. Σε αυτές τις περιπτώσεις φροντίζουμε να ενεργοποιήσουμε το συγγενικό και φιλικό περιβάλλον γιατί αυτοί οι γονείς χρειάζονται συμπαράσταση από δικούς τους ανθρώπους. Να μην αφήσουμε κανέναν μόνο του». Κλείνοντας, ο κύριος Θεοδωρουλάκης συμπληρώνει ότι μόλις ολοκληρωθεί η διαδικασία της διάσωσης, θα υπάρχει η δυνατότητα διαδικτυακής ανώνυμης υποστήριξης από συμβούλους ψυχικής υγείας σε όσους από τους διασώστες, αλλά και τα στελέχη της Hellenic Train ή του ΟΣΕ νιώθουν ότι την χρειάζονται.  Οι συγγενείς και οι φίλοι των θυμάτων μπορούν να αναζητήσουν ψυχολογική υποστήριξη σε 24ώρη βάση στην τηλεφωνική γραμμή 10306, καθώς και στο Γενικό Νοσοκομειο Λάρισας. Μέσα στις επόμενες ώρες αναμένεται λίστα με τους κατά τόπους φορείς που θα προσφέρουν αντίστοιχες υπηρεσίες υποστήριξης. ⇒  Πρώτες βοήθειες ψυχικής υγείας Συγγενείς και φίλοι στην «πρώτη γραμμή» Δυνατότητες υποστήριξης ",Μαρίνα Καρπόζηλου,kathimerini.gr,2023-03-02,Ελλάδα / Κοινωνία
https://www.kathimerini.gr/society/562303108/tempi-kraygi-agonias-gia-ta-thymata-tis-tragodias-sygklonizoyn-ta-logia-ton-syggenon/,Τραγωδία στα Τέμπη: Κραυγή αγωνίας από τους συγγενείς των αγνοουμένων,"Τραγωδία στα Τέμπη: Κραυγή αγωνίας από τους συγγενείς των αγνοουμένων  Αγωνιώδεις είναι οι αναζητήσεις για τους αγνοούμενους του τραγικού δυστυχήματος των Τεμπών. Προς το παρόν, δεν υπάρχει επισήμως κάποια επιβεβαιωμένη λίστα, με συγγενείς και φίλους των επιβαινόντων στο μοιραίο τρένο να απευθύνουν κραυγή αγωνίας για τους οικείους τους, που δεν είναι ακόμα γνωστή η κατάσταση τους. Σε νεότερη ενημέρωση της ΕΛ.ΑΣ, το απόγευμα της Πέμπτης, έγινε γνωστό ότι οι επιβεβαιωμένοι νεκροί, που έχουν ανασυρθεί μέχρι στιγμής από τα συντρίμμια της επιβατικής αμαξοστοιχίας, ανέρχονται σε 57. Οι αγνοούμενοι που έχουν δηλωθεί είναι 56, ενώ υπάρχει το ενδεχόμενο κάποιος επιβάτης του τρένου να μην έχει δηλωθεί ως αγνοούμενος από οικείους ή συγγενείς. Όπως ανέφερε η εκπρόσωπος Τύπου της Ελληνικής Αστυνομίας, αστυνόμος β’, Κωνσταντία Δημογλίδου, εκ των τραυματιών, 48 παραμένουν για νοσηλεία, ενώ έξι άνθρωποι μνοσηλεύονται σε Μονάδες Εντατικής Θεραπείας. Ένας από τους αγνοούμενους είναι ο 34χρονος Βάιος Βλάχος από την Καρδίτσα. Ο αδελφός του, που ζει στην Αργεντινή, μιλώντας στην τηλεόραση του ΣΚΑΪ απηύθυνε έκκληση σε όποιον γνωρίζει το παραμικρό να ενημερώσει τις αρχές. Ειδικότερα, ο Βαγγέλης Βλάχος είπε ότι «δεν έχουμε επίσημες πληροφορίες» και τόνισε ότι «έστω κι ένας αγνοούμενος να βρεθεί θα είναι βάλσαμο», σημειώνοντας ότι «τα παίζουμε όλα για όλα, χρειαζόμαστε μία καλή είδηση». Υπογράμμισε επίσης ότι η μητέρα του έχει δώσει δείγμα DNA, αλλά προς το παρόν δεν υπάρχει καμία ταυτοποίηση. Ανέφερε ότι με τον αδερφό του είχε γραπτή επικοινωνία, μέχρι και λίγες ώρες πριν επιβιβαστεί στο μοιραίο τρένο μαζί με τη σύντροφό του, η οποία νοσηλεύεται. Ερωτηθείς πώς διαχειρίζεται την κατάσταση, είπε: «Δεν είναι εύκολο. Το βιώνεις σαν μία κατάσταση επιβίωσης. Ψάχνουμε το επόμενο βήμα. Προσπαθώ να κινητοποιηθεί όλος ο κόσμος ώστε να υπάρχει ακόμα και μία μικρή πληροφορία για να τη διασταυρώσω». Ο Λυσίμαχος Παπάζογλου, μιλώντας στο OPEN, είπε ότι ο γιος του που αγνοείται είναι «σίγουρος ότι είναι σε πτωματική κατάσταση». «Ο γιος μου ήταν φοιτητής φυσικής στο ΑΠΘ στο πτυχίο, ένα πολύ καλό παιδί, πήγε ταξίδι με τη φίλη του στην Αθήνα, μας πήρε από τη Λάρισα, είπε “μαμά σε λίγο θα φτάσουμε στη Θεσσαλονίκη”. Μετά από μία ώρα, μας πήρε έντρομη η φίλη του, είπε ότι “το τρένο έπαθε ζημιά, τον Γιώργο τον έχω χάσει, είχε πάει στο κυλικείο να πάρει νερό και δεν γύρισε ποτέ”. Το κορίτσι σώθηκε αλλά τον γιο μου δεν θα τον δω ποτέ». «Είναι κρίμα να σκοτώνονται τόσα παιδιά από μία χαζομάρα, γίνονται τα ίδια λάθη εδώ και πολλά χρόνια», πρόσθεσε. «Κόπηκαν τα όνειρα της τόσο νωρίς», είπε ο πατέρας της 28χρονης Ελπίδας Χούπα από την Αταλάντη. Μιλώντας στο Star Κεντρικής Ελλάδος, πρόσθεσε: «Τα αγόρια μου ακόμα ψάχνουν στα νοσοκομεία…». Η 28χρονη είχε πάει για λίγες μέρες στην Αθήνα με μία φίλη της και επέστρεφε με το μοιραίο τρένο. Η φίλη της νοσηλεύεται με κρανιοεγκεφαλικές κακώσεις. Αγωνιώδη έκκληση έκανε η Χριστίνα Μήτσκα, καθώς αγνοείται η 22χρονη αδερφή της Ιφιγένεια. «Έχουν δώσει οι γονείς μου DNA, δεν έχει ταυτοποιηθεί», είπε στον ΣΚΑΪ και σημείωσε ότι η αδερφή της είχε έρθει στην Αθήνα για 3ημερο ταξίδι με τον σύντροφο της κι επέστρεφε στη Θεσσαλονίκη με την αμαξοστοιχία που συγκρούστηκε στα Τέμπη. «Στο νοσοκομείο της Λάρισας υπάρχουν άτομα που είναι ακόμα αναίσθητα», πρόσθεσε η κ. Μήτσκα. O Δημήτρης Κυριακίδης αναζητεί τον πατέρα του που επέβαινε στο τρένο: «Έχει δώσει η αδερφή μου DNA, έχει δώσει τα στοιχεία της και τα δικά μου, κάτι για να μπορέσουμε να ξέρουμε τι έχει γίνει, να βρούμε τη σορό του», δήλωσε. Οι δίδυμες αδερφές, 20 ετών, και η πρώτη τους ξαδέρφη βρήκαν τραγικό θάνατο στα Τέμπη, το βράδυ της Τρίτης. Οι Θώμη και Χρύσα Πλακιά και η πρώτη τους ξαδέρφη, Αναστασία Πλακιά, επέστρεφαν στη Θεσσαλονίκη όπου σπουδάζουν. Η μητέρα της Αναστασίας Πλακιά, μιλώντας στον ΑΝΤ1, αποκάλυψε πως ενημερώθηκαν από τα sites για το τραγικό δυστύχημα. «Πήγαιναν όλες μαζί πίσω στη Θεσσαλονίκη για τις σπουδές τους. Ήταν πάρα πολύ δεμένες, δύο δίδυμες και η ξαδελφούλα τους… Εμείς ενημερωθήκαμε από τα sites. Η πρώτη κίνηση που κάναμε ήταν να πάμε στο σημείο της τραγωδίας. Φύγαμε όλοι, νύχτα, πήγαμε εκεί αλλά δεν μας άφηναν, τίποτα. Ούτε να περάσουμε, τίποτα. Είχαν κλείσει την κυκλοφορία. Τελευταία φορά που μίλησα με το παιδί μου ήταν στις 23:30 με μηνύματα. Μου έγραψε ότι στις 00:30 θα έφτανε Θεσσαλονίκη». Οι γονείς των τριών κοριτσιών ειδοποιήθηκαν νωρίς χθες το πρωί να μεταβούν στη Λάρισα. Αργότερα ταυτοποιήθηκαν οι σοροί, βυθίζοντας στο πένθος την οικογένεια. Η προϊσταμένη της ιατροδικαστικής υπηρεσίας Λάρισας, Ρουμπίνη Λεονταρή, μιλώντας το μεσημέρι της Πέμπτης στον Real fm, είπε: «Η ταυτοποίηση δεν είναι δικό μας έργο, δεν είναι έργο των ιατροδικαστών. Συνδράμουμε φυσικά, αλλά το εργαστήριο είναι της ομάδας της Πολιτικής Προστασίας, εξειδικευμένης για τις φυσικές καταστροφές. Προχωράει η εργαστηριακή διερεύνηση του DNA. Έχουμε 14 τελειωμένα αποτελέσματα, άρα υπάρχει η διαδικασία ταυτοποίησης». Ερωτηθείσα σχετικά, τόνισε ότι δεν έχει «απάντηση για το πότε θα τελειώσει η διαδικασία της ταυτοποίησης», συμπληρώνοντας ότι δεν έχουμε ακόμα τον πραγματικό αριθμό των αγνοουμένων. «Το DNA είναι κομβικό, ξέρουμε ότι ταλαιπωρούνται οι άνθρωποι, αλλά πρέπει να βγουν τα αποτελέσματα για να έχουμε σαφή εικόνα». Η ίδια επισήμανε ότι στο νοσοκομείο υπάρχουν περισσότεροι από δέκα σάκοι με ανθρώπινα μέλη, τα οποία ακόμα δεν έχουν αναγνωριστεί, εξ ου και χθες Τετάρτη συγγενείς αγνοούμενων έδωσαν δείγμα DNA προκειμένου να γίνει η αναγνώριση. «Έχει ληφθεί από το κάθε μέλος DNA, οπότε κάποιο μέλος που μπορεί να ανήκει σε μια σορό διαμελισμένη, θα αποδοθεί στη σορό, κάποια μέλη που δεν θα ανήκουν σε σορό, θα έχουμε το DNA τους», είπε και επιβεβαίωσε ότι τα περισσότερα από τα θύματα είναι νέα παιδιά. Για τη διαδικασία της ταυτοποίησης των νεκρών, η αναπληρώτρια υπουργός Υγείας, Μίνα Γκάγκα, τόνισε ότι γίνεται μόνο μέσω DNA, καθώς έχει ληφθεί απόφαση οι συγγενείς να μην έρθουν σε επαφή με τις σορούς, που μπορεί να είναι απανθρακωμένες ή διαμελισμένες. Ήδη γίνονται γνωστά τα πρώτα αποτελέσματα από τη διαδικασία ταυτοποίησης DNA, σε συνεργασία με τα εγκληματολογικά εργαστήρια της ΕΛ.ΑΣ. Με το πέρας της διαδικασίας, οι σοροί θα παραδοθούν τους συγγενείς τους. Μιλώντας στον ΣΚΑΪ, τόνισε: «Η απόφαση είναι να μην δουν, να μην έρθουν σε επαφή οι συγγενείς με τους ανθρώπους που δεν ζουν πια, για να είναι λιγότερο ψυχοφθόρο για εκείνους».  Τα τρία κορίτσια από την Καλαμπάκα Το μακάβριο έργο της αναγνώρισης Γκάγκα: Μόνο μέσω DNA η ταυτοποίηση",Newsroom,kathimerini.gr,2023-03-02,Ελλάδα / Κοινωνία
https://www.kathimerini.gr/politics/562302415/oikonomoy-gia-tempi-echoyn-taytopoiithei-ennea-soroi-meso-deigmatos-dna/,Οικονόμου για Τέμπη: Εχουν ταυτοποιηθεί εννέα σοροί μέσω δείγματος DNA,"Οικονόμου για Τέμπη: Εχουν ταυτοποιηθεί εννέα σοροί μέσω δείγματος DNA «Έχουμε χρέος να αποδώσουμε ευθύνες αλλά και να κάνουμε τα πάντα για να μην ξαναζήσουμε τέτοιες στιγμές», δήλωσε ο κυβερνητικός εκπρόσωπος  Eχουν ταυτοποιηθεί εννέα σοροί από το δείγμα DNA που έδωσαν χθες συγγενείς θυμάτων και η διαδικασία θα συνεχιστεί με τους ταχύτερους δυνατούς ρυθμούς, δήλωσε αναφερόμενος στο σιδηροδρομικό δυστύχημα στα Τέμπη ο κυβερνητικός εκπρόσωπος Γιάννης Οικονόμου, ενώ τόνισε ότι «έχουμε χρέος ως πολιτεία να αποδώσουμε επίσημα ευθύνες και να κάνουμε τα πάντα για να μην ξαναζήσουμε τέτοιες στιγμές». Κατά την ενημέρωση των πολιτικών συντακτών, στάθηκε στην ανάγκη να αναλυθούν σε βάθος τα αίτια της τραγωδίας και να γίνει ό,τι είναι δυνατόν προκειμένου να μην επαναληφθεί. Σε ερώτηση για τον αριθμό των αγνοουμένων, σημείωσε ότι σύμφωνα με την τελευταία ενημέρωση, ο αριθμός των ανθρώπων που επικοινώνησαν και δήλωσαν ότι αναζητούν οικείους τους ανερχόταν σε 56, ωστόσο διευκρίνισε ότι στον αριθμό αυτό συμπεριλαμβάνονται και οι σοροί, δεδομένου ότι δεν είχε προχωρήσει η διαδικασία ταυτοποίησής τους. Σημείωσε επίσης ότι έχουν ανασυρθεί μέχρι στιγμής 46 σοροί. «Δεν είναι εύκολο να μιλήσει κανείς με ακρίβεια, για μια σειρά από λόγους. Δεν είναι όλα τα εισιτήρια ονομαστικά, υπάρχει πάντα η περίπτωση να ανέβηκαν άνθρωποι στο τρένο τελευταία στιγμή» σημείωσε. Ερωτηθείς αν επηρεάζεται ο σχεδιασμός για τις εκλογές, απάντησε ότι «βρισκόμαστε εν μέσω τριήμερου πένθους. Δεν θα ήθελα να τοποθετηθώ πολιτικά για κανένα άλλο ζήτημα ευρύτερου ενδιαφέροντος, του χρόνου των εκλογών συμπεριλαμβανομένου». «Θα ήθελα και από το βήμα αυτό να εκφράσω τη βαθύτατη οδύνη μας για το τραγικό σιδηροδρομικό δυστύχημα στα Τέμπη που μας έχει συγκλονίσει όλους», τόνισε ο κυβερνητικός εκπρόσωπος. «Πρόκειται για μια ανείπωτη τραγωδία. Η σκέψη μας, η μέριμνά μας σταθερά βρίσκονται στους οικείους των θυμάτων και των αγνοουμένων και στους τραυματίες. Όλοι είμαστε συντετριμμένοι από το τραγικό συμβάν στα Τέμπη. Δεκάδες ανθρώπινα δράματα, πόνος, αβάσταχτος πόνος, εικόνες που συνθλίβουν την καρδιά και την ψυχή όλων μας. Τα λόγια είναι ανεπαρκή, είναι φτωχά, είναι λίγα για να εκφράσουν αυτό που συνέβη και κυρίως αυτό που προκάλεσε το τραγικό δυστύχημα σε όσους βρέθηκαν στον τόπο της τραγωδίας» σημείωσε. Υπογράμμισε ότι ο πρωθυπουργός και η κυβέρνηση εκφράζουν τα συλλυπητήριά τους στους συγγενείς και τους οικείους των θυμάτων και ταυτόχρονα θέλουν να αποδώσουν τα εύσημα στους διασώστες, σε όλους τους ανθρώπους που σε μια τόσο δύσκολη και ψυχικά επώδυνη αποστολή έκαναν ό,τι περνούσε από το χέρι τους. «Για άλλη μια φορά επιτέλεσαν και επιτελούν στο ακέραιο το καθήκον τους», τόνισε. Αναφέρθηκε στην κήρυξη τριήμερου πένθους και επανέλαβε ότι η κηδεία των θυμάτων θα γίνει δημοσία δαπάνη. Επεσήμανε ότι από την πρώτη στιγμή του τραγικού συμβάντος ο πρωθυπουργός ενημερωνόταν συνεχώς για την τραγωδία και μετέβη χθες στο σημείο όπου είδε από κοντά την πορεία των ερευνών για τον εντοπισμό των αγνοουμένων ενώ στη συνέχεια επισκέφθηκε το νοσοκομείο της Λάρισας, όπου συνομίλησε με τους συγγενείς των θυμάτων, με το ιατρικό προσωπικό και ενημερώθηκε για την πορεία ταυτοποίησης των θυμάτων και αντιμετώπισης των περιστατικών. Πρόσθεσε ότι άμεση υπήρξε από την πρώτη στιγμή η κινητοποίηση του κρατικού μηχανισμού, οι αρμόδιοι υπουργοί βρέθηκαν από το βράδυ της Τρίτης στο συντονιστικό κέντρο του υπουργείου Πολιτικής Προστασίας, ο υπουργός Υγείας και η υφυπουργός στη Λάρισα, η αναπληρώτρια υπουργός Υγείας στη Θεσσαλονίκη και στην Κατερίνη ενώ στα Τέμπη μετέβη και ο υφυπουργός Μεταφορών. «Δόθηκε έμφαση από την πρώτη στιγμή στην περίθαλψη των τραυματιών, στην ταυτοποίηση των σορών των θυμάτων και στην ψυχολογική υποστήριξη των συγγενών», είπε και αναφέρθηκε σε συγκεκριμένα μέτρα διευκολύνσεων. Αναγνώρισε ότι οι απώλειες και οι πληγές που αυτές δημιούργησαν, τα ψυχικά και σωματικά τραύματα όσων επέζησαν, το ψυχικό άλγος όλων μας των κατοίκων αυτής της χώρας και όχι μόνο είναι τεράστια και είναι δύσκολα διαχειρίσιμα κυρίως αυτή τη στιγμή. Υπογράμμισε ότι το μέγεθος της τραγωδίας είναι τέτοιο που επιβάλλεται η αντίδρασή μας και σε άλλα επίπεδα. Οπως ανέφερε, ξεκίνησε ήδη η έρευνα για τη διαπίστωση των αιτίων του δυστυχήματος. Επεσήμανε ότι πέρα από τη διαλεύκανση των αιτιών και την απόδοση ευθυνών είναι αναγκαίο η τραγική αυτή εμπειρία να αναλυθεί σε βάθος ώστε να κάνουμε ό,τι είναι δυνατό για να μην επαναληφθεί ποτέ κάτι τέτοιο. Αναφέρθηκε στη σχετική δέσμευση του πρωθυπουργού και στην παραίτηση του αρμόδιου υπουργού κ. Καραμανλή, καθώς και των επικεφαλής του ΟΣΕ και της ΕΡΓΟΣΕ, ενώ επεσήμανε επίσης ότι ο μεταβατικός υπουργός κ. Γεραπετρίτης θα προχωρήσει αμέσως στη σύσταση ανεξάρτητης υπερκομματικής επιτροπής εμπειρογνωμόνων που θα εξετάσει πλήρως τα αίτια του δυστυχήματος αλλά και τις διαχρονικές καθυστερήσεις στην υλοποίηση των σιδηροδρομικών έργων. Υπογράμμισε ότι ενώ πολλές παθογένειες αντιμετωπίστηκαν σε μεγάλο εύρος και στον τομέα των σιδηροδρόμων είναι αλήθεια ότι «δεν καταφέραμε να τις εξαλείψουμε γι’ αυτό άλλωστε και αναλαμβάνουμε το μερίδιο της ευθύνης που μας αναλογεί. Χωρίς υποκρισία και χωρίς να κρυβόμαστε». Μίλησε για ώρα πένθους και περισυλλογής απέναντι στην απώλεια δεκάδων ανθρώπων. «Είναι η ώρα ενσυναίσθησης, σεβασμού, συμπαράστασης και σιωπής στον πόνο των συγγενών που ξαφνικά από τη μια στιγμή στην άλλη, αναπάντεχα, έχασαν σχεδόν τα πάντα» τόνισε. Μίλησε για την απώλεια ενός ανθρώπου που είναι μια βαριά πληγή που ποτέ και με τίποτα δεν μπορεί να αντικατασταθεί και για το χρέος να φροντίσουμε ως Πολιτεία τους τραυματίες, τους ανθρώπους που βίωσαν τα τραγικά συμβάντα και να σταθούμε πλάι για όσο χρειαστεί στους συγγενείς των θυμάτων. «Εχουμε χρέος να αποδώσουμε ευθύνες αλλά και να κάνουμε τα πάντα κυρίως για να μην ξαναζήσουμε τέτοιες στιγμές», είπε κλείνοντας την εισαγωγική του τοποθέτηση. Απαντώντας σε ερώτηση κατά τη σημερινή ενημέρωση των πολιτικών συντακτών για το πόσο δύσκολο είναι να παρακολουθούνται τα τρένα εν κινήσει, είπε ότι είναι απολύτως εύλογες και δικαιολογημένες οι απορίες αυτές, προσθέτοντας ότι θα δοθούν απαντήσεις με σαφήνεια, γιατί δεν απαντώνται μονολεκτικά χρόνιες παθογένειες της δημόσιας διοίκησης. Είπε ότι τα προβλήματα στα συστήματα ασφαλείας αντιμετωπίστηκαν στο 70%, υπάρχουν συστήματά ασφαλείας που δεν θα άφηναν να εξελιχθεί σε τέτοια τραγωδία, αλλά δεν έχουν ολοκληρωθεί στο κομμάτι που έγινε το δυστύχημα. Είπε επίσης ότι θα επιταχυνθεί η προσπάθεια να γίνουν όσα πρέπει για να μην ξανασυμβεί κάτι τέτοιο. Ο κ. Οικονομου διαβεβαίωσε ότι «όλα τα ζητήματα που αφορούν την εξέλιξη αυτή θα κατατεθούν στο δημόσιο διάλογο με νηφαλιότητα» προσθέτοντας: «Η αλήθεια σώζει κυρίως τις δύσκολες στιγμές. Η κυβέρνηση δεν έχει να φοβηθεί τίποτε από την αλήθεια και ελπίζω κανείς άλλος». Ο κυβερνητικός εκπρόσωπος σημείωσε ότι «οφείλουμε με ειλικρίνεια να δούμε τι πρέπει να κάνουμε για να μην ξανασυμβεί. Η επόμενη δεκαετία είπε ο πρωθυπουργός θα είναι δεκαετία μεγάλων έργων στους σιδηρόδρομους. Δεν είναι όμως σήμερα η ώρα να τα συζητήσουμε». Αναφερόμενος σε πολιτικές ευθύνες είπε ότι η ανάληψη πολιτικής ευθύνης είναι αυτονόητη και εκδηλώθηκε έμπρακτα, και έκανε λόγο για αδυναμίες και διαχρονικές ευθύνες των κυβερνήσεων τα τελευταία 20 χρόνια. Προσέθεσε ότι «έγιναν βήματα από την κυβέρνηση μας, για παράδειγμα από Τιθορέα έως Δομοκό λειτουργεί το σύστημα αλλά όχι από τα Τέμπη έως τη Θεσσαλονίκη». Αναφερόμενος στην παραπομπή της χώρας μας από την Ε.Ε. στο ευρωπαϊκό δικαστήριο, ο κ. Οικονόμου είπε ότι υπήρξε μια παραπομπή που αφορούσε ενσωμάτωση μέρους της κοινοτικής οδηγίας, που όμως δεν σχετίζεται ευθέως με το θέμα της τραγωδίας στα Τέμπη. Απαντώντας σε ερώτηση για το τι θα έλεγε ο κ. Μητσοτάκης από τη Θεσσαλονίκη χθες, ο κ. Οικονόμου είπε ότι ο πρωθυπουργός θα πήγαινε στο κέντρο ελέγχου συστήματος ηλεκτροδότησης και σήμανσης της γραμμής που υπάρχει σε λειτουργία από το Πλατύ μέχρι τον Προμαχώνα, καθώς και για την παρουσίαση της χάραξης του προαστιακού της Θεσσαλονίκης και την σύνδεση του με το μετρό της πόλης. Ερωτηθείς γιατί η κυβέρνηση μιλά για ανθρώπινο λάθος την ώρα που η επιτροπή διερεύνησης δεν έχει ακόμη συσταθεί, είπε ότι το λάθος ομολογήθηκε από τον ίδιο το σταθμάρχη και προσέθεσε: «Το σημαντικό είναι να προχωρήσουμε παραπέρα. Να δούμε τι άλλα έπρεπε να ισχύουν ώστε να προφυλαχθούμε ακόμη και από ανθρώπινο λάθος. Δύσκολα θα αμφισβητηθεί ότι προήλθε το δυστύχημα από λάθος, αλλά το ζήτημα τι θα μπορούσε να είχε γίνει να μην φτάναμε στην τραγωδία». Σημείωσε ότι ο νέος υπουργός κ. Γεραπετρίτης θα ενημερώσει αυτές τις μέρες για το χρονοδιάγραμμα ερευνών, ενώ απαντώντας σε ερώτηση για το εάν υπάρχει ασυμβίβαστο για τον κ. Ντογιάκο, ο γιος του οποίου είναι μετακλητός συνεργάτης του μέχρι χθες υπουργού Κ. Καραμανλή, ο κ. Οικονόμου είπε ότι ο γιος του κ. Ντογιάκου είναι μετακλητός από το 2019 και παραιτούμενος ο υπουργός παραιτείται και ο ίδιος, προσθέτοντας ότι πρέπει να υπάρξει διαφορετική προσέγγιση στο θέμα. Τέλος ο κ. Οικονόμου είπε ότι αυτά τα 3,5 χρόνια η κυβέρνηση έκανε πολλά για τους σιδηροδρόμους αλλά «δυστυχώς όχι όλα». ⇒  ",Newsroom,kathimerini.gr,2023-03-02,Πολιτική
https://www.kathimerini.gr/society/562303072/tragodia-sta-tempi-nea-24ori-apergia-ton-sidirodromikon-ayrio/,Τραγωδία στα Τέμπη: Νέα 24ωρη απεργία των σιδηροδρομικών αύριο,"Τραγωδία στα Τέμπη: Νέα 24ωρη απεργία των σιδηροδρομικών αύριο Οι εργαζόμενοι της Πανελλήνιας Ομοσπονδίας Σιδηροδρομικών & Μέσων Σταθερής Τροχιάς ανακοίνωσαν πως προχωρούν σε νέες απεργιακές κινητοποιήσεις αύριο, Παρασκευή  Σε νέα πανελλαδική 24ωρη απεργία προχωρούν την Παρασκευή 3 Μαρτίου, οι εργαζόμενοι στην Hellenic Train, μετά την πρώτη 24ωρη απεργία της Πέμπτης 2 Μαρτίου. Συγκεκριμένα, σύμφωνα με την ανακοίνωση της Πανελλήνιας Ομοσπονδίας Σιδηροδρομικών: «Η Πανελλήνια Ομοσπονδία Σιδηροδρομικών & Μέσων Σταθερής Τροχιάς μετά το τραγικό δυστύχημα στα Τέμπη, συνεδρίασε σήμερα το πρωί εκτάκτως μαζί με τα Σωματεία – Μέλη της παρουσία και εργαζομένων. Λαμβάνοντας υπόψιν τις προτάσεις που κατατέθηκαν, στο έκτακτο Προεδρείο που ακολούθησε ελήφθησαν οι ακόλουθες αποφάσεις: Αύριο, 03/3/2023, το Σωματείο Εργαζομένων Προσωπικού ΤΡΑΙΝΟΣΕ, η Πανελλήνια Ένωση Προσωπικού ΤΡΑΙΝΟΣΕ και η Πανελλήνια Ένωση Προσωπικού Έλξης (Σωματεία που το προσωπικό τους εργάζεται στην Hellenic Train) θα προχωρήσουν σε 24ωρη πανελλαδική απεργία. Η Ομοσπονδία με βάση επιστολές της που έχουν σταλθεί σε αρμόδιους φορείς (Υπουργεία, Διοικήσεις, Πολιτικά Κόμματα) όλα τα προηγούμενα χρόνια, θα συντάξει υπόμνημα με όλα τα ζητήματα που αφορούν το Σιδηρόδρομο και θα ζητήσει ΑΜΕΣΗ συνάντηση με το Υπουργείο Μεταφορών και τα Πολιτικά Κόμματα (το αργότερο μέχρι την επόμενη εβδομάδα). Στις συναντήσεις θα κατατεθούν εκ νέου οι απόψεις του συνδικαλιστικού κινήματος για την ασφάλεια του Σιδηροδρόμου και της κυκλοφορίας, ΑΠΑΙΤΩΝΤΑΣ ένα σαφή χρονοδιάγραμμα υλοποίησής τους για να αποφευχθεί στο μέλλον οποιοδήποτε συμβάν. Αμέσως μετά τις συναντήσεις και λαμβάνοντας υπόψη τα αποτελέσματα των συζητήσεων, θα συνεδριάσει το Διοικητικό Συμβούλιο, προκειμένου να λάβει τις ανάλογες αποφάσεις (χωρίς να αποκλείεται η κλιμάκωση των κινητοποιήσεων, σε περίπτωση που τα αποτελέσματα δεν κριθούν θετικά). Μετά την ολοκλήρωση των ανωτέρω, θα πραγματοποιηθεί Συνέντευξη Τύπου, προκειμένου να ενημερωθεί όλη η Ελληνική Κοινωνία, όλος ο Σιδηροδρομικός κόσμος για όλα αυτά που η Ομοσπονδία τόσα χρόνια έκρουε τον κώδωνα του κινδύνου για την ασφάλεια, αλλά ποτέ δεν εισακούστηκε σοβαρά». ⇒   ",Newsroom,kathimerini.gr,2023-03-02,Ελλάδα / Κοινωνία
https://www.kathimerini.gr/society/562302997/tragodia-sta-tempi-sygkentrosi-exo-apo-ta-grafeia-tis-hellenic-train/,Τραγωδία στα Τέμπη: Συγκέντρωση έξω από τα γραφεία της Hellenic Train,"Τραγωδία στα Τέμπη: Συγκέντρωση έξω από τα γραφεία της Hellenic Train «Οι νεκροί μας θυσία για το κέρδος - Δεν είναι λάθος είναι έγκλημα», γράφει το πανό του Εργατικού Κέντρου Πειραιά, Σωματείων και μαζικών φορέων.  Συγκέντρωση έξω από τα γραφεία της Hellenic Train είναι σε εξέλιξη αυτή την ώρα από Εργατικά Συνδικάτα της Αττικής, Φοιτητικούς Συλλόγοους και άλλους μαζικούς φορείς, με αφορμή την ανείπωτη τραγωδία που σημειώθηκε στα Τέμπη. Η κινητοποίηση γίνεται με πρωτοβουλία του Εργατικού Κέντρου Πειραιά. «Οι νεκροί μας θυσία για το κέρδος – Δεν είναι λάθος είναι έγκλημα», γράφει το πανό του Εργατικού Κέντρου Πειραιά, Σωματείων και μαζικών φορέων. Πηγή: ΑΠΕ-ΜΠΕ ⇒ ",Newsroom,kathimerini.gr,2023-03-02,Ελλάδα / Κοινωνία
https://www.kathimerini.gr/society/562303291/tempi-o-stathmarchis-feretai-na-eidopoiithike-17-lepta-prin-apo-ti-sygkroysi/,Τέμπη: Ο σταθμάρχης φέρεται να ειδοποιήθηκε 17 λεπτά πριν από τη σύγκρουση,"Τέμπη: Ο σταθμάρχης φέρεται να ειδοποιήθηκε 17 λεπτά πριν από τη σύγκρουση Ο σταθμάρχης - ο οποίος έχει συλληφθεί και αντιμετωπίζει βαριές κατηγορίες - φέρεται να γνώριζε 17 λεπτά πριν από τη σύγκρουση ότι η εμπορική αμαξοστοιχία βρισκόταν στη γραμμή καθόδου.  Ενώ η κοινή γνώμη παρακολουθεί συγκλονισμένη τις εξελίξεις, την πορεία των ερευνών στα συντρίμμια, αλλά και τη διαδικασία ταυτοποίησης των θυμάτων της σιδηροδρομικής τραγωδίας στα Τέμπη, το Star φέρνει στο φως της δημοσιότητας ένα ακόμα στοιχείο αναφορικά με τα όσα προηγήθηκαν της μοιραίας σύγκρουσης των δύο αμαξοστοιχιών. Συγκεκριμένα, σύμφωνα με το ρεπορτάζ του σταθμού, ο σταθμάρχης – ο οποίος έχει συλληφθεί και αντιμετωπίζει βαριές κατηγορίες – φέρεται να γνώριζε 17 λεπτά πριν τη σύγκρουση ότι η εμπορική αμαξοστοιχία βρισκόταν στη γραμμή καθόδου – γεγονός που θα του έδινε τη δυνατότητα να ακινητοποιήσει τα τρένα και να αποφευχθεί η τραγωδία. Όπως αναφέρει το ρεπορτάζ, ο σταθμάρχης της Λάρισας είχε ενημερωθεί στις 23:04 από τον σταθμάρχη των Νέων Πόρων, χωρίς ακολούθως να αντιδράσει με κάποιον τρόπο. Η εν λόγω επικοινωνία, κατά την οποία ενημερώθηκε ο σταθμάρχης, έχει καταγραφεί ηχητικά, αλλά και σε βιβλίο. Σημείωνεται επίσης πως ο ίδιος φέρεται να απάντησε ότι άκουσε την εντολή και ότι αποκρίθηκε «όλα καλώς». Οι ίδιες πληροφορίες υποστηρίζουν ότι ο σταθμάρχης των Νέων Πόρων, έχει καταθέσει τα παραπάνω στις αρχές. ⇒    ",Newsroom,kathimerini.gr,2023-03-02,Ελλάδα / Κοινωνία
https://www.kathimerini.gr/society/562302847/tragodia-sta-tempi-stoys-57-oi-nekroi-leei-i-iatrodikastis-roympini-leontari/,"Τραγωδία στα Τέμπη: Στους 57 οι νεκροί, λέει η ιατροδικαστής Ρουμπίνη Λεονταρή","Τραγωδία στα Τέμπη: Στους 57 οι νεκροί, λέει η ιατροδικαστής Ρουμπίνη Λεονταρή «Προχωράει η εργαστηριακή διερεύνηση του DNA. Έχουμε 14 τελειωμένα αποτελέσματα, άρα υπάρχει η διαδικασία ταυτοποίησης»  Μεγαλώνει η μακάβρια λίστα των θυμάτων της τραγωδίας στα Τέμπη, καθώς σύμφωνα με την προϊσταμένη της ιατροδικαστικής υπηρεσίας Λάρισας, Ρουμπίνη Λεονταρή, μεταφέρθηκαν στο νεκροτομείο άλλες 14 απανθρακωμένες σοροί (συνολικά 21). Μιλώντας στον Real fm, η κ. Λεονταρή γνωστοποίησε ότι οι νεκροί –πλέον- ανέρχονται στους 57. «Η ταυτοποίηση δεν είναι δικό μας έργο, δεν είναι έργο των ιατροδικαστών. Συνδράμουμε φυσικά, αλλά το εργαστήριο είναι της ομάδας της Πολιτικής Προστασίας, εξειδικευμένης για τις φυσικές καταστροφές», είπε και πρόσθεσε: «Προχωράει η εργαστηριακή διερεύνηση του DNA. Έχουμε 14 τελειωμένα αποτελέσματα, άρα υπάρχει η διαδικασία ταυτοποίησης». Ερωτηθείσα σχετικά, τόνισε ότι δεν έχει «απάντηση για το πότε θα τελειώσει η διαδικασία της ταυτοποίησης», συμπληρώνοντας ότι δεν έχουμε ακόμα τον πραγματικό αριθμό των αγνοουμένων. «Το DNA είναι κομβικό, ξέρουμε ότι ταλαιπωρούνται οι άνθρωποι, αλλά πρέπει να βγουν τα αποτελέσματα για να έχουμε σαφή εικόνα», υπογράμμισε. Η ίδια επισήμανε ότι στο νοσοκομείο υπάρχουν περισσότεροι από δέκα σάκοι με ανθρώπινα μέλη, τα οποία ακόμα δεν έχουν αναγνωριστεί, εξ ου και χθες Τετάρτη συγγενείς αγνοούμενων έδωσαν δείγμα DNA προκειμένου να γίνει η αναγνώριση. «Έχει ληφθεί από το κάθε μέλος DNA, οπότε κάποιο μέλος που μπορεί να ανήκει σε μια σορό διαμελισμένη, θα αποδοθεί στη σορό, κάποια μέλη που δεν θα ανήκουν σε σορό, θα έχουμε το DNA τους», είπε η κ. Λεονταρή. Ταυτόχρονα, επιβεβαίωσε ότι τα περισσότερα από τα θύματα είναι νέα παιδιά Για τη διαδικασία της ταυτοποίησης των νεκρών, η αναπληρώτρια υπουργός Υγείας, Μίνα Γκάγκα, τόνισε ότι γίνεται μόνο μέσω DNA, καθώς έχει ληφθεί απόφαση οι συγγενείς να μην έρθουν σε επαφή με τις σορούς, που μπορεί να είναι απανθρακωμένες ή διαμελισμένες. Ήδη γίνονται γνωστά τα πρώτα αποτελέσματα από τη διαδικασία ταυτοποίησης DNA, σε συνεργασία με τα εγκληματολογικά εργαστήρια της ΕΛ.ΑΣ. Με το πέρας της διαδικασίας, οι σοροί θα παραδοθούν τους συγγενείς τους. Μιλώντας στον ΣΚΑΪ, τόνισε: «Η απόφαση είναι να μην δουν, να μην έρθουν σε επαφή οι συγγενείς με τους ανθρώπους που δεν ζουν πια, για να είναι λιγότερο ψυχοφθόρο για εκείνους». Διαχειρίσιμη φαίνεται πως είναι η κατάσταση των τραυματιών, οι οποίοι νοσηλεύονται στα δύο νοσοκομεία της Λάρισας. Η κ. Γκάγκα υπογράμμισε ότι οι περισσότεροι είναι σε καλή κατάσταση: Δέκα έχουν χειρουργηθεί για κατάγματα και έξι είναι σοβαρά και νοσηλεύονται σε Μονάδα Εντατικής Θεραπείας. Όπως εξήγησε στο Αθηναϊκό Πρακτορείο ο διευθυντής της Ορθοπεδικής Κλινικής του γενικού νοσοκομείου Λάρισας, Κώστας Μπαργιώτας, τα χειρουργεία ολοκληρώθηκαν χθες και οι πρώτες βοήθειες δόθηκαν στο σύνολο των τραυματιών. «Όλα τα τραύματα που εντοπίσαμε ήταν από την σύγκρουση των τρένων και η σοβαρότητα ποικίλει. Το συμπέρασμα είναι ότι στο νοσοκομείο δεν είχαμε περιπτώσεις πολλών βαριών περιστατικών που να κινδυνεύει η ζωή τους, πράγμα που σημαίνει πως το βλέμμα είναι πλέον στους αρκετούς νεκρούς που χάθηκαν στο σημείο του δυστυχήματος», πρόσθεσε. Αντιμέτωπος με βαρύτατες κατηγορίες είναι πλέον ο σταθμάρχης της Λάρισας, ο οποίος ευθύνεται για το τραγικό δυστύχημα στα Τέμπη. Η ποινική δίωξη που ασκήθηκε σε βάρος του για τα εγκληματικά του λάθη αφορά σε ανθρωποκτονίες από αμέλεια κατά συρροή και σωματικές βλάβες με τον ίδιο ποινικό χαρακτηρισμό, ενώ η κατηγορία της διατάραξης της ασφάλειας συγκοινωνιών σε βάρος του είναι η σοβαρότερη (κακούργημα) που επισύρει με βάση πρόσφατη τροποποίηση του Ποινικού Κώδικα (άρθρο 291) ποινές από δέκα χρόνια κάθειρξη ως ισόβια. Μετά την προσαγωγή του στον εισαγγελέα παραπέμφθηκε σε ανακριτή και θα απολογηθεί το Σάββατο. Διερεύνηση σε βάθος και προς κάθε κατεύθυνση, άμεση συγκέντρωση όλων των αποδείξεων και ταχύτατη ολοκλήρωση του ανακριτικού έργου για την ανείπωτη τραγωδία στα Τέμπη, παραγγέλλει ο Εισαγγελέας του Αρείου Πάγου Ισίδωρος Ντογιάκος στον επικεφαλής της Εισαγγελίας Εφετών Λάρισας, τονίζοντας στο έγγραφο του ότι τώρα «Είναι η ώρα της Δικαιοσύνης», προκειμένου να εντοπιστούν οι υπαίτιοι, «όποιοι κι αν είναι, όπου κι αν ανήκουν, από όπου και αν προέρχονται, ό,τι κι αν εκπροσωπούν». Οι δίδυμες αδερφές, 20 ετών, και η πρώτη τους ξαδέρφη βρήκαν τραγικό θάνατο στα Τέμπη, το βράδυ της Τρίτης. Οι Θώμη και Χρύσα Πλακιά και η πρώτη τους ξαδέρφη, Αναστασία Πλακιά, επέστρεφαν στη Θεσσαλονίκη όπου σπουδάζουν. Η μητέρα της Αναστασίας Πλακιά, μιλώντας στον ΑΝΤ1, αποκάλυψε πως ενημερώθηκαν από τα sites για το τραγικό δυστύχημα. «Πήγαιναν όλες μαζί πίσω στη Θεσσαλονίκη για τις σπουδές τους. Ήταν πάρα πολύ δεμένες, δύο δίδυμες και η ξαδελφούλα τους… Εμείς ενημερωθήκαμε από τα sites. Η πρώτη κίνηση που κάναμε ήταν να πάμε στο σημείο της τραγωδίας. Φύγαμε όλοι, νύχτα, πήγαμε εκεί αλλά δεν μας άφηναν, τίποτα. Ούτε να περάσουμε, τίποτα. Είχαν κλείσει την κυκλοφορία. Τελευταία φορά που μίλησα με το παιδί μου ήταν στις 23:30 με μηνύματα. Μου έγραψε ότι στις 00:30 θα έφτανε Θεσσαλονίκη». Οι γονείς των τριών κοριτσιών ειδοποιήθηκαν νωρίς χθες το πρωί να μεταβούν στη Λάρισα. Αργότερα ταυτοποιήθηκαν οι σοροί, βυθίζοντας στο πένθος την οικογένεια.  Γκάγκα: Μόνο μέσω DNA η ταυτοποίηση Η κατάσταση των τραυματιών Κακουργηματική δίωξη κατά του σταθμάρχη Νέα παραγγελία Ντογιάκου Τα τρία κορίτσια από την Καλαμπάκα",Newsroom,kathimerini.gr,2023-03-02,Ελλάδα / Κοινωνία
https://www.kathimerini.gr/society/562302982/ypostratigos-pyrosvestikis-gia-tempi-exopragmatiko-na-vroyme-zontanoys-makari-na-diapseysto/,Υποστράτηγος Πυροσβεστικής για Τέμπη: «Εξωπραγματικό να βρούμε ζωντανούς – Μακάρι να διαψευστώ»,"Υποστράτηγος Πυροσβεστικής για Τέμπη: «Εξωπραγματικό να βρούμε ζωντανούς – Μακάρι να διαψευστώ» «Παρά τις τιτάνιες προσπάθειές μας να προσφέρουμε με όλες μας τις δυνάμεις, οι απώλειες είναι μεγάλες», αναφέρει ο κ. Φαλαράς.  Λιγοστεύουν οι ελπίδες για την εύρεση περισσότερων τραυματιών στα συντρίμμια από τα βαγόνια στα Τέμπη ανέφερε ο υποστράτηγος Πυροσβεστικής Υπηρεσίας Θεσσαλίας, Ευάγγελος Φαλάρας, τονίζοντας πως παρά τις τιτάνιες προσπάθειές τους να προσφέρουν με όλες τους τις δυνάμεις, οι απώλειες είναι μεγάλες. «Σε όλα τα συμβάντα αυτό, που θέλουμε να πετύχουμε είναι να κερδίσουμε τον χρόνο», ανέφερε ο ίδιος επισημαίνοντας πως σήμερα βρίσκοντια στη δυσχερή θέση να μην δίνουν αυτή τη μάχη καθώς δεν υπάρχουν πλέον οι ενδείξεις ή οι πιθανότητες να υπάρχει κάποιος ζωντανός στα συντρίμμια, στα οποία συνεχίζουν να επιχειρούν. «Ο χώρος, στον οποίο επιχειρούμε είναι δύο σημεία: κάποια υπολείμματα του δεύτερου βαγονιού και ένα σημείο, στο οποίο περιμένουμε να γίνουν παρεμβάσεις από την εταιρεία ώστε να απομακρυνθεί ο κινητήρας της αμαξοστοιχίας για να ελέγξουμε», ανέφερε ο κ. Φαλαράς. «Σε δεύτερο χρόνο θα περάσουμε ξανά όλο το πεδίο για να δούμε μήπως κάτι δεν υπέπεσε, ως οφείλαμε, στην προσοχή μας. Δυστυχώς οι πιθανότητες να έχουμε τραυματίες μέσα σε αυτό το αμάλγαμα μετάλλων και χώματος είναι εξωπραγματικές. Μακάρι να διαψευστώ αλλά το θεωρώ δύσκολο γιατί πλέον έχει περιοριστεί το τμήμα, που μένει να ελέγξουμε», τόνισε ο Ευάγγελος Φαλάρας. Πηγή: ΕΡΤ ⇒ ",Newsroom,kathimerini.gr,2023-03-02,Ελλάδα / Κοινωνία
https://www.kathimerini.gr/society/562302892/tragodia-sta-tempi-ypo-dyskoles-synthikes-oi-ereynes-sto-vagoni-estiatorio/,Τραγωδία στα Τέμπη: Υπό δύσκολες συνθήκες οι έρευνες στο βαγόνι-εστιατόριο,"Τραγωδία στα Τέμπη: Υπό δύσκολες συνθήκες οι έρευνες στο βαγόνι-εστιατόριο Σύμφωνα με την προϊσταμένη της ιατροδικαστικής υπηρεσίας Λάρισας, Ρουμπίνη Λεονταρή, οι νεκροί από το δυστύχημα ανέρχονται πλέον στους 57.  Συνεχίζονται οι έρευνες στα συντρίμμια της επιβατικής αμαξοστοιχίας, προκειμένου να εντοπιστούν οι αγνοούμενοι του σιδηροδρομικού δυστυχήματος στα Τέμπη. Κλιμάκια που επιχειρούν στο σημείο εστιάζουν τώρα στο τρίτο βαγόνι του τρένου, σύμφωνα με την ΕΡΤ. Αρχικά συζητήθηκε το ενδεχόμενο να τεμαχιστεί το βαγόνι σε τρία κομμάτια, αλλά τώρα εξετάζεται η πιθανότητα να σηκωθεί από γερανό και να μεταφερθεί σε κοντινό σημείο, ώστε να ελεγχθεί ο χώρος κάτω από αυτό το διαλυμένο τμήμα της αμαξοστοιχίας. Διασώστες εκτιμούν πως αφού ολοκληρωθεί η διαδικασία, θα πρέπει να ελεγχθούν εκ νέου τα υπόλοιπα βαγόνια. Η επιχείρηση αναμένεται να έχει ολοκληρωθεί μέχρι αύριο το πρωί. Ο ακριβής αριθμός των επιβατών παραμένει άγνωστος καθώς, σύμφωνα με πληροφορίες που επικαλείται το κρατικό κανάλι, τα εκδοτήρια κλείνουν 10 λεπτά πριν από την αναχώρηση του συρμού και όσοι επιβιβάζονται αργότερα κόβουν εισιτήριο μέσα στο τρένο. Πριν την σύγκρουση, η επιβατική αμαξοστοιχία είχε κάνει επτά στάσεις. Σύμφωνα με την προϊσταμένη της ιατροδικαστικής υπηρεσίας Λάρισας, Ρουμπίνη Λεονταρή, οι νεκροί από το δυστύχημα ανέρχονται πλέον στους 57. Στα νοσοκομεία, γονείς που αναζητούν τα παιδιά τους υποβλήθηκαν σε εξέταση DNA. Προς το παρόν έχουν ταυτοποιηθεί 9 σοροί. Ο εκπρόσωπος Τύπου του Πυροσβεστικού Σώματος, ο πύραρχος Βασίλης Βαθρακογιάννης, είπε ότι οι πυροσβεστικές δυνάμεις ερευνούν το βαγόνι-εστιατόριο, το οποίο καταπλακώθηκε από το πρώτο βαγόνι κατά τη σύγκρουση. Πολύ δύσκολη χαρακτήρισε την επιχείρηση στο συγκεκριμένο βαγόνι και ο εκπρόσωπος Τύπου της Πυροσβεστικής, Γιάννης Αρτοποιός, σχολιάζοντας: «Βλέπουμε ότι εκεί υπάρχουν άτομα (…) βρίσκονται πολλοί άνθρωποι». Εν τω μεταξύ, από τους 72 τραυματίες επιβάτες που είχαν νοσηλευτεί σε νοσοκομεία, οι 15 έχουν πάρει εξιτήριο ενώ έξι νοσηλεύονται σε Μονάδες Εντατικής Θεραπείας. Τρία παιδιά, δύο γυναίκες και ένας άνδρας είναι σε ιδιαίτερα κρίσιμη κατάσταση. ⇒  Γιατί δεν έχει προσδιοριστεί ο ακριβής αριθμός των επιβατών",Newsroom,kathimerini.gr,2023-03-02,Ελλάδα / Κοινωνία
https://www.kathimerini.gr/society/562302610/tragodia-sta-tempi-nea-paraggelia-ntogiakoy-zitei-ereyna-pros-kathe-kateythynsi/,Τραγωδία στα Τέμπη: Νέα παραγγελία Ντογιάκου – Ζητεί έρευνα προς κάθε κατεύθυνση,"Τραγωδία στα Τέμπη: Νέα παραγγελία Ντογιάκου – Ζητεί έρευνα προς κάθε κατεύθυνση Ο Εισαγγελέας του Αρείου ζητά εντοπισμό των υπευθύνων «όποιοι κι αν είναι, όπου κι αν ανήκουν, απ΄όπου και αν προέρχονται» - Και σημειώνει ότι «είναι η ώρα της Δικαιοσύνης».  Διερεύνηση σε βάθος και προς κάθε κατεύθυνση, άμεση συγκέντρωση όλων των αποδείξεων και ταχύτατη ολοκλήρωση του ανακριτικού έργου για την ανείπωτη τραγωδία στα Τέμπη, παραγγέλλει ο Εισαγγελέας του Αρείου Πάγου Ισίδωρος Ντογιάκος στον επικεφαλής της Εισαγγελίας Εφετών Λάρισας, τονίζοντας στο έγγραφο του ότι τώρα «Είναι η ώρα της Δικαιοσύνης», προκειμένου να εντοπιστούν οι υπαίτιοι, «όποιοι κι αν είναι, όπου κι αν ανήκουν, από όπου και αν προέρχονται, ό,τι κι αν εκπροσωπούν». Ο Εισαγγελέας του Ανωτάτου Δικαστηρίου στην έγγραφη παραγγελία του προς τον προϊστάμενο της Εισαγγελίας Εφετών Λάρισας Σταμάτη Δασκαλόπουλο, στον οποίο από χθες έχει αναθέσει την εποπτεία του συνόλου των ερευνών για το τραγικό δυστύχημα, υπογραμμίζει τους άμεσους στόχους των ερευνών, σημειώνοντας ως προτεραιότητα, την άμεση ανάγκη συλλογικής, σε αυτό το στάδιο, όλων των αποδείξεων, που θα χρησιμεύσουν στην απόδοση ευθυνών και στον εντοπισμό των υπευθύνων. «Η αυτοπρόσωπη και ενεργός παρουσία σας στον τόπο της άδικης απώλειας τόσων ανθρώπινων ζωών για τη συγκέντρωση των αποδεικτικών στοιχείων, που θα ρίξουν φως στα αίτια της τραγωδίας, ασφαλώς και είναι απολύτως απαραίτητη. Τα στοιχεία αυτά επιβάλλεται να εξεταστούν αρμοδίως, εξονυχιστικά και διεξοδικά», σημειώνει ο κ. Ντογιάκος. Σε ό,τι αφορά το εύρος των ερευνών, ο ανώτατος εισαγγελικός λειτουργός, παραγγέλλει έρευνα προς κάθε κατεύθυνση. «Δεν πρέπει, επισημαίνει, να παγιδευτεί η δικανική κρίση σε ποινικές ευθύνες συγκεκριμένων ατόμων και μόνο. Αντίθετα, επιβάλλεται η πλήρης διερεύνηση της υπόθεσης από κάθε πλευρά και η απόδοση ευθυνών προς πάσα κατεύθυνση, σύμφωνα με τις ουσιαστικές ποινικές διατάξεις, την ισχύουσα δικονομική τάξη» Στην παραγγελία του ο Εισαγγελέας του Ανωτάτου Δικαστηρίου με συγκινησιακή φόρτιση καταλήγει: «Η ορθή απονομή δικαιοσύνης θα αποτελεί το καλύτερο και αιώνιο μνημόσυνο για τις ψυχές των νεκρών». Με άφατη θλίψη και ψυχική οδύνη, ολόκληρος ο ελληνικός λαός παρακολουθεί και βιώνει πραγματικά το γεγονός και τις τραγικές συνέπειες του σιδηροδρομικού δυστυχήματος της 28-2-2023, στην περιοχή των Τεμπών.Η μοίρα έδειξε το χειρότερο πρόσωπό της σε κάθε έναν ξεχωριστά άλλα και σε όλους μαζί τους επιβάτες της μοιραίας αμαξοστοιχίας. Πόνος πολύς – Θλίψη ανείπωτη – Οικογένειες απορφανισμένες – Όνειρα νέων ανθρώπων οριστικά ανεκπλήρωτα. Η εντονότατη συγκίνηση και ταραχή που προκάλεσε το απροσδόκητο αυτό γεγονός σε όλους ανεξαιρέτως τους πολίτες της Χώρας επιβάλλουν την κινητοποίηση, άμεσα και αποτελεσματικά, του κρατικού μηχανισμού σε όλα τα επίπεδα. Πρωτίστως, όμως, αυτή τη στιγμή είναι η ώρα της Δικαιοσύνης, η οποία σε όλο το εύρος της, πρέπει να επιβάλει κυριαρχικά την παρουσία της και χωρίς δισταγμό να παρέμβει καίρια, ουσιαστικά και αποτελεσματικά κατά το πρώτο διαδικαστικό στάδιο της συλλογής των αποδείξεων, οι οποίες μελλοντικά θα χρησιμεύσουν για την απόδοση των ευθυνών στους υπαίτιους, όποιοι και αν είναι, όπου και αν ανήκουν, από όπου και αν προέρχονται, ό,τι και να εκπροσωπούν. Η αυτοπρόσωπη και ενεργός παρουσία σας στον τόπο της άδικης απώλειας τόσων ανθρώπινων ζωών για τη συγκέντρωση των αποδεικτικών στοιχείων, που θα ρίξουν φως στα αίτια της τραγωδίας, ασφαλώς και είναι απολύτως απαραίτητη. Τα στοιχεία αυτά επιβάλλεται να εξεταστούν αρμοδίως, εξονυχιστικά και διεξοδικά. Αλλά ακόμα και στην περίπτωση που, κατ’ αρχήν, οδηγούν στην απόδοση ευθυνών προς συγκεκριμένη κατεύθυνση, δεν πρέπει να παγιδευτεί η δικανική κρίση σε ποινικές ευθύνες συγκεκριμένων και περιορισμένων ατόμων και μόνο. Αντίθετα, επιβάλλεται η πλήρης διερεύνηση της υπόθεσης από κάθε πλευρά και η απόδοση ευθυνών προς πάσα κατεύθυνση, σύμφωνα με τις ουσιαστικές ποινικές διατάξεις και την ισχύουσα δικονομική τάξη. Είναι μακάβριο να λέγεται, αλλά, ενίοτε, ισχύει, ότι ένα δυσάρεστο γεγονός όπως ο θάνατος μπορεί να αποτελέσει την αφορμή, ώστε να γεννηθεί κάτι καλό. Στο πρόσφατο παρελθόν η Ελληνική Δικαιοσύνη δέχτηκε έντονη κριτική σε άλλη τραγωδία που επίσης συγκλόνισε τη Χώρα και θρηνήσαμε εκατόμβες θυμάτων. Ως εκ τούτων, η ανώτατη εποπτεία εκ μέρους σας του ανακριτικού έργου, σύμφωνα με το άρθρο 32 εδαφ.α΄ του Κώδικα Ποινικής Δικονομίας, την οποία σας αναθέσαμε με το υπ’ αριθ. πρωτ. 1706/1-3-2023 έγγραφο-παραγγελία μας, έχει τεράστια σημασία και αποβλέπει στην πλήρη και ταχύτατη συγκέντρωση των αναγκαίων αποδεικτικών στοιχείων και την όσο το δυνατόν ταχύτερη περάτωση του ανακριτικού έργου. Θεωρούμε αυτονόητο ότι θα εκδαπανήσετε όλες τις ψυχικές και σωματικές δυνάμεις σας, ώστε η ήδη αρξαμένη ανακριτική διαδικασία, το θεσμικό πλαίσιο της οποίας θα επιλέξετε κυριαρχικά, κατά τις διατάξεις του Κώδικα Ποινικής Δικονομίας και σύμφωνα με τις ανάγκες της έρευνας της ουσίας της υπόθεσης, να περατωθεί το συντομότερο δυνατόν, ασφαλώς υπό καθεστώς νηφαλιότητας, ψυχραιμίας και δικαιοκρισίας, αγνοώντας ψιθύρους και κραυγές, από οπουδήποτε και αν προέρχονται, οποιουσδήποτε και αν εξυπηρετούν. Η ορθή και ταχεία απονομή δικαιοσύνης θα αποτελεί αιώνιο μνημόσυνο για τις ψυχές των νεκρών». Ολόκληρη η νέα παραγγελία του κ. Ντογιάκου:",Ιωάννα Μάνδρου,kathimerini.gr,2023-03-02,Ελλάδα / Κοινωνία
https://www.kathimerini.gr/society/562303324/tragodia-sta-tempi-nekros-o-syntaxioychos-astynomikos-ki-o-15chronos-gios-toy/,Τραγωδία στα Τέμπη: Νεκρός ο συνταξιούχος αστυνομικός κι ο 15χρονος γιος του,"Τραγωδία στα Τέμπη: Νεκρός ο συνταξιούχος αστυνομικός κι ο 15χρονος γιος του  Νεκροί είναι τελικά ο συνταξιούχος αστυνομικός Ευάγγελος Μπουρνάζης και ο 15χρονος γιος του, οι οποίοι αγνοούνταν μετά το δυστύχημα των Τεμπών. Η Ένωση Αστυνομικών Υπαλλήλων Θεσσαλονίκης προχώρησε σε σχετική ανακοίνωση: «Καλό παράδεισο στον συνάδελφο μας (ο οποίος συνταξιοδοτήθηκε πριν λίγο καιρό) ΜΠΟΥΡΝΑΖΗ Ευάγγελο και στον 15 χρόνο υιό του οι οποίοι βρήκαν τραγικό θάνατο στο δυστύχημα των Τεμπών. Ο Βαγγέλης υπήρξε ένας εξαιρετικός αστυνομικός, συνάδελφος, πατέρας. Εκφράζουμε τα ειλικρινή μας συλλυπητήρια στους οικείους του. Θέλουμε να ευχηθούμε στα αλλά δυο παιδιά του (όπου ο υιός του μάλιστα σήμερα συγκλόνισε το πανελλήνιο με τις δηλώσεις του και την δύναμη ψυχής του) υπομονή και δύναμη σε αυτές τις δύσκολες στιγμές που περνάνε και δεσμευόμαστε ότι η αστυνομική οικογένεια θα είναι δίπλα τους όποτε και αν απαιτηθεί». ",Newsroom,kathimerini.gr,2023-03-02,Ελλάδα / Κοινωνία
https://www.kathimerini.gr/society/562302094/tragodia-sta-tempi-oi-ipa-epainoyn-to-ergo-ton-diasoston/,Τραγωδία στα Τέμπη: Οι ΗΠΑ επαινούν το έργο των διασωστών,"Τραγωδία στα Τέμπη: Οι ΗΠΑ επαινούν το έργο των διασωστών Είμαστε στο πλευρό της Ελλάδας, αναφέρει το Στέιτ Ντιπάρτμεντ  Τα συλλυπητήρια των Ηνωμένων Πολιτειών για το τραγικό σιδηροδρομικό δυστύχημα στην περιοχή των Τεμπών εξέφρασε ο Αμερικανός υπουργός Εξωτερικών Αντονι Μπλίνκεν στον Ελληνα ομόλογο του Νίκο Δένδια κατά τη διάρκεια τηλεφωνικής συνομιλίας. Οπως αναφέρει η ανακοίνωση του Στέιτ Ντιπάρτμεντ, «ο υπουργός Εξωτερικών, Αντονι Μπλίνκεν, συνομίλησε σήμερα (Τετάρτη) με τον Ελληνα υπουργό Εξωτερικών, Νίκο Δένδια, για να εκφράσει τα συλλυπητήριά του για την τραγωδία στην περιοχή των Τεμπών, όπου η σύγκρουση των τρένων στοίχισε τη ζωή σε τουλάχιστον 40 ανθρώπους και οδήγησε στον τραυματισμό άλλων 85. Ο υπουργός τόνισε ότι οι Ηνωμένες Πολιτείες στέκονται δίπλα στον ελληνικό λαό σε αυτή τη δύσκολη στιγμή». Στην ίδια γραμμή κινήθηκε και ο εκπρόσωπος του αμερικανικού υπουργείου Εξωτερικών, Νεντ Πράις, ο οποίος μιλώντας λίγο αργότερα από το βήμα του Στέιτ Ντιπάρτμεντ εξέφρασε την αλληλεγγύη των ΗΠΑ προς την Ελλάδα. «Καθώς συνεχίζουμε να βλέπουμε τον αριθμό των νεκρών να αυξάνεται, θέλω να εκφράσω τα ειλικρινή μας συλλυπητήρια στον ελληνικό λαό για την τραγική απώλεια ανθρώπινων ζωών στη σύγκρουση των τρένων που σημειώθηκε τη νύχτα στην πόλη των Τεμπών. Αυτή τη στιγμή υπάρχουν αναφορές για 36 νεκρούς και 85 τραυματίες, καθιστώντας αυτή την πιο θανατηφόρα σύγκρουση τρένων στην ιστορία της Ελλάδας», ανέφερε ο κ. Πράις. «Στέλνουμε τα θερμά μας συλλυπητήρια στους οικείους όσων χάθηκαν και τις καλύτερες ευχές μας για ταχεία ανάρρωση στους τραυματίες. Αυτό ακριβώς ήταν το μήνυμα που μετέφερε ο υπουργός Μπλίνκεν νωρίτερα στον Έλληνα ομόλογό του όταν μίλησαν τηλεφωνικά. Οι Ηνωμένες Πολιτείες στέκονται στο πλευρό της φίλης μας Ελλάδας και επαινούμε την απίστευτη αφοσίωση των διασωστών που εργάζονται ακούραστα για να σώσουν ζωές και να φροντίσουν τους τραυματίες», πρόσθεσε. Πηγή: ΑΠΕ-ΜΠΕ ",Newsroom,kathimerini.gr,2023-03-02,Ελλάδα / Κοινωνία
https://www.kathimerini.gr/society/562303171/entasi-ston-stathmo-attiki-sti-sygkentrosi-gia-tin-tragodia-sta-tempi/,Ένταση στον Σταθμό Αττική στη συγκέντρωση για την τραγωδία στα Τέμπη,"Ένταση στον Σταθμό Αττική στη συγκέντρωση για την τραγωδία στα Τέμπη Σύμφωνα με πληροφορίες, οι διαδηλωτές πέταξαν φωτοβολίδες στις αστυνομικές δυνάμεις, οι οποίες απάντησαν με χειροβομβίδες κρότου-λάμψης.  Επεισόδια με μικρή διάρκεια σημειώθηκαν έξω από τον σταθμό Αττική, στην Αθήνα, κατά τη διάρκεια της συγκέντρωσης για την τραγωδία στα Τέμπη που διοργανώθηκε το απόγευμα της Πέμπτης. Όπως αναφέρουν πληροφορίες, οι διαδηλωτές φέρεται πως πέταξαν φωτοβολίδες στις αστυνομικές δυνάμεις, οι οποίες απάντησαν με χειροβομβίδες κρότου-λάμψης. Αυτή την ώρα επικρατεί ηρεμία, ενώ η ΕΛΑΣ δεν προχώρησε σε προσαγωγές. Υπενθυμίζεται ότι νωρίτερα είχε πραγματοποιηθεί συγκέντρωση έξω από τα γραφεία της Hellenic Train από Εργατικά Συνδικάτα της Αττικής, Φοιτητικούς Συλλόγους και άλλους μαζικούς φορείς, με αφορμή την ανείπωτη τραγωδία που σημειώθηκε στα Τέμπη, ενώ πραγματοποιήθηκε και πορεία διαμαρτυρίας προς τη Βουλή. Ακολούθησε πορεία προς τον Σταθμό Λαρίσης. Η κινητοποίηση έγινε με πρωτοβουλία του Εργατικού Κέντρου Πειραιά. «Οι νεκροί μας θυσία για το κέρδος – Δεν είναι λάθος είναι έγκλημα», γράφει το πανό του Εργατικού Κέντρου Πειραιά, Σωματείων και μαζικών φορέων. ⇒   ",Newsroom,kathimerini.gr,2023-03-02,Ελλάδα / Κοινωνία
https://www.kathimerini.gr/world/562304422/tragodia-sta-tempi-taytopoiithikan-oi-dyo-kyprioi-foitites/,Τραγωδία στα Τέμπη: Ταυτοποιήθηκαν οι δυο Κύπριοι φοιτητές,"Τραγωδία στα Τέμπη: Ταυτοποιήθηκαν οι δυο Κύπριοι φοιτητές Η κηδεία των δύο Κυπρίων φοιτητών θα καλυφθεί δημοσία δαπάνη  Με βαθιά οδύνη, ο Πρόεδρος της Κυπριακής Δημοκρατίας κ. Νίκος Χριστοδουλίδης, πληροφορήθηκε το τραγικό γεγονός της ταυτοποίησης των σορών των δύο Κυπρίων φοιτητών, Κυπριανού Παπαϊωάννου και Αναστασίας Αδαμίδου που επέβαιναν στη μοιραία αμαξοστοιχία στην Ελλάδα. Ο Πρόεδρος της Δημοκρατίας εκφράζει τα ειλικρινή και βαθιά συλλυπητήρια του στις οικογένειες των δύο Κυπρίων φοιτητών, όπως και όλων των θυμάτων, καθώς και την αμέριστη συμπαράσταση της Πολιτείας. Όπως ανακοίνωσε η Προεδρία της Κυπριακής Δημοκρατίας, με οδηγίες του Προέδρου της Δημοκρατίας, το κόστος μεταφοράς των σορών των δύο νεαρών φοιτητών, αλλά και της επιστροφής των μελών των οικογενειών της στην Κύπρο θα καλυφθεί από το κράτος. Η κηδεία των δύο Κυπρίων φοιτητών θα καλυφθεί δημοσία δαπάνη. Ο Πρόεδρος Χριστοδουλίδης κήρυξε τριήμερο πένθος μέχρι τη μέρα της κηδείας, ενώ έδωσε οδηγίες όπως όλα τα μέλη της Κυβέρνησης απόσχουν από οποιεσδήποτε δημόσιες εκδηλώσεις. Πηγή: ΕΡΤ ⇒    ",Newsroom,kathimerini.gr,2023-03-03,Διεθνή
https://www.kathimerini.gr/society/562305928/irakleio-siopiri-diamartyria-gia-ta-thymata-tis-tragodias-sta-tempi/,Ηράκλειο: Σιωπηρή διαμαρτυρία για τα θύματα της τραγωδίας στα Τέμπη,"Ηράκλειο: Σιωπηρή διαμαρτυρία για τα θύματα της τραγωδίας στα Τέμπη Αμέσως μετά τη σιωπηρή διαμαρτυρία, στο ίδιο πένθιμο και ήρεμο κλίμα, ακολούθησε σιωπηρή πορεία διαμαρτυρίας σε κεντρικούς δρόμους της πόλης  Μαθητές, φοιτητές, νέοι και μεγαλύτερης ηλικίας άτομα, συμμετείχαν σε σιωπηρή διαμαρτυρία που πραγματοποιήθηκε στην πλατεία Ελευθερίας του Ηρακλείου, για την τραγωδία στα Τέμπη. Κρατώντας αναμμένα κεριά και πλακάτ στα χέρια τους, οι συγκεντρωμένοι θέλησαν να συμμετέχουν στο εθνικό πένθος, στέλνοντας με τη σιωπή τους μήνυμα συμπαράστασης στις οικογένειες των θυμάτων του σιδηροδρομικού δυστυχήματος, που συγκλόνισε το πανελλήνιο. Αμέσως μετά τη σιωπηρή διαμαρτυρία, στο ίδιο πένθιμο και ήρεμο κλίμα, ακολούθησε σιωπηρή πορεία διαμαρτυρίας σε κεντρικούς δρόμους της πόλης. Πηγή: ΑΠΕ – ΜΠΕ ",Newsroom,kathimerini.gr,2023-03-03,Ελλάδα / Κοινωνία
https://www.kathimerini.gr/society/562305655/kinitopoiiseis-kai-sti-thessaloniki-gia-tin-tragodia-sta-tempi/,Κινητοποιήσεις και στη Θεσσαλονίκη για την τραγωδία στα Τέμπη,"Κινητοποιήσεις και στη Θεσσαλονίκη για την τραγωδία στα Τέμπη Οι διαδηλωτές συγκεντρώθηκαν, μετά από κάλεσμα των φοιτητικών συλλόγων, στην Καμάρα και στη συνέχεια σχημάτισαν μαζική πορεία, στην Εγνατία οδό, με κατεύθυνση δυτικά  Λίγα λουλούδια στη μνήμη των θυμάτων του σιδηροδρομικού δυστυχήματος στα Τέμπη άφησαν, στο χώρο του νέου Σιδηροδρομικού Σταθμού Θεσσαλονίκης, διαδηλωτές που πήραν μέρος στη σημερινή πορεία διαμαρτυρίας. Οι διαδηλωτές συγκεντρώθηκαν, μετά από κάλεσμα των φοιτητικών συλλόγων, στην Καμάρα και στη συνέχεια σχημάτισαν μαζική πορεία, στην Εγνατία οδό, με κατεύθυνση δυτικά. Κρατώντας πανό και φωνάζοντας συνθήματα, έφτασαν μέχρι τον νέο Σιδηροδρομικό Σταθμό και μετά, άλλαξαν κατεύθυνση και επέστρεψαν στο κέντρο της πόλης. Μετά την ολοκλήρωση της πορείας, ομάδα ατόμων έβαλε φωτιά σε κάδους στην Εγνατία, στο ύψος της Παναγίας Χαλκέων και επιτέθηκε με πέτρες και μολότοφ στις αστυνομικές δυνάμεις, οι οποίες απάντησαν κάνοντας χρήση δακρυγόνων. Μικροένταση σημειώθηκε και λίγο μετά το ξεκίνημα της πορείας. – Σιωπηρή διαμαρτυρία, στην οποία έδωσαν το «παρών» και βουλευτές του ΣΥΡΙΖΑ πραγματοποιήθηκε στην πλατεία Αριστοτέλους, μετά από κάλεσμα της συλλογικότητας «Αλληλεγγύη για όλους». Πηγή: ΑΠΕ – ΜΠΕ ",Newsroom,kathimerini.gr,2023-03-03,Ελλάδα / Κοινωνία
https://www.kathimerini.gr/world/562304755/alvania-mera-ethnikoy-penthoys-gia-to-dystychima-sta-tempi-i-kyriaki/,Αλβανία: Μέρα εθνικού πένθους για το δυστύχημα στα Τέμπη η Κυριακή,"Αλβανία: Μέρα εθνικού πένθους για το δυστύχημα στα Τέμπη η Κυριακή Μέρα εθνικού πένθους για το σιδηροδρομικό δυστύχημα στα Τέμπη κήρυξε την Κυριακή 5 Μαρτίου ο πρωθυπουργός της Αλβανίας Έντι Ράμα  Μέρα εθνικού πένθους για το σιδηροδρομικό δυστύχημα στα Τέμπη κήρυξε την Κυριακή 5 Μαρτίου ο πρωθυπουργός της Αλβανίας Έντι Ράμα. Χθες, η ολομέλεια της Αλβανικής Βουλής τήρησε ενός λεπτού σιγή για τα θύματα του τραγικού συμβάντος. Σύμφωνα με αλβανικές πηγές, στο μοιραίο τρένο επέβαιναν και Αλβανοί πολίτες, πέντε εκ των οποίων μέχρι χθες αγνοούνταν και άλλοι πέντε είχαν τραυματιστεί. Τη θλίψη για τη συνταρακτική τραγωδία, εξέφρασε και ο Αρχιεπίσκοπος Αλβανίας Αναστάσιος. Πηγή: ΑΠΕ-ΜΠΕ ⇒  ",Newsroom,kathimerini.gr,2023-03-03,Διεθνή
https://www.kathimerini.gr/society/562303492/tragodia-sta-tempi-ereyna-pros-kathe-kateythynsi-zitei-o-is-ntogiakos/,Τραγωδία στα Τέμπη: Έρευνα προς κάθε κατεύθυνση ζητεί ο Ισ. Ντογιάκος,"Τραγωδία στα Τέμπη: Έρευνα προς κάθε κατεύθυνση ζητεί ο Ισ. Ντογιάκος Να εντοπιστούν οι υπεύθυνοι και να αποδοθούν ευθύνες «όποιοι κι αν είναι, όπου κι αν ανήκουν, απ’ όπου και αν προέρχονται και όποιον κι αν εκπροσωπούν»  Διεύρυνση των ερευνών, πέρα από τις ευθύνες του σταθμάρχη, προς κάθε κατεύθυνση και άμεση συλλογή των αποδεικτικών στοιχείων από τον τόπο της τραγωδίας ζητεί με νέα παραγγελία του από τις εισαγγελικές αρχές της Λάρισας ο εισαγγελέας του Αρείου Πάγου. Ο κ. Ισίδωρος Ντογιάκος αναφέρεται πρωτίστως στην ανάγκη συλλογής του αποδεικτικού υλικού από τον τόπο της τραγωδίας, προκειμένου να διευκολυνθεί επί της ουσίας η έρευνα, ενώ θέτει με εμφατικό τρόπο θέματα διεύρυνσης των ερευνών προς κάθε κατεύθυνση. «Είναι η ώρα της Δικαιοσύνης», τονίζει στην παραγγελία του προς τον προϊστάμενο της Εισαγγελίας Εφετών Λάρισας, Σταμάτη Δασκαλόπουλο, στον οποίο από την πρώτη στιγμή της ανείπωτης τραγωδίας έχει ανατεθεί η εποπτεία στο σύνολο των ερευνών. Ο εισαγγελέας του ανωτάτου δικαστηρίου ζητεί να στραφούν οι έρευνες για τον εντοπισμό των υπευθύνων, εκτός από τον σταθμάρχη που διώκεται ήδη για βαριά αδικήματα, και σε άλλους, σημειώνοντας «όποιοι κι αν είναι, όπου κι αν ανήκουν, απ’ όπου και αν προέρχονται και όποιον κι αν εκπροσωπούν», σηματοδοτώντας έρευνες για σωρεία παραλείψεων στα συστήματα ασφαλείας, στον ορισμό ενός άπειρου σταθμάρχη σε μια τόσο νευραλγική θέση και λοιπά. Ο κ. Ντογιάκος στην παραγγελία του επισημαίνει μεταξύ άλλων: «Δεν πρέπει να παγιδευτεί η δικανική κρίση σε ποινικές ευθύνες συγκεκριμένων ατόμων και μόνο. Αντίθετα, επιβάλλεται η πλήρης διερεύνηση της υπόθεσης από κάθε πλευρά και η απόδοση ευθυνών προς πάσα κατεύθυνση, σύμφωνα με τις ουσιαστικές ποινικές διατάξεις, την ισχύουσα δικονομική τάξη». Παράλληλα, δίνει εντολή στις εισαγγελικές αρχές της Λάρισας για επί τόπου επίβλεψη στη συλλογή των αποδεικτικών στοιχείων, έτσι ώστε να μπορούν να αξιοποιηθούν στη συνέχεια οι ανάλογες πραγματογνωμοσύνες που θα συνταχθούν, σημειώνοντας προς τούτο: «Η αυτοπρόσωπη και ενεργός παρουσία σας στον τόπο της άδικης απώλειας τόσων ανθρώπινων ζωών για τη συγκέντρωση των αποδεικτικών στοιχείων, που θα ρίξουν φως στα αίτια της τραγωδίας, ασφαλώς και είναι απολύτως απαραίτητη. Τα στοιχεία αυτά επιβάλλεται να εξεταστούν αρμοδίως, εξονυχιστικά και διεξοδικά». Ο εισαγγελέας του ανωτάτου δικαστηρίου επιπλέον παραγγέλλει την ταχύτερη κατά το δυνατόν ολοκλήρωση της δικαστικής έρευνας, προκειμένου να μη σημειωθούν, όπως υπογραμμίζει, καθυστερήσεις του παρελθόντος που εξέθεσαν τη δικαιοσύνη, υπονοώντας προφανώς τις έρευνες για τη φονική πυρκαγιά στο Μάτι. Στην εισαγγελική παραγγελία, δεν αποφεύγεται, κάτι που δεν είθισται σε τέτοιου είδους δικαστικά κείμενα, η συναισθηματική φόρτιση, καθώς στο τέλος ο κ. Ντογιάκος σημειώνει: «Η ορθή και ταχεία απονομή δικαιοσύνης θα αποτελεί αιώνιο μνημόσυνο για τις ψυχές των νεκρών». Παράλληλα, χθες, μία νέα εισαγγελική παρέμβαση σημειώθηκε έπειτα από καταγγελίες που έγιναν δημόσια από συνδικαλιστικό φορέα στους σιδηροδρόμους (Ομοσπονδία Σιδηροδρόμων), σύμφωνα με την οποία, δεν λειτουργούν οι φωτεινές σηματοδοτήσεις στον προαστιακό από το τμήμα της Δουκίσσης Πλακεντίας έως το αεροδρόμιο. Η εισαγγελική παρέμβαση διερεύνησης των καταγγελλομένων έγινε από τον προϊστάμενο της Εισαγγελίας Πρωτοδικών Αντ. Ελευθεριάνο με κατεπείγουσα, λόγω της σοβαρότητας του θέματος, έρευνα. Ηδη η έρευνα ανατέθηκε και διενεργείται από εισαγγελέα. Δουκίσσης Πλακεντίας",Ιωάννα Μάνδρου,kathimerini.gr,2023-03-03,Ελλάδα / Κοινωνία
https://www.kathimerini.gr/politics/562304704/sygkroysi-trenon-sta-tempi-i-epitropi-poy-tha-diereynisei-ta-aitia-tis-tragodias/,Σύγκρουση τρένων στα Τέμπη: Η Επιτροπή που θα διερευνήσει τα αίτια της τραγωδίας,"Σύγκρουση τρένων στα Τέμπη: Η Επιτροπή που θα διερευνήσει τα αίτια της τραγωδίας Τη σύσταση Ειδικής Επιτροπής για τη διερεύνηση και ανάδειξη των συστημικών προβλημάτων και δυσλειτουργιών που οδήγησαν στη σιδηροδρομική τραγωδία των Τεμπών ανακοίνωσε ο υπουργός Επικρατείας Γιώργος Γεραπετρίτης  Τη σύσταση Ειδικής Επιτροπής για τη διερεύνηση και ανάδειξη των συστημικών προβλημάτων και δυσλειτουργιών που οδήγησαν στη σιδηροδρομική τραγωδία των Τεμπών ανακοίνωσε ο υπουργός Επικρατείας Γιώργος Γεραπετρίτης. Οπως σημειώνεται στη σχετική ανακοίνωση: «Κατόπιν εντολής του Πρωθυπουργού, ο υπουργός Επικρατείας Γιώργος Γεραπετρίτης ανακοινώνει τη σύσταση Ειδικής Επιτροπής για τη διερεύνηση και ανάδειξη των συστημικών προβλημάτων και δυσλειτουργιών που οδήγησαν στη σιδηροδρομική τραγωδία των Τεμπών. Η Επιτροπή είναι τριμελής και συμμετέχουν οι: Η Επιτροπή θα επιτελέσει το έργο της στο συντομότερο δυνατό χρόνο και θα καλέσει τεχνικό προσωπικό, εμπειρογνώμονες ή όποιο άλλο πρόσωπο κρίνει απαραίτητο, προκειμένου να τη συνδράμουν». Οπως έγραφε η «Κ» στο σημερινό της φύλλο και στη στήλη Θεωρείο, επειδή η δυσπιστία των πολιτών έναντι του πολιτικού συστήματος είναι –και δικαιολογημένα– στα ύψη, το ερώτημα είναι πότε αναμένεται το πόρισμα που θα καταγράφει τα αίτια της τραγωδίας. Σε σχετική ερώτηση, η απάντηση που έλαβε η «Κ» ήταν πως αυτό θα γίνει άμεσα, δηλαδή εντός του μηνός, καθώς ο στόχος και του νέου υπουργού είναι να μην υπάρξει καμία χρονοτριβή. Χθες, κατά την τελετή παράδοσης – παραλαβής του υπουργείου Υποδομών, ο Γ. Γεραπετρίτης τόνισε ότι έρχεται με τρεις εντολές από τον πρωθυπουργό, να διερευνηθεί το δυστύχημα, να συνεχιστεί απρόσκοπτα ο εκσυγχρονισμός των υποδομών και να γίνουν ενέργειες για την αποκατάσταση της ασφάλειας των σιδηροδρομικών μεταφορών. Ο Γ. Γεραπετρίτης εξήρε την απόφαση του κ. Καραμανλή να παραιτηθεί, αναλαμβάνοντας την πολιτική ευθύνη. «Αναλαμβάνω με μια ειδική εντολή από τον πρωθυπουργό τις αρμοδιότητες του υπουργείου Υποδομών και Μεταφορών με σκοπό τρία συγκεκριμένα πράγματα», ανέφερε. «Το πρώτο είναι να διερευνήσουμε τους λόγους για τους οποίους φτάσαμε στο σημείο να θρηνήσουμε απώλεια ανθρώπινων ψυχών». Οπως είπε, η διερεύνηση θα είναι διαφανής, ενώ η επιτροπή εμπειρογνωμόνων θα μελετήσει τα συστημικά αίτια που οδήγησαν στην τραγωδία, «όχι βεβαίως για να αποδοθούν ευθύνες, καθώς αυτό αποτελεί αντικείμενο της ήδη υφιστάμενης δικαστικής έρευνας». Ως δεύτερο στόχο του ο κ. Γεραπετρίτης ανέφερε τη διασφάλιση των διαδικασιών εκσυγχρονισμού των υποδομών, «ώστε να μην υπάρξει κανένα ζήτημα σε ό,τι αφορά την ταχύτητα των έργων». Τέλος, «να υπάρξουν άμεσες ενέργειες για την αποκατάσταση της ασφάλειας των μεταφορών στο επίπεδο των σιδηροδρομικών μεταφορών για να υπάρξει και μια εμπέδωση ασφάλειας και στην ψυχολογία των πολιτών». ⇒  Ιωάννης – Κωνσταντίνος Χαλκιάς, Επίτιμος Πρόεδρος του Νομικού Συμβουλίου του Κράτους, ως Πρόεδρος. Αθανάσιος Ζηλιασκόπουλος, Καθηγητής Μεταφορών και Παραγωγής στο Τμήμα Μηχανολόγων Μηχανικών του Πανεπιστημίου Θεσσαλίας, ως μέλος. Βασίλειος Προφυλλίδης, Καθηγητής της Συγκοινωνιακής Τεχνικής στο Δημοκρίτειο Πανεπιστήμιο Θράκης, ως μέλος. Σύντομα το πόρισμα",Newsroom,kathimerini.gr,2023-03-03,Πολιτική
https://www.kathimerini.gr/society/562304854/metaferetai-apo-ton-topo-tis-tragodias-sta-tempi-to-trito-vagoni/,Μεταφέρεται από τον τόπο της τραγωδίας στα Τέμπη το τρίτο βαγόνι,"Μεταφέρεται από τον τόπο της τραγωδίας στα Τέμπη το τρίτο βαγόνι  Το βαγόνι 3 της μοιραίας επιβατικής αμαξοστοιχίας φορτώθηκε σε νταλίκα προκειμένου να μεταφερθεί σε χώρο του ΟΣΕ, στο παλιό εργοστάσιο ζαχάρεως στη Λάρισα. Εκεί θα πραγματοποιηθεί περαιτέρω έρευνα προκειμένου να εντοπιστούν περισσότερα στοιχεία για τα αίτια που είχαν ως αποτέλεσμα την πολύνεκρη τραγωδία. Παράλληλα θα συνεχιστεί από τους πυροσβέστες και τα σωστικά συνεργεία των εθελοντών η έρευνα για τυχόν άλλα ευρήματα και προσωπικά αντικείμενα των επιβατών. Πληροφορίες: ΕΡΤ ",Newsroom,kathimerini.gr,2023-03-03,Ελλάδα / Κοινωνία
https://www.kathimerini.gr/society/562304734/pyrosvestiki-den-echoyn-vrethei-thraysmata-fialon-ygraerioy-ston-choro-toy-dystychimatos-sta-tempi/,Πυροσβεστική: Δεν έχουν βρεθεί θραύσματα φιαλών υγραερίου στον χώρο του δυστυχήματος στα Τέμπη,"Πυροσβεστική: Δεν έχουν βρεθεί θραύσματα φιαλών υγραερίου στον χώρο του δυστυχήματος στα Τέμπη Δεν έχουν βρεθεί φιάλες ή θραύσματα φιαλών υγραερίου στον ευρύτερο χώρο του σιδηροδρομικού δυστυχήματος στα Τέμπη, υπογραμμίζει σε ανακοίνωσή της η Πυροσβεστική  Δεν έχουν βρεθεί φιάλες ή θραύσματα φιαλών υγραερίου στον ευρύτερο χώρο του σιδηροδρομικού δυστυχήματος στα Τέμπη, υπογραμμίζει σε ανακοίνωσή της η Πυροσβεστική, με αφορμή σχετικές αναφορές σε ΜΜΕ. Συγκεκριμένα η ανακοίνωση της Πυροσβεστικής αναφέρει: «Με αφορμή πρόσφατες αναφορές σε ΜΜΕ περί ανεύρεσης δύο φιαλών υγραερίου, στο χώρο του σιδηροδρομικού δυστυχήματος, στα Τέμπη, το Πυροσβεστικό Σώμα διευκρινίζει: Κατά την διαδικασία ελέγχου για τον εντοπισμό ατόμων στους χώρους των βαγονιών αλλά και στον ευρύτερο χώρο του σιδηροδρομικού δυστυχήματος στα Τέμπη, δεν έχουν βρεθεί φιάλες ή θραύσματα φιαλών υγραερίου. Συνεπώς, οι σχετικές με το θέμα δημοσιογραφικές αναφορές, οι οποίες μάλιστα αποδόθηκαν σε εκπρόσωπο του Πυροσβεστικού Σώματος, δεν ανταποκρίνονται στην πραγματικότητα». Σε 57 ανέρχονται οι επιβεβαιωμένοι νεκροί της τραγωδίας στα Τέμπη, ενώ 36 σοροί έχουν ταυτοποιηθεί, σύμφωνα με την τελευταία ενημέρωση της Πυροσβεστικής και της Αστυνομίας (σήμερα Παρασκευή, 12.20 μ.μ.). Η εκπρόσωπος Τύπου της Αστυνομίας Κωνσταντία Δημογλίδου διευκρίνισε ότι όσοι είχαν δηλωθεί αρχικά ως αγνοούμενοι συμπεριλαμβάνονται στους νεκρούς. «Σε αυτό το σημείο γίνεται το λάθος από κάποιους να προσθέτουν αυτούς που είχαν δηλωθεί από τους συγγενείς ως αγνοούμενοι αμέσως μετά το δυστύχημα με τον αριθμό των νεκρών που έχουν ανασυρθεί. Όσοι είχαν δηλωθεί αρχικά συμπεριλαμβάνονται στους νεκρούς», ανέφερε χαρακτηριστικά. Όπως είπε η κ. Δημογλίδου, μέχρι στιγμής έχουν ταυτοποιηθεί 36 νεκροί από τα δείγματα που έχει λάβει η διεύθυνση εγκληματολογικών ερευνών της Αστυνομίας, επισημαίνοντας ότι η διαδικασία ταυτοποίησης των σορών με τη μέθοδο DNA διεξάγεται από τα ειδικά εγκληματολογικά εργαστήρια. Ακόμη, όπως γνωστοποίησε, έχουν ενημερωθεί ήδη 11 οικογένειες από τον επικεφαλής της ομάδας αναγνώρισης της ελληνικής αστυνομίας και τους ειδικούς ψυχολόγους της αστυνομίας και συμπλήρωσε ότι η επώδυνη αυτή διαδικασία συνεχίζεται. «Στα εργαστήρια η διαδικασία ταυτοποίησης διεξάγεται 24 ώρες το 24ωρο και έχει διακοπεί οποιαδήποτε άλλη εργασία, προκειμένου να διεκπεραιωθεί όλη η διαδικασία της ταυτοποίησης το ταχύτερο δυνατόν», ανέφερε. Παράλληλα, η κ. Δημογλίδου τόνισε ότι 38 τραυματίες νοσηλεύονται σε νοσοκομεία, επτά εκ των οποίων σε Μονάδες Εντατικής Θεραπείας (ΜΕΘ). Από την πλευρά του ο εκπρόσωπος Τύπου του Πυροσβεστικού Σώματος, πύραρχος Βασίλης Βαθρακογιάννης ανέφερε ότι εκτιμάται ότι μέχρι το μεσημέρι θα έχει ολοκληρωθεί η επιχείρηση έρευνας. Όπως είπε, τα γερανοφόρα οχήματα έχουν μετακινήσει τα δύο βαγόνια, τόσο το πρώτο επιβατικό της β’ θέσης όσο και το βαγόνι – εστιατόριο, διευκολύνοντας την επιχείρηση έρευνας. Ταυτόχρονα οι πυροσβέστες από χθες το απόγευμα πραγματοποιούν σάρωση τόσο στις άμορφες μάζες των βαγονιών όσο και στο έδαφος. «Σκοπός μας είναι αφενός ο πιθανός εντοπισμός αγνοουμένων και αφετέρου η πιθανή συλλογή ακόμα και μικρών δειγμάτων βιολογικού υλικού που θα αξιοποιηθούν στη διαδικασία βιολογικής ταυτοποίησης. Εκτιμάται ότι μέχρι το μεσημέρι θα έχει ολοκληρωθεί η επιχείρηση έρευνας», σημείωσε ο κ. Βαθρακογιάννης. Χθες εις βάρος του 59χρονου σταθμάρχη ασκήθηκε δίωξη σε βαθμό κακουργήματος για ανθρωποκτονία κατά συρροήν από αμέλεια, πρόκληση σωματικών βλαβών κατά συρροήν από αμέλεια αλλά και διατάραξη συγκοινωνιών. Οδηγήθηκε χθες ενώπιον εισαγγελέα και ανακριτή Λάρισας, από τους οποίους ζήτησε και πήρε προθεσμία και αναμένεται να απολογηθεί το προσεχές Σάββατο. Αν και, σύμφωνα με πληροφορίες από την Αστυνομία, αρχικά είχε προσπαθήσει να αποδώσει το δυστύχημα σε βλάβη του ηλεκτρονικού συστήματος, κατά τη διάρκεια της προανακριτικής απολογίας του παραδέχθηκε ότι υπέπεσε σε σφάλμα. «Ο κατηγορούμενος είναι κυριολεκτικά συντετριμμένος και έχει ήδη αναλάβει το μέρος των ευθυνών που του αναλογούν», δήλωσε στους δημοσιογράφους ο συνήγορός του Στέφανος Παντζαρτζίδης. Διεύρυνση των ερευνών, πέρα από τις ευθύνες του σταθμάρχη, προς κάθε κατεύθυνση και άμεση συλλογή των αποδεικτικών στοιχείων από τον τόπο της τραγωδίας ζητεί με νέα παραγγελία του από τις εισαγγελικές αρχές της Λάρισας ο εισαγγελέας του Αρείου Πάγου. Ο κ. Ισίδωρος Ντογιάκος αναφέρεται πρωτίστως στην ανάγκη συλλογής του αποδεικτικού υλικού από τον τόπο της τραγωδίας, προκειμένου να διευκολυνθεί επί της ουσίας η έρευνα, ενώ θέτει με εμφατικό τρόπο θέματα διεύρυνσης των ερευνών προς κάθε κατεύθυνση. «Είναι η ώρα της Δικαιοσύνης», τονίζει στην παραγγελία του προς τον προϊστάμενο της Εισαγγελίας Εφετών Λάρισας, Σταμάτη Δασκαλόπουλο, στον οποίο από την πρώτη στιγμή της ανείπωτης τραγωδίας έχει ανατεθεί η εποπτεία στο σύνολο των ερευνών. ⇒  57 οι νεκροί – Εχουν ταυτοποιηθεί 36 38 τραυματίες σε νοσοκομεία – 7 σε ΜΕΘ Δίωξη σε βαθμό κακουργήματος κατά του σταθμάρχη Ερευνα προς κάθε κατεύθυνση ζητεί ο Ισ. Ντογιάκος",Newsroom,kathimerini.gr,2023-03-03,Ελλάδα / Κοινωνία
https://www.kathimerini.gr/politics/562304806/tragodia-sta-tempi-ta-tessera-erotimata-toy-syriza-kai-i-apantisi-oikonomoy/,Τραγωδία στα Τέμπη: Τα τέσσερα ερωτήματα του ΣΥΡΙΖΑ και η απάντηση Οικονόμου,"Τραγωδία στα Τέμπη: Τα τέσσερα ερωτήματα του ΣΥΡΙΖΑ και η απάντηση Οικονόμου Ανακοίνωση της Πόπης Τσαπανίδου αναφορικά με τις ευθύνες για την τραγωδία στα Τέμπη - «Πολιτική εκμετάλλευση της σιδηροδρομικής τραγωδίας από τον ΣΥΡΙΖΑ», η απάντηση του κυβερνητικού εκπροσώπου.  Απάντηση στην εκπρόσωπο Τύπου του ΣΥΡΙΖΑ-ΠΣ έδωσε ο κυβερνητικός εκπρόσωπος, Γιάννης Οικονόμου, μετά τα τέσσερα ερωτήματα που έθεσε η Πόπη Τσαπανίδου για το σιδηροδρομικό δυστύχημα στα Τέμπη. Σημειώνεται ότι τα ερωτήματα της εκπροσώπου Τύπυ του ΣΥΡΙΖΑ-ΠΣ, αφορούσαν -μεταξύ άλλων- το «τι ακριβώς θα εγκαινίαζε ο πρωθυπουργός στο κέντρο τηλεδιοίκησης και σηματοδότησης στη Θεσσαλονίκη την επομένη της τραγωδίας», την ευθύνη για τον διορισμό του σταθμάρχη Λάρισας, τον λόγο παραίτησης το 2022 του πρόεδρου της Επιτροπής που είναι αρμόδια για τα έργα σηματοδότησης και ασφάλειας στο σιδηροδρομικό δίκτυο, καθώς και το αν ο παραιτηθείς υπουργός Μεταφορών, Κ. Αχ. Καραμανλής θα είναι υποψήφιος στις επικείμενες εκλογές. «Την ώρα της μεγάλης οδύνης και του πόνου, εν μέσω εθνικού πένθους, ο ΣΥΡΙΖΑ αποφάσισε να ξεκινήσει, επισήμως μάλιστα, την πολιτική εκμετάλλευση της τραγωδίας. Φαρισαϊκά ισχυρίζεται ότι ο μόνος που φέρει ευθύνη για την κατάσταση των ελληνικών σιδηροδρόμων είναι η κυβέρνηση της ΝΔ και ότι εκείνοι παρέδωσαν έναν σιδηρόδρομο που λειτουργούσαν όλα τέλεια», αναφέρει ο κυβερνητικός εκπρόσωπος και συνεχίζει: «Δεν είναι η ώρα της κομματικής αντιπαράθεσης. Οι απαντήσεις θα δοθούν σύντομα, με τρόπο που δεν θα αμφισβητείται από κανέναν και με κανένα τρόπο, με αποφάσεις και υπογραφές. Απαντήσεις οφείλονται πρωτίστως στην ελληνική κοινωνία, που ευλόγως αναρωτιέται για τα αίτια της τραγωδίας και οργίζεται, και όχι στον ΣΥΡΙΖΑ. Τώρα όμως είναι η ώρα του πένθους και του σεβασμού» Νωρίτερα η εκπρόσωπος Τύπου του ΣΥΡΙΖΑ-ΠΣ, Πόπη Τσαπανίδου έθεσε τέσσερα ερωτήματα αναφορικά με την τραγωδία στα Τέμπη. «Κάθε προσπάθεια απόκρυψης και συγκάλυψης της αλήθειας για την τραγωδία των Τεμπών αποτελεί ασέβεια προς τους νεκρούς και προαναγγέλλει νέες τραγωδίες», αναφέρει η Πόπη Τσαπανίδου, τονίζοντας ότι «η επιλογή όλων μας τώρα δεν μπορεί παρά να είναι μία: Όλα στο φως». «Η προσπάθεια του πρωθυπουργού και της κυβέρνησης να καταφύγουν σε επικοινωνιακά τεχνάσματα, χονδροειδείς απόπειρες συμψηφισμού και διαχρονικές δικαιολογίες, προκαλεί σοβαρές ανησυχίες και αλγεινή εντύπωση» αναφέρει η κ. Τσαπανίδου και συνεχίζει: «Επαναλαμβάνουμε ότι για όποιον πραγματικά σέβεται τις ζωές που χάθηκαν άδικα, τις οικογένειές τους, όλους όσοι αγωνιούν για το πώς και γιατί φτάσαμε στο πολύνεκρο δράμα, η αλήθεια είναι μονόδρομος», σημειώνει η κ. Τσαπανίδου και τονίζει ότι ο πρωθυπουργός οφείλει να απαντήσει αυτή τη στιγμή σε τέσσερα ερωτήματα: Τι ακριβώς θα πήγαινε να εγκαινιάσει προεκλογικά στη Θεσσαλονίκη την επόμενη του δυστυχήματος; Ένα κέντρο τηλεδιοίκησης και σηματοδότησης με ανύπαρκτο σύστημα; Ποιος και πώς διόρισε έναν άνθρωπο άπειρο και ακατάλληλο στη θέση του σταθμάρχη Λάρισας και πόσες μέρες πριν το δυστύχημα είχε αναλάβει υπηρεσία; Ποιος ο λόγος παραίτησης το 2022 του πρόεδρου της Επιτροπής που είναι αρμόδια για τα έργα σηματοδότησης και ασφάλειας στο σιδηροδρομικό δίκτυο και ποια η απάντηση στα συνεχόμενα εξώδικα των εργαζόμενων; Τέλος, περιμένουμε από τον κ. Μητσοτάκη που απέδωσε στον κ. Καραμανλή την «αντικειμενική πολιτική ευθύνη» να μας απαντήσει εάν αυτή θα διαρκέσει μέχρι τις εκλογές και μετά θα είναι κανονικά υποψήφιος». Η εκπρόσωπος του ΣΥΡΙΖΑ σημειώνει στο τέλος ότι «σε κάθε περίπτωση να είναι όλοι βέβαιοι: Η αλήθεια είναι ο ύστατος χαιρετισμός στους νεκρούς μας». Με πλήροφορίες από ΑΠΕ-ΜΠΕ ⇒   Οικονόμου: Ο ΣΥΡΙΖΑ ξεκίνησε την πολιτική εκμετάλλευση της τραγωδίας Τσαπανίδου: Τα τέσσερα ερωτήματα για την τραγωδία στα Τέμπη",Newsroom,kathimerini.gr,2023-03-03,Πολιτική
https://www.kathimerini.gr/society/562303438/tragodia-sta-tempi-oi-pliges-toy-ellinikoy-sidirodromoy-i-archi-poy-evlepe-ta-trena-na-pernoyn/,Τραγωδία στα Τέμπη: Οι «πληγές» του ελληνικού σιδηροδρόμου – Η Αρχή που έβλεπε τα τρένα να περνούν,"Τραγωδία στα Τέμπη: Οι «πληγές» του ελληνικού σιδηροδρόμου – Η Αρχή που έβλεπε τα τρένα να περνούν Οι καθυστερήσεις της ΕΡΓΟΣΕ στην εκτέλεση των έργων, τα διαρκή προβλήματα της Hellenic Train, ο διακοσμητικός ρόλος της ΡΑΣ  Πόσες λέξεις χρειάζονται για να εκπέμψεις σήμα κινδύνου; Η τελευταία Ετήσια Εκθεση Ασφαλείας της Ρυθμιστικής Αρχής Σιδηροδρόμων (ΡΑΣ) εκτείνεται σε 13.000 λέξεις, αλλά δεν αφιερώνει καμία στις τερατώδεις παθογένειες του ελληνικού σιδηροδρόμου, αυτές που κατήγγελλαν σε όλους τους τόνους εδώ και χρόνια οι σύλλογοι εργαζομένων, αυτές που τελικά οδήγησαν στο τραγικό δυστύχημα των Τεμπών. Ομως, φαίνεται πως οι λέξεις δεν έχουν σημασία – ή έχουν διαφορετική σημασία για τον καθένα. Μολονότι για παράδειγμα η παραπάνω Ανεξάρτητη Διοικητική Αρχή (που συστάθηκε με το Ν. 3891/2010 με κύριο σκοπό τη στήριξη του ανοίγματος της αγοράς σιδηροδρομικών μεταφορών στον ανταγωνισμό) αποτελεί μεταξύ άλλων και την Εθνική Αρχή Ασφαλείας για τις σιδηροδρομικές μεταφορές, αυτό δεν σημαίνει αυτό που οι περισσότεροι αντιλαμβανόμαστε. Οπως είπε χθες η πρόεδρος της ΡΑΣ, Ιωάννα Τσιαπαρίκου, μιλώντας στο Πρώτο Πρόγραμμα της ΕΡΤ, «είμαστε ένας φορέας με πολλές αρμοδιότητες: από τη ρύθμιση της αγοράς και τον ανταγωνισμό, τα δικαιώματα των επιβατών και την Εθνική Αρχή Ασφαλείας. Αυτό, όμως, δεν σημαίνει αυτό που καταλαβαίνετε από τον τίτλο. Αφορά την εποπτεία της τήρησης των διαδικασιών με βάση τα υφιστάμενα συστήματα και τις υποδομές που υπάρχουν αυτή τη στιγμή (…) Πρέπει να τηρούμε, να βλέπουμε ότι οι σιδηροδρομικές επιχειρήσεις και ο διαχειριστής υποδομής τηρεί αυτά που περιγράφονται στο σχέδιο διαχείρισης ασφάλειάς του, με βάση τα υφιστάμενα συστήματα. Δηλαδή, “ποια είναι η διαδικασία που ακολουθείται στη συγκεκριμένη περίπτωση”; Ο σταθμάρχης δίνει εντολή στον μηχανοδηγό με τον τάδε τρόπο. Δεν εξετάζουμε κάτι άλλο. Γνωμοδοτικά, συμβουλευτικά σε τοποθετήσεις μας δημόσιες ή σε προτάσεις μας προς τους φορείς μπορούμε να πούμε ότι “βεβαίως πρέπει να αυτοματοποιηθούν τα συστήματα και να ολοκληρωθούν τα έργα και οι εργολαβίες που είναι σε εξέλιξη”». Οι καταγγελίες ενώσεων σιδηροδρομικών υπαλλήλων σχετικά με συστήματα ασφαλείας που εδώ και πολλά χρόνια έχουν τεθεί εκτός λειτουργίας ουδέποτε ελέγχθηκαν σοβαρά. Παρά την αναρμοδιότητα, κλιμάκιο εμπειρογνωμόνων της Μονάδας Ασφαλείας και Διαλειτουργικότητας της ΡΑΣ βρέθηκε προχθές στον τόπο του σοβαρότατου σιδηροδρομικού δυστυχήματος, ενώ χθες ανακοινώθηκε ότι η Ρυθμιστική Αρχή Σιδηροδρόμων ξεκίνησε αυτεπάγγελτη έρευνα για το σιδηροδρομικό δυστύχημα, εξετάζοντας την ορθή εφαρμογή των Συστημάτων Διαχείρισης Ασφαλείας από τον ΟΣΕ και τη Σιδηροδρομική Επιχείρηση Ηellenic Train A.Ε. (στα Συστήματα Διαχείρισης Ασφαλείας καταγράφονται οι διαδικασίες που πρέπει να εφαρμόζονται από τις Σιδηροδρομικές Επιχειρήσεις και τον ΟΣΕ, βάσει της εθνικής και ευρωπαϊκής νομοθεσίας για τους σιδηροδρόμους, προκειμένου να διασφαλίζεται η τήρηση όλων των κανόνων και απαιτήσεων ασφαλείας). Είναι άξιον απορίας γιατί το αρμόδιο όργανο δεν είχε ξεκινήσει αντίστοιχη έρευνα μετά τη σοβαρότατη καταγγελία της Πανελλήνιας Ενωσης Προσωπικού Ελξης τον Νοέμβριο –διατυπωμένη και σε εξώδικο προς τη ΡΑΣ– για τη «μη λειτουργία φωτοσημάτων και τηλεδιοίκησης εδώ και πολλά έτη, τη μη λειτουργία του συστήματος ETCS (που προστατεύει από το ανθρώπινο λάθος)». Από την τελευταία έκθεση Ασφαλείας (2020) της ΡΑΣ, πάντως, βγαίνει και μια είδηση: Η Επιτροπή Διερεύνησης Σιδηροδρομικών Ατυχημάτων και Συμβάντων, η οποία είχε συσταθεί με το άρθρο 2 του Ν. 4313/2014 (Α΄ 261), δεν είχε έως τότε ενεργοποιηθεί. Κατά τραγική ειρωνία ή σύμπτωση, πριν από ένα μήνα ψηφίστηκε στη Βουλή το σχέδιο νόμου του υπουργείου Υποδομών και Μεταφορών που ενοποιεί τις δύο Επιτροπές Διερεύνησης Ατυχημάτων (αεροπορικών και σιδηροδρομικών) συστήνοντας τον νέο Εθνικό Οργανισμό Διερεύνησης Αεροπορικών και Σιδηροδρομικών Ατυχημάτων και Ασφαλείας Μεταφορών. Για μείωση της γραφειοκρατείας και καλύτερη αποτελεσματικότητα… Αναρμόδιοι στα Τέμπη",Λίνα Γιάνναρου,kathimerini.gr,2023-03-03,Ελλάδα / Κοινωνία
https://www.kathimerini.gr/society/562305025/tempi-epilogos-se-ereynes-kai-taytopoiiseis-o-golgothas-ton-syggenon/,Τέμπη: Επίλογος σε έρευνες και ταυτοποιήσεις – Ο Γολγοθάς των συγγενών,"Τέμπη: Επίλογος σε έρευνες και ταυτοποιήσεις – Ο Γολγοθάς των συγγενών Οι έρευνες στο σημείο της τραγωδίας εκτιμάται πως θα έχουν ολοκληρωθεί μέχρι το βράδυ.  Ο επίλογος του χειρότερου σιδηροδρομικού δυστυχήματος στην ιστορία της Ελλάδας, γράφεται τις τελευταίες ώρες στον Ευαγγελισμό των Τεμπών, όπου αργά το βράδυ της Τρίτης μία επιβατική αμαξοστοιχία συγκρούστηκε με μία εμπορική, οδηγώντας στον θάνατο τουλάχιστον 57 ανθρώπους. Η ανάσυρση του τρίτου βαγονιού της επιβατικής αμαξοστοιχίας ολοκληρώθηκε νωρίς το μεσημέρι, και οι πυροσβέστες αναζητούν τώρα ίχνη βιολογικού υλικού, που θα μπορούσαν να βοηθήσουν στην ταυτοποίηση των νεκρών. Τα ευρήματα μεταφέρονται στα εργαστήρια της ιατροδικαστικής υπηρεσίας, ενώ τα συντρίμμια της αμαξοστοιχίας τοποθετούνται σε ειδικό αποθηκευτικό χώρο του ΟΣΕ, προκειμένου να ερευνηθούν από τους εμπειρογνώμονες. Οι έρευνες στο σημείο της τραγωδίας εκτιμάται πως θα έχουν ολοκληρωθεί μέχρι το βράδυ, όπως μετέδωσε η ΕΡΤ. Σύμφωνα με την ΕΛ.ΑΣ, μέχρι στιγμής έχουν ταυτοποιηθεί 54 σοροί μέσω ανάλυσης DNA και έχουν ενημερωθεί 14 οικογένειες θυμάτων από τον επικεφαλής της ομάδας αναγνώρισης της Ελληνικής Αστυνομίας και ειδικούς ψυχολόγους της ΕΛ.ΑΣ. Όπως είπε η εκπρόσωπος τύπου της Ελληνικής Αστυνομίας, Κωνσταντία Δημογλίδου, αναμένεται η αποστολή νέων δειγμάτων, που θα εξετασθούν με τον ίδιο τρόπο στα εγκληματολογικά εργαστήρια. «Αναφορικά με τη διαδικασία ενημέρωσης των συγγενών των θυμάτων, η οποία συνεχίζεται, από τον επικεφαλής της ομάδας αναγνώρισης της Ελληνικής Αστυνομίας και τους ειδικούς ψυχολόγους, δίνεται ο απαραίτητος χρόνος στην οικογένεια κάθε θύματος καθώς δεν πρόκειται για μία τυπική διαδικασία αλλά απαιτούνται λεπτοί χειρισμοί», πρόσθεσε. Μεταξύ των 48 τραυματιών που νοσηλεύονται σε νοσοκομεία, επτά πολυτραυματίες βρίσκονται σε Μονάδες Εντατικής Θεραπείας. Ο αριθμός των τραυματιών σε ΜΕΘ έχει αυξηθεί κατά έναν.  Συγγενείς και φίλοι αγνοούμενων επιβατών μιλούν για τους οικείους του. «Σε ένα μήνα θα είχε γενέθλια, θα έκλεινε τα 23», λέει στην ΕΡΤ μία μητέρα για τον γιο της και απευθύνει έκκληση. «Το εισιτήριό του ήταν βαγόνι 5 θέση 22. Δεν είναι ανάμεσα στους τραυματίες, δεν είναι ανάμεσα στους αγνοούμενους, προς το παρόν. Δεν έχουμε καμία ενημέρωση για το πού βρίσκεται. Ήταν σε ένα βαγόνι από το οποίο σώθηκαν πολλά παιδιά. Δεν ξέρω αν ήταν στη θέση του την ώρα της σύγκρουσης ή αν είχε σηκωθεί να πάει προς το κυλικείο». «Πήγε στην Αθήνα να πάρει ένα δίπλωμα και δεν ξαναγύρισε ποτέ», λέει ο αδελφός ενός άλλου αγνοούμενου. «Εμείς δεν τον βρίσκουμε πουθενά, τον ψάχνουμε, η οικογένεια δεν ξέρει τίποτα, η αστυνομία δεν μπορεί να πει τίποτα. Η αστυνομία δε μπορεί να πει τίποτα». Συγγενείς και φίλοι έδωσαν το «παρών» στην κηδεία της 34χρονης Αθηνάς Κατσάρα, θύμα του σιδηροδρομικού δυστυχήματος, στα Τέμπη. Ήταν η πρώτη κηδεία νεκρής του πολύνεκρου δυστυχήματος. Μαθητές και φοιτητές διοργάνωσαν συγκέντρωση διαμαρτυρίας στα γραφεία της Hellenic Train το πρώι. Ζητώντας να αποδοθούν ευθύνες για το τραγικό συμβάν, συγκεντρώθηκαν αρχικά έξω από τα Προπύλαια, στο κέντρο της Αθήνας. «Για τα παιδιά στα Τέμπη… Για τις οικογένειές τους… Και για εμάς…», ανέφερε το κάλεσμα της Συντονιστικής Επιτροπής Μαθητών Αθήνας. «Το έγκλημα αυτό να μη συγκαλυφθεί. Όλων των νεκρών θα γίνουμε η φωνή», ήταν το μήνυμα σε ένα από τα πανό φοιτητών. Κλειστή είναι από τις 19:10 είναι η λεωφόρος Αμαλίας, στο ύψος της Βουλής, στο Σύνταγμα, καθώς εξελίσσεται νέα σιωπηρή διαμαρτυρία: «Πενθούμε τους νεκρούς μας, ζητάμε την αλήθεια», που διοργανώνει η ΜΚΟ Αλληλεγγύη για Όλους, που είναι φίλα προσκείμενη στον ΣΥΡΙΖΑ. Η πρωτοβουλία Αλληλεγγύη για Όλους τονίζει στο κάλεσμα της, «βιώνουμε μια ανείπωτη τραγωδία, πενθούμε τον άδικο χαμό δεκάδων κυρίως νέων ανθρώπων, ζητάμε να μάθουμε την αλήθεια». Κινητοποιήσεις έγιναν ή βρίσκονται ακόμα σε εξέλιξη σε πολλές περιοχές της Ελλάδας, μεταξύ των οποίων η Θεσσαλονίκη, η Λάρισα, ο Βόλος, η Καρδίτσα, ο Πύργος, η Καβάλα και το Ηράκλειο. Σύμφωνα με πληροφορίες του κρατικού καναλιού, ο σταθμάρχης που ομολόγησε πως έκανε λάθος, βρισκόταν μόλις 15 ημέρες στο σταθμαρχείο της Λάρισας. Ο άνδρας φέρεται να είχε ειδοποιηθεί 16 λεπτά νωρίτερα για την πορεία της εμπορικής αμαξοστοιχίας, από τον σταθμάρχη των Νέων Πόρων. Τρεις καταγραφές μεταξύ των δύο σταθμών, επιβεβαιώνουν ότι για 15 λεπτά τα τρένα κινούνταν στην ίδια γραμμή, ακολουθώντας αντίθετες πορείες. Ο σταθμάρχης της Λάρισας, μετά την πρακτική του στο σταθμό της Καλαμπάκας, είχε περάσει για δύο ημέρες και από τον σταθμό των Νέων Πόρων. Κατόπιν εντολής του πρωθυπουργού Κυριάκου Μητσοτάκη, ο Υυουργός Επικρατείας Γιώργος Γεραπετρίτης ανακοίνωσε τη σύσταση Ειδικής Επιτροπής για τη διερεύνηση και ανάδειξη των συστημικών προβλημάτων και δυσλειτουργιών που οδήγησαν στη σιδηροδρομική τραγωδία των Τεμπών. Η Επιτροπή είναι τριμελής και συμμετέχουν οι: -Ιωάννης – Κωνσταντίνος Χαλκιάς, Επίτιμος Πρόεδρος του Νομικού Συμβουλίου του Κράτους, ως Πρόεδρος. -Αθανάσιος Ζηλιασκόπουλος, Καθηγητής Μεταφορών και Παραγωγής στο Τμήμα Μηχανολόγων Μηχανικών του Πανεπιστημίου Θεσσαλίας, ως μέλος. -Βασίλειος Προφυλλίδης, Καθηγητής της Συγκοινωνιακής Τεχνικής στο Δημοκρίτειο Πανεπιστήμιο Θράκης, ως μέλος. «Ο μηχανοδηγός εμπιστεύτηκε τον σταθμάρχη 1.000%, ενώ δεν έπρεπε. Αυτό είναι το επιλήψιμο σε ό,τι αφορά τον μηχανοδηγό. Ο σταθμάρχης ήταν ένας άπειρος υπάλληλος, ο οποίος κάκιστα είχε τοποθετηθεί στον σταθμό Λαρίσης», τόνισε, μιλώντας στον τηλεοπτικό σταμό ΣΚΑΪ, ο συνταξιούχος εκπαιδευτής μηχανοδηγών, Νικόλαος Τσουρίδης. Ο ίδιος επισήμανε πως στη συνομιλία μεταξύ του σταθμάρχη και του μηχανοδηγού υπάρχει ένα ένοχο μυστικό. «Ο μηχανοδηγός ήταν φίλος με τον σταθμάρχη, και δυστυχώς δεν τήρησαν και οι δύο τα τυπικά υπηρεσιακά». Όπως ανέφερε, κατά τη συνομιλία του σταθμάρχη με τον μηχανοδηγό, ο πρώτος δεν ενημέρωσε τον δεύτερο σχετικά με το ποια γραμμή θα ακολουθήσει: «Στην έξοδο της Λάρισας υπάρχουν δύο γραμμές, η μία που κατεβαίνει από Θεσσαλονίκη και η άλλη που ανεβαίνει προς Θεσσαλονίκη. Εκεί έγινε το μοιραίο λάθος από τον σταθμάρχη. Δεν είπε στον μηχανοδηγό να πάει από τη γραμμή ανόδου ή τη γραμμή καθόδου. Βάσει του κανονισμού, ο σταθμάρχης είναι υποχρεωμένος να πει στον μηχανοδηγό ποια γραμμή θα ακολουθήσει. Ο έμπειρος μηχανοδηγός είναι υποχρεωμένος να ρωτήσει κι εφόσον δεν πάρει σαφείς οδηγίες, τότε δεν πρέπει να αναχωρήσει». Εν τω μεταξύ, η πρώτη αγωγή για την υπόθεση έχει ήδη κατατεθεί από τον δικηγόρο ενός πολυτραυματία που νοσηλεύεται σε σοβαρή κατάσταση στο νοσοκομείο της Λάρισας. Σε σοβαρή κατάσταση νοσηλεύεται και ο 20χρονος πολυτραυματίας, που είναι και ο μοναδικός που επέζησε από το πρώτο βαγόνι. ⇒  Μαρτυρίες φίλων και συγγενών Συγκεντρώσεις μαθητών και φοιτητών σε όλη τη χώρα – «Θα γίνουμε η φωνή τους» «Ο σταθμάρχης ήταν μόλις 15 ημέρες στο σταθμαρχείο της Λάρισας» Τριμελής Ειδική Επιτροπή διερεύνησης Ο μηχανοδηγός εμπιστεύτηκε τον Σταθμάρχη Η πρώτη αγωγή",Newsroom,kathimerini.gr,2023-03-03,Ελλάδα / Κοινωνία
https://www.kathimerini.gr/society/562303474/tragodia-sta-tempi-perimenontas-apantiseis-apo-to-dna/,Τραγωδία στα Τέμπη: Περιμένοντας απαντήσεις από το DNA,"Τραγωδία στα Τέμπη: Περιμένοντας απαντήσεις από το DNA Το δύσκολο έργο των ιατροδικαστών, η απερίγραπτη αγωνία των συγγενών και οι σοροί που ώρα με την ώρα αυξάνονται  ΤΕΜΠΗ – ΑΠΟΣΤΟΛΗ. Η ροή των τραυματιών από τις διαλυμένες αμαξοστοιχίες στα Τέμπη είχε μόλις σταματήσει. Ξημερώματα Τετάρτης, στο υπόγειο του Γενικού Νοσοκομείου Λάρισας, έφθαναν πλέον μόνο σάκοι με σορούς. Η ιατροδικαστής Ρουμπίνη Λεονταρή είχε προηγούμενη εμπειρία από μεγάλα δυστυχήματα. Τον Απρίλιο του 2003 είχε κληθεί μαζί με άλλους συναδέλφους της να διαχειριστεί τα θύματα τροχαίου στην ίδια περιοχή, όταν ένα φορτηγό που μετέφερε μελαμίνες συγκρούστηκε πλαγιομετωπικά με λεωφορείο στο οποίο επέβαιναν μαθητές. Τότε οι νεκροί ήταν 21. «Θεωρούσα ότι εκείνη θα ήταν η μεγαλύτερη μαζική καταστροφή, δεν περίμενα κάποια μέρα να την ξεπεράσουμε», λέει. Η ιατροδικαστική υπηρεσία της Λάρισας αποτελείται από τρεις ιατροδικαστές και έναν νεκροτόμο. Μόνοι τους δεν θα μπορούσαν να ανταποκριθούν σε τόσο μεγάλη πίεση. Σε συνεννόηση με το υπουργείο Δικαιοσύνης κρίθηκε απαραίτητη η ενίσχυσή τους. Εφθασαν συνάδελφοί τους από τη Θεσσαλονίκη, την Αθήνα και τη Λαμία. Από τις 4 τα ξημερώματα της Τετάρτης μέχρι και αργά χθες το βράδυ είχαν διενεργήσει νεκροτομία σε 43 σορούς. «Θα μέναμε στην υπηρεσία όσο χρειαζόταν, μέχρι να ολοκληρωθεί το έργο μας», λέει στην «Κ» η κ. Λεονταρή (φωτ. αριστερά), προϊσταμένη της ιατροδικαστικής υπηρεσίας στη Λάρισα, όταν τη συναντάμε στο νοσοκομείο. Φοράει μια πράσινη πλαστική ποδιά και το τηλέφωνό της χτυπάει ακατάπαυστα. Εξηγεί ότι το πρωί της Πέμπτης έφθασαν άλλες πέντε σοροί. Οσο μιλάμε, όμως, την ενημερώνουν και για νέες αφίξεις, επτά συνολικά. Ο αριθμός των θυμάτων ανεβαίνει, καμία καταμέτρηση για την ώρα δεν μοιάζει ασφαλής, έστω οριστική. Η επόμενη στιγμή, η επόμενη κίνηση των τριών γερανοφόρων οχημάτων που ανασηκώνουν μάζες σιδερικών στο σημείο του δυστυχήματος μπορεί να αποκαλύψει ακόμη ένα δυσάρεστο εύρημα. Η βροχή που πέφτει από το πρωί έχει λασπώσει τον χωματόδρομο όπου χάσκουν οι λαμαρίνες του επιβατικού τρένου και δυσχεραίνει τις έρευνες. Οι κάμερες των τηλεοπτικών συνεργείων έχουν λιγοστέψει εκεί, οι περισσότερες πλέον έχουν στηθεί έξω από το νοσοκομείο όπου καταφθάνουν οι σοροί και αναμένουν οι συγγενείς. Η κ. Λεονταρή εξηγεί ότι βάσει πρωτοκόλλου οι ταυτοποιήσεις σορών αγνώστων στοιχείων γίνονται με ανάλυση DNA. Στο δυστύχημα του 2003 στα Τέμπη, όταν δεν ίσχυαν οι ίδιοι κανόνες, οι γονείς των μαθητών είχαν κληθεί σε οπτική αναγνώριση. Μέχρι να φθάσει ειδικό συνεργείο από την Αθήνα και τη Διεύθυνση Εγκληματολογικών Ερευνών της Αστυνομίας για τη λήψη δειγμάτων γενετικού υλικού, η ιατροδικαστής ζήτησε από τέσσερα μέλη της Τροχαίας και της Ασφάλειας Λάρισας να συλλέξουν στοιχεία από τους οικείους των αγνοουμένων και τους έδωσε κατευθυντήριες οδηγίες. «Πρέπει να κάνουμε ό,τι μπορούμε για να απαλύνουμε τον πόνο τους», είπε στους αστυνομικούς. Οι συγγενείς συγκεντρώθηκαν στο αμφιθέατρο, στο ισόγειο του Γενικού Νοσοκομείου Λάρισας, έναν όροφο πάνω από το νεκροτομείο. Ανά τετράδες έδιναν τα στοιχεία τους στους αστυνομικούς. Οπως περιγράφει η κ. Λεονταρή, τους ενημέρωναν για τους επιβάτες που αναζητούσαν, για το ύψος τους και το χρώμα των μαλλιών, εάν είχαν κάποιο τατουάζ που θα μπορούσε να αναγνωριστεί, εάν έφεραν πάνω τους κάποιο χαρακτηριστικό αντικείμενο, ίσως ένα μενταγιόν. Μέχρι να ξεκινήσει η λήψη DNA είχε γίνει αυτή η προεργασία. Οι ηλικίες των θανόντων δεν πρέπει να ξεπερνούν τα 35 έτη, σύμφωνα με τις εκτιμήσεις των ιατροδικαστών. Πολλές σοροί έφεραν εγκαύματα, κάποιες ήταν απανθρακωμένες… Οι ηλικίες των θανόντων δεν πρέπει να ξεπερνούν τα 35 έτη. Πολλές σοροί έφεραν εγκαύματα, κάποιες ήταν απανθρακωμένες. Συνολικά 52 συγγενείς έδωσαν δείγμα γενετικού υλικού, ενώ κάθε παρτίδα που συλλεγόταν από τις σορούς και από τους οικείους τους έφευγε στην Αθήνα ανά τετράωρο για να ξεκινάει όσο το δυνατόν πιο γρήγορα η διαδικασία ταυτοποίησης. Δείγμα DNA έχει ληφθεί και από ανθρώπινα μέλη που βρέθηκαν στο σημείο ώστε να διαπιστωθεί πού ανήκουν. Σύμφωνα με την τελευταία ενημέρωση της αστυνομίας, μετά το δυστύχημα δηλώθηκαν επίσημα ως αγνοούμενοι 56 επιβάτες από τους συγγενείς τους, και έχουν περισυλλεγεί 57 νεκροί, από τους οποίους μέχρι στιγμής έχουν ταυτοποιηθεί 24. Περίπου τρία χιλιόμετρα μακριά από το νοσοκομείο, στον άδειο από ταξιδιώτες σιδηροδρομικό σταθμό της πόλης, οι συνάδελφοι του σταθμάρχη ο οποίος έχει συλληφθεί για το δυστύχημα δεν επιθυμούν να μιλήσουν. Παραπέμπουν στον προϊστάμενό τους, κλειδούχο στην ειδικότητα, ο οποίος επίσης αρνείται να τοποθετηθεί για το συμβάν ή να περιγράψει τον τρόπο εργασίας τους. Ο πραγματογνώμονας Φίλιππος Μπρέζας (φωτ. αριστερά), που έχει ασχοληθεί στο παρελθόν με ατυχήματα στο σιδηροδρομικό δίκτυο, μιλώντας στην «Κ» κάνει λόγο για σφάλμα που δεν θα έπρεπε να είχε συμβεί. Παράλληλα επισημαίνει τα προβλήματα που υπάρχουν σχετικά με τη φωτοσήμανση στο σιδηροδρομικό δίκτυο. Εξηγεί ακόμη ότι η μορφολογία της περιοχής έπαιξε ρόλο ως προς τις συνθήκες που επικράτησαν μετά την πρόσκρουση. Το επιβατικό τρένο έβγαινε από τούνελ, εάν υπήρχε καλύτερη ορατότητα έστω σε απόσταση ενός χιλιομέτρου ίσως θα γινόταν πέδηση από τους μηχανοδηγούς για να περιοριστεί κάπως η ταχύτητα. Δεν θα είχε αποφευχθεί η πρόσκρουση, αυτό βάσει όσων συνέβησαν μοιάζει αδύνατο, αλλά ίσως θα περιοριζόταν η σφοδρότητά της. Και ο ίδιος πάντως τονίζει ότι εάν το δυστύχημα είχε γίνει μέσα στο τούνελ, οι απώλειες θα ήταν μεγαλύτερες. Πίσω στο Γενικό Νοσοκομείο Λάρισας, ψυχολόγοι, ψυχίατροι και κοινωνικοί λειτουργοί, με τα ονόματα και τις ιδιότητές τους γραμμένα σε αυτοκόλλητα στο πέτο τους, υποδέχονται τους συγγενείς που περίμεναν την ταυτοποίηση των θυμάτων. Βρίσκονται εκεί, διακριτικά, εάν κάποιος θελήσει να τους πλησιάσει για να μοιραστεί τις σκέψεις ή την απόγνωσή του. Το μεσημέρι της Πέμπτης οι συγγενείς ενημερώνονται ότι κάθε οικογένεια θα ειδοποιηθεί τηλεφωνικά για τη διαδικασία, μόλις βγουν τα αποτελέσματα των αναλύσεων. Τους εξηγούν ότι δεν υπάρχει λόγος να παραμένουν εκεί. Ο Λάζαρος Πορφυρίδης περιμένει να ενημερωθεί για την κόρη του. Ταξίδευε από Αθήνα για Θεσσαλονίκη μαζί με τον φίλο της. Ο πατέρας της αποκλείει να βρισκόταν η κόρη του στις πρώτες θέσεις. Σκέφτεται ότι μάλλον την ώρα της πρόσκρουσης μπορεί να ήταν στο κυλικείο της αμαξοστοιχίας, το οποίο κάηκε ολοσχερώς. Η αναζήτηση του κ. Πορφυρίδη ξεκίνησε λίγες ώρες μετά το δυστύχημα, από τον σιδηροδρομικό σταθμό της Θεσσαλονίκης. Μάταια περίμενε ότι κάποιος υπεύθυνος θα τους ενημέρωνε εκεί. Δεν υπήρχε κανένας, όπως λέει, μόνο δύο υπάλληλοι εταιρείας σεκιούριτι. Δεν γνώριζε κανείς πόσα λεωφορεία με διασωθέντες θα έφθαναν από τα Τέμπη στη Θεσσαλονίκη. Περίμενε για περίπου τρεις ώρες βλέποντας ένα προς ένα τα άτομα που κατέβαιναν, η κόρη του δεν βρισκόταν ανάμεσά τους. Δίστασε στις επόμενες κινήσεις του. Εάν έφευγε μήπως υπήρχε περίπτωση να φθάσει και άλλο λεωφορείο, θα ήταν ρίσκο να απομακρυνθεί; Κανείς δεν μπορούσε να του δώσει μια ξεκάθαρη απάντηση. Τελικά αποφάσισε να κατευθυνθεί στη Λάρισα. Σταμάτησε στην εθνική οδό, στο ύψος του δυστυχήματος, για να αντικρίσει από ψηλά την καταστροφή. Ακόμη και τώρα αναρωτιέται εάν θα έπρεπε να το είχε κάνει. «Είδα μια μάζα από σίδερα», λέει. «Μετά άρχισε ο Γολγοθάς. Ακόμα δεν ξέρω τι θα βρουν, αν έχει και άλλες σορούς το τρένο». Παράλληλα με τις έρευνες ομάδων της Πυροσβεστικής για τους αγνοουμένους, αστυνομικοί είχαν αναλάβει να συγκεντρώσουν όλες τις βαλίτσες και τα προσωπικά είδη που είχαν απομείνει στα βαγόνια του τρένου. «Μας είπαν ότι τα έχουν μεταφέρει στο αστυνομικό τμήμα των Τεμπών και ότι μπορούμε να πάμε εκεί για να τα παραλάβουμε», λέει ο κ. Πορφυρίδης. «Μια ανάμνηση». ⇒  Το πρωτόκολλο Στον σταθμό Η αναμονή",Γιάννης Παπαδόπουλος,kathimerini.gr,2023-03-03,Ελλάδα / Κοινωνία
https://www.kathimerini.gr/society/562303462/tragodia-sta-tempi-ithele-na-fygei-sidirodromikos-opos-xekinise-to-profil-kai-i-epaggelmatiki-poreia-toy-stathmarchi/,Τραγωδία στα Τέμπη: Το προφίλ και η επαγγελματική πορεία του σταθμάρχη,"Τραγωδία στα Τέμπη: Το προφίλ και η επαγγελματική πορεία του σταθμάρχη Ήθελε να «φύγει» σιδηροδρομικός, όπως ξεκίνησε - Το προφίλ και η επαγγελματική πορεία του 59χρονου από την «καλή αρχή» μέχρι την «κακιά ώρα» - Η μετάταξη και το εμπόδιο του ορίου ηλικίας  Από το προφίλ που διατηρεί στο Facebook ο 59χρονος σταθμάρχης Λάρισας, που κατηγορείται για το πολύνεκρο σιδηροδρομικό δυστύχημα στα Τέμπη, ξεχωρίζει μία φωτογραφία. Είναι δημοσιευμένη στις 23 Ιανουαρίου 2023 και σε αυτήν απεικονίζεται ο ίδιος ανάμεσα σε έξι νεότερης ηλικίας συναδέλφους του με φόντο ένα από τα νεοαποκτηθέντα τρένα που εκτελούν το δρομολόγιο Αθήνα – Θεσσαλονίκη. «Μετά το τέλος της εκπαίδευσης και την πιστοποίηση, καλή μας αρχή». Τίποτα δεν προμήνυε τότε την τραγωδία που έμελλε να ακολουθήσει μόλις ένα μήνα αργότερα. Ο 59χρονος εργαζόταν επί σειράν ετών στον ΟΣΕ. Πληροφορίες από συναδέλφους του αναφέρουν ότι απασχολείτο ως αχθοφόρος. Την περίοδο 2012-2013, στο πλαίσιο προγράμματος εξυγίανσης του οργανισμού μέσω μείωσης του προσωπικού του, μετατάχθηκε σε άλλο φορέα του Δημοσίου. Οι πληροφορίες κατατείνουν στο συμπέρασμα ότι αυτός ο φορέας ήταν το υπουργείο Παιδείας, δίχως να αποσαφηνίζεται σε ποιο συγκεκριμένο πόστο απασχολήθηκε. Συνάδελφός του που μίλησε στην «Κ» υπό τον όρο της ανωνυμίας ανέφερε ότι ήταν επιθυμία του να επιστρέψει στον ΟΣΕ και να «φύγει (σ.σ. συνταξιοδοτηθεί) σιδηροδρομικός, όπως ξεκίνησε». Κάνοντας χρήση προγράμματος κινητικότητας στο Δημόσιο, ο 59χρονος επέστρεψε το 2022 από το υπουργείο Παιδείας πίσω στον Οργανισμό Σιδηροδρόμων. Συνάδελφοί του αναφέρουν ότι παρακολούθησε πρόγραμμα εκπαίδευσης διάρκειας έξι μηνών πριν λάβει –στις αρχές του έτους– την απαραίτητη πιστοποίηση και τοποθετηθεί στο προνομιακό πόστο του σταθμάρχη Λάρισας. Πώς από τη μετάταξη στο υπ. Παιδείας επέστρεψε στον ΟΣΕ και στη συγκεκριμένη θέση, παρακάμπτοντας το εμπόδιο του ορίου ηλικίας. Η τελευταία προκήρυξη για την πρόσληψη σταθμαρχών δημοσιεύθηκε τον περασμένο Νοέμβριο. Οριζε μεταξύ των προϋποθέσεων ότι οι υποψήφιοι δεν θα έπρεπε να έχουν υπερβεί το 42ο έτος της ηλικίας τους. Ο διαγωνισμός αφορούσε την πρόσληψη συνολικά 90 υπαλλήλων, από τους οποίους οι 36 θα καταλάμβαναν θέση σταθμαρχών. Για τη Λάρισα συγκεκριμένα οι θέσεις που «άνοιγαν» ήταν δύο: για έναν έμπειρο στο πόστο του σταθμάρχη υπάλληλο και έναν άπειρο, χωρίς προηγούμενη προϋπηρεσία. Παραμένει αδιευκρίνιστο πώς ο 59χρονος τοποθετήθηκε στο συγκεκριμένο πόστο, καθώς υπερέβαινε κατά πολύ το ηλικιακό όριο. Εάν δηλαδή μπόρεσε να παρακάμψει τον διαγωνισμό εξαιτίας του παρελθόντος του στον οργανισμό ή εάν συνέτρεξαν άλλοι λόγοι. Ο 59χρονος πάντως συνελήφθη ήδη από νωρίς το μεσημέρι της Τετάρτης και χθες εις βάρος του ασκήθηκε δίωξη σε βαθμό κακουργήματος για ανθρωποκτονία κατά συρροήν από αμέλεια, πρόκληση σωματικών βλαβών κατά συρροήν από αμέλεια αλλά και διατάραξη συγκοινωνιών. Οδηγήθηκε χθες ενώπιον εισαγγελέα και ανακριτή Λάρισας, από τους οποίους ζήτησε και πήρε προθεσμία και αναμένεται να απολογηθεί το προσεχές Σάββατο. Αν και, σύμφωνα με πληροφορίες από την Αστυνομία, αρχικά είχε προσπαθήσει να αποδώσει το δυστύχημα σε βλάβη του ηλεκτρονικού συστήματος, κατά τη διάρκεια της προανακριτικής απολογίας του παραδέχθηκε ότι υπέπεσε σε σφάλμα. «Ο κατηγορούμενος είναι κυριολεκτικά συντετριμμένος και έχει ήδη αναλάβει το μέρος των ευθυνών που του αναλογούν», δήλωσε στους δημοσιογράφους ο συνήγορός του Στέφανος Παντζαρτζίδης. Την ίδια στιγμή, έχουν ήδη κατατεθεί οι πρώτες δηλώσεις παράστασης πολιτικής αγωγής από συγγενείς θυμάτων. Ο δικηγόρος Γιώργος Μπαρτζώκης, ο οποίος εκπροσωπεί τραυματία που νοσηλεύεται στην ορθοπεδική κλινική του νοσοκομείου Λάρισας, δήλωσε σε χθεσινή συνέντευξή του ότι «ο εντολέας μου βρίσκεται στην ορθοπεδική κλινική, μαζί με άλλους τρεις συνεπιβάτες στο ίδιο δωμάτιο. Η κατάστασή του είναι άσχημη. Εχει σπάσει τα πλευρά του, δεν μπορεί να κινηθεί καθόλου. Παράσταση πολιτικής αγωγής έχει ήδη καταθέσει και ο ποινικολόγος Αλέξης Κούγιας εκπροσωπώντας τις οικογένειες έξι επιβαινόντων στο μοιραίο Intercity. Οσον αφορά τη διαδικασία βιολογικής ταυτοποίησης, μέχρι στιγμής έχουν ληφθεί 55 δείγματα DNA από τις σορούς, 52 δείγματα από συγγενείς των επιβατών, καθώς και 26 δείγματα από ανθρώπινα μέλη. Από τη Διεύθυνση Εγκληματολογικών Ερευνών έχουν πραγματοποιηθεί 24 ταυτοποιήσεις σορών. ⇒  Το όριο ηλικίας Στη Δικαιοσύνη",Γιάννης Σουλιώτης,kathimerini.gr,2023-03-03,Ελλάδα / Κοινωνία
https://www.kathimerini.gr/society/562304884/vasilis-profyllidis-tha-exantlisoyme-tis-pithanotites-na-mathoyme-ti-synevi-sta-tempi/,Βασίλης Προφυλλίδης: «Θα εξαντλήσουμε τις πιθανότητες να μάθουμε τι συνέβη στα Τέμπη»,"Βασίλης Προφυλλίδης: «Θα εξαντλήσουμε τις πιθανότητες να μάθουμε τι συνέβη στα Τέμπη» Ο καθηγητής Βασίλης Προφυλλίδης, ένα από τα τρία μέλη της Ειδικής Επιτροπής που θα ασχοληθεί με τη διερεύνηση των προβλημάτων που οδήγησαν στη σιδηροδρομική τραγωδία των Τεμπών, κάνει μια πρώτη δήλωση στην «Κ»  «Με απεριόριστο σεβασμό στον πόνο και τη θλίψη των πολιτών που έχασαν τους συγγενείς και τους δικούς τους ανθρώπους στην τρομερή αυτή τραγωδία, αλλά και με αίσθημα αλληλεγγύης και αγάπης προς τον άνθρωπο, θα προσπαθήσω με κάθε δυνατό τρόπο να δοθεί η επιστημονική απάντηση σχετικά με το τι συνέβη στα Τέμπη». Αυτό τονίζει στην «Κ» ο καθηγητής Βασίλης Προφυλλίδης, οποίος θα συμμετάσχει στην Ειδική Επιτροπή, που ανακοινώθηκε νωρίτερα σήμερα από τον υπουργό Επικρατείας, Γιώργο Γεραπετρίτη, και η οποία θα διερευνήσει τα αίτια της τραγωδίας στα Τέμπη. Ο κ. Προφυλλίδης, καθηγητής της Συγκοινωνιακής Τεχνικής στο Δημοκρίτειο Πανεπιστήμιο Θράκης, με μακρά πορεία στο αντικείμενό του, αναφέρει στην «Κ» πως μόλις πριν από λίγη ώρα ενημερώθηκε και ο ίδιος για τον ρόλο μεγάλης ευθύνης –όπως τον αποκαλεί – που αναλαμβάνει. Όπως υπογραμμίζει: «Σας μιλάω καταρχάς με την ανθρώπινή μου ιδιότητα αυτή τη στιγμή και έπειτα με αυτή του επιστήμονα και σας λέω πως για εμένα και φαντάζομαι και για τα υπόλοιπα μέλη της επιτροπής, αυτό που προέχει είναι η αποκάλυψη της επιστημονικής αλήθειας. Θα γίνει κάθε δυνατή προσπάθεια για να καταλάβουμε τι συνέβη. Πρέπει να πέσει φως σε όλες τις πτυχές του δυστυχήματος και να εξαντλήσουμε όλα τα όρια των επιστημονικών μας δυνατοτήτων». Ο κ. Προφυλλίδης λέει πως υπάρχει κι άλλος ένα βασικός λόγος που πρέπει να απαντηθούν όλα τα ερωτήματα γύρω από τα διαχρονικά προβλήματα που οδήγησαν στην τραγωδία: «Αυτή η εικόνα δεν αξίζει στη χώρα μας. Το είπα και χθες σε συνέντευξή μου στο BBC και πιστεύω πως είναι μια φράση που μας εκφράζει όλους». Υπενθυμίζεται ότι σύμφωνα με την ανακοίνωση για τη σύσταση της Ειδικής Επιτροπής, στόχος είναι να διερευνηθούν και αναδειχθούν τα συστημικά προβλήματα και οι δυσλειτουργίες που οδήγησαν στη σιδηροδρομική τραγωδία των Τεμπών. Η Επιτροπή είναι τριμελής και συμμετέχουν επίσης οι:  Ιωάννης – Κωνσταντίνος Χαλκιάς, Επίτιμος Πρόεδρος του Νομικού Συμβουλίου του Κράτους, ως Πρόεδρος. Αθανάσιος Ζηλιασκόπουλος, Καθηγητής Μεταφορών και Παραγωγής στο Τμήμα Μηχανολόγων Μηχανικών του Πανεπιστημίου Θεσσαλίας",Δήμητρα Τριανταφύλλου,kathimerini.gr,2023-03-03,Ελλάδα / Κοινωνία
https://www.kathimerini.gr/society/562304785/tragodia-sta-tempi-ereyna-tis-trochaias-larisas-sta-grafeia-toy-ose/,Τραγωδία στα Τέμπη: Έρευνα της Τροχαίας Λάρισας στα γραφεία του ΟΣΕ,"Τραγωδία στα Τέμπη: Έρευνα της Τροχαίας Λάρισας στα γραφεία του ΟΣΕ Στελέχη της Τροχαίας συνέλεξαν ό,τι στοιχείο κρίνεται χρήσιμο, όπως έγγραφα και άλλα ντοκουμέντα  Έρευνα στο πλαίσιο της προανάκρισης πραγματοποιήθηκε από το Τμήμα Τροχαίας για το δυστύχημα στα Τέμπη, στα γραφεία του ΟΣΕ στη Λάρισα, με στόχο να συλλεχθούν όλα τα απαραίτητα στοιχεία που χρειάζονται οι αστυνομικές έρευνες για την διερεύνηση της υπόθεσης του σιδηροδρομικού δυστυχήματος. Σύμφωνα με πληροφορίες του ΑΠΕ-ΜΠΕ, στελέχη της Τροχαίας συνέλεξαν κατά την έρευνα τους ό,τι στοιχείο κρίνεται χρήσιμο, όπως έγγραφα και άλλα ντοκουμέντα που αφορούσαν το συγκεκριμένο δρομολόγιο, ώστε να βγουν συμπεράσματα για τα αίτια της τραγωδίας και τον καταλογισμό των ευθυνών. Την ίδια ώρα, με αφορμή σχετικές αναφορές σε ΜΜΕ, η Πυροσβεστική τόνισε σε ανακοίνωσή της πως δεν έχουν βρεθεί φιάλες ή θραύσματα φιαλών υγραερίου στον ευρύτερο χώρο του σιδηροδρομικού δυστυχήματος στα Τέμπη. Συγκεκριμένα η ανακοίνωση της Πυροσβεστικής αναφέρει: «Με αφορμή πρόσφατες αναφορές σε ΜΜΕ περί ανεύρεσης δύο φιαλών υγραερίου, στο χώρο του σιδηροδρομικού δυστυχήματος, στα Τέμπη, το Πυροσβεστικό Σώμα διευκρινίζει: Κατά την διαδικασία ελέγχου για τον εντοπισμό ατόμων στους χώρους των βαγονιών αλλά και στον ευρύτερο χώρο του σιδηροδρομικού δυστυχήματος στα Τέμπη, δεν έχουν βρεθεί φιάλες ή θραύσματα φιαλών υγραερίου. Συνεπώς, οι σχετικές με το θέμα δημοσιογραφικές αναφορές, οι οποίες μάλιστα αποδόθηκαν σε εκπρόσωπο του Πυροσβεστικού Σώματος, δεν ανταποκρίνονται στην πραγματικότητα». Σε 57 ανέρχονται οι επιβεβαιωμένοι νεκροί της τραγωδίας στα Τέμπη, ενώ 36 σοροί έχουν ταυτοποιηθεί, σύμφωνα με την τελευταία ενημέρωση της Πυροσβεστικής και της Αστυνομίας (σήμερα Παρασκευή, 12.20 μ.μ.). Η εκπρόσωπος Τύπου της Αστυνομίας Κωνσταντία Δημογλίδου διευκρίνισε ότι όσοι είχαν δηλωθεί αρχικά ως αγνοούμενοι συμπεριλαμβάνονται στους νεκρούς. «Σε αυτό το σημείο γίνεται το λάθος από κάποιους να προσθέτουν αυτούς που είχαν δηλωθεί από τους συγγενείς ως αγνοούμενοι αμέσως μετά το δυστύχημα με τον αριθμό των νεκρών που έχουν ανασυρθεί. Όσοι είχαν δηλωθεί αρχικά συμπεριλαμβάνονται στους νεκρούς», ανέφερε χαρακτηριστικά. Όπως είπε η κ. Δημογλίδου, μέχρι στιγμής έχουν ταυτοποιηθεί 36 νεκροί από τα δείγματα που έχει λάβει η διεύθυνση εγκληματολογικών ερευνών της Αστυνομίας, επισημαίνοντας ότι η διαδικασία ταυτοποίησης των σορών με τη μέθοδο DNA διεξάγεται από τα ειδικά εγκληματολογικά εργαστήρια. Ακόμη, όπως γνωστοποίησε, έχουν ενημερωθεί ήδη 11 οικογένειες από τον επικεφαλής της ομάδας αναγνώρισης της ελληνικής αστυνομίας και τους ειδικούς ψυχολόγους της αστυνομίας και συμπλήρωσε ότι η επώδυνη αυτή διαδικασία συνεχίζεται. «Στα εργαστήρια η διαδικασία ταυτοποίησης διεξάγεται 24 ώρες το 24ωρο και έχει διακοπεί οποιαδήποτε άλλη εργασία, προκειμένου να διεκπεραιωθεί όλη η διαδικασία της ταυτοποίησης το ταχύτερο δυνατόν», ανέφερε. Παράλληλα, η κ. Δημογλίδου τόνισε ότι 38 τραυματίες νοσηλεύονται σε νοσοκομεία, επτά εκ των οποίων σε Μονάδες Εντατικής Θεραπείας (ΜΕΘ). Από την πλευρά του ο εκπρόσωπος Τύπου του Πυροσβεστικού Σώματος, πύραρχος Βασίλης Βαθρακογιάννης ανέφερε ότι εκτιμάται ότι μέχρι το μεσημέρι θα έχει ολοκληρωθεί η επιχείρηση έρευνας. Όπως είπε, τα γερανοφόρα οχήματα έχουν μετακινήσει τα δύο βαγόνια, τόσο το πρώτο επιβατικό της β’ θέσης όσο και το βαγόνι – εστιατόριο, διευκολύνοντας την επιχείρηση έρευνας. Ταυτόχρονα οι πυροσβέστες από χθες το απόγευμα πραγματοποιούν σάρωση τόσο στις άμορφες μάζες των βαγονιών όσο και στο έδαφος. «Σκοπός μας είναι αφενός ο πιθανός εντοπισμός αγνοουμένων και αφετέρου η πιθανή συλλογή ακόμα και μικρών δειγμάτων βιολογικού υλικού που θα αξιοποιηθούν στη διαδικασία βιολογικής ταυτοποίησης. Εκτιμάται ότι μέχρι το μεσημέρι θα έχει ολοκληρωθεί η επιχείρηση έρευνας», σημείωσε ο κ. Βαθρακογιάννης. Υπενθυμίζεται πως για τις 11 το πρωί είχε προγραμματιστεί σύσκεψη στην Περιφέρεια Θεσσαλίας για τον συντονισμό των ενεργειών από εδώ και πέρα, με τη συμμετοχή, μεταξύ άλλων του υφυπουργού παρά τω πρωθυπουργώ, Χρήστου Τριαντόπουλου, του γ.γ. Πολιτικής Προστασίας Βασίλη Παπαγεωργίου, του γ.γ. Κοινωνικής Αλληλεγγύης και Καταπολέμησης της φτώχειας Γεώργιου Σταμάτη, του περιφερειάρχη Θεσσαλίας Κώστα Αγοραστού, των επικεφαλής της ΕΛ.ΑΣ., της Πυροσβεστικής καθώς και στελεχών της 5ης Υγειονομικής Περιφέρειας Θεσσαλίας. Χθες εις βάρος του 59χρονου σταθμάρχη ασκήθηκε δίωξη σε βαθμό κακουργήματος για ανθρωποκτονία κατά συρροήν από αμέλεια, πρόκληση σωματικών βλαβών κατά συρροήν από αμέλεια αλλά και διατάραξη συγκοινωνιών. Οδηγήθηκε χθες ενώπιον εισαγγελέα και ανακριτή Λάρισας, από τους οποίους ζήτησε και πήρε προθεσμία και αναμένεται να απολογηθεί το προσεχές Σάββατο. Αν και, σύμφωνα με πληροφορίες από την Αστυνομία, αρχικά είχε προσπαθήσει να αποδώσει το δυστύχημα σε βλάβη του ηλεκτρονικού συστήματος, κατά τη διάρκεια της προανακριτικής απολογίας του παραδέχθηκε ότι υπέπεσε σε σφάλμα. «Ο κατηγορούμενος είναι κυριολεκτικά συντετριμμένος και έχει ήδη αναλάβει το μέρος των ευθυνών που του αναλογούν», δήλωσε στους δημοσιογράφους ο συνήγορός του Στέφανος Παντζαρτζίδης. Διεύρυνση των ερευνών, πέρα από τις ευθύνες του σταθμάρχη, προς κάθε κατεύθυνση και άμεση συλλογή των αποδεικτικών στοιχείων από τον τόπο της τραγωδίας ζητεί με νέα παραγγελία του από τις εισαγγελικές αρχές της Λάρισας ο εισαγγελέας του Αρείου Πάγου. Ο κ. Ισίδωρος Ντογιάκος αναφέρεται πρωτίστως στην ανάγκη συλλογής του αποδεικτικού υλικού από τον τόπο της τραγωδίας, προκειμένου να διευκολυνθεί επί της ουσίας η έρευνα, ενώ θέτει με εμφατικό τρόπο θέματα διεύρυνσης των ερευνών προς κάθε κατεύθυνση. «Είναι η ώρα της Δικαιοσύνης», τονίζει στην παραγγελία του προς τον προϊστάμενο της Εισαγγελίας Εφετών Λάρισας, Σταμάτη Δασκαλόπουλο, στον οποίο από την πρώτη στιγμή της ανείπωτης τραγωδίας έχει ανατεθεί η εποπτεία στο σύνολο των ερευνών. ⇒  Πυροσβεστική: Δεν έχουν βρεθεί θραύσματα φιαλών υγραερίου στον χώρο του δυστυχήματος στα Τέμπη 57 οι νεκροί – Εχουν ταυτοποιηθεί 36 38 τραυματίες σε νοσοκομεία – 7 σε ΜΕΘ Σύσκεψη στην Περιφέρεια Θεσσαλίας Δίωξη σε βαθμό κακουργήματος κατά του σταθμάρχη Ερευνα προς κάθε κατεύθυνση ζητεί ο Ισ. Ντογιάκος",Newsroom,kathimerini.gr,2023-03-03,Ελλάδα / Κοινωνία
https://www.kathimerini.gr/society/562304977/palaistinios-giatros-mila-gia-ta-tempi-skines-polemoy-sto-nosokomeio-eniotha-oti-eimai-sti-gaza/,"Παλαιστίνιος γιατρός μιλά για τα Τέμπη: Σκηνές πολέμου στο νοσοκομείο, ένιωθα ότι είμαι στη Γάζα","Παλαιστίνιος γιατρός μιλά για τα Τέμπη: Σκηνές πολέμου στο νοσοκομείο, ένιωθα ότι είμαι στη Γάζα Για τον Χουσάμ Ναΐμ, το πιο δύσκολο κομμάτι, ήταν η μεταφορά σορών στο νοσοκομείο. «Βλέπαμε ότι ήταν όλα νέα παιδιά, κάτω από 30. Αυτό από μόνο του μας έκανε να είμαστε πολύ φορτωμένοι συναισθηματικά».  Τις συνθήκες που επικράτησαν στο γενικό νοσοκομείο της Λάρισας μετά το σιδηροδρομικό δυστύχημα στα Τέμπη, περιέγραψε ο Παλαιστίνιος ειδικευόμενος ορθοπεδικός χειρουργός, Χουσάμ Ναΐμ, που είχε εκείνο το βράδυ εφημερία. «Μόλις ήρθαν τα πρώτα ασθενοφόρα με τους τραυματίες κατάλαβα ότι έχουμε να κάνουμε και με νέα παιδιά και αυτό ήταν ένα επιπλέον βάρος πάνω μας. Οι εικόνες που είδα πρώτος, μου θύμιζαν ειλικρινά ότι είμαι για μία στιγμή στη Γάζα, γιατί είναι σκηνές βγαλμένες από πόλεμο, ακριβώς αυτά είχα δει και εγώ όταν ήμουν παλιά στη Γάζα. Και αυτό ακριβώς είπα στον διευθυντή μου, ότι νιώθω ότι είμαι στη Γάζα», σχολίασε ο Παλαιστίνιος γιατρός. Όπως είπε, το πιο δύσκολο κομμάτι, ήταν η μεταφορά σορών στο νοσοκομείο. «Βλέπαμε ότι ήταν όλα νέα παιδιά, κάτω από 30. Αυτό από μόνο του μας έκανε να είμαστε πολύ φορτωμένοι συναισθηματικά γιατί χάθηκαν τόσα νέα παιδιά άδικα». Ο κ. Ναΐμ περιέγραψε πως αρχικά δεν είχε γίνει αντιληπτό το μέγεθος της τραγωδίας, ώσπου άρχισαν να καταφθάνουν οι πρώτοι τραυματίες. «Κοιτούσαμε ο ένας τον άλλον στα επείγοντα, καταλάβαμε ότι έχουμε να κάνουμε με κάτι πολύ σοβαρό. Καταλάβαμε ότι είχαμε να κάνουμε με σύγκρουση δύο τρένων. Ότι έχουμε πολλούς τραυματίες». Στη συνέχεια οι γιατροί οργανώθηκαν με ψυχραιμία και αποτελεσματικότητα, όπως λέει, και μικρές ομάδες αναλάμβαναν κάθε ασθενή για την αξιολόγηση της κατάστασής του. «Κάποια παιδιά, ήταν μέσα στο χαμό, ρωτούσαν για φίλους, ρωτούσαν για συγγενείς. Κάποια παιδιά ήταν σε σοκ ακόμα, δεν μπορούσαν αν μιλήσουν, προσπαθούσαμε να επικοινωνήσουμε μαζί τους, γενικά εκείνη τη στιγμή ήταν βαρύ το κλίμα», κατέληξε, επισημαίνοντας πως ορισμένοι νέοι παραμένουν σε κατάσταση σοκ. ",Newsroom,kathimerini.gr,2023-03-03,Ελλάδα / Κοινωνία
https://www.kathimerini.gr/politics/foreign-policy/562304386/tempi-aitima-stin-toyrkia-na-lavei-adeia-ellinas-kratoymenos-pateras-thymatos-tis-tragodias/,Τέμπη: Αίτημα στην Τουρκία να λάβει άδεια Ελληνας κρατούμενος – πατέρας θύματος της τραγωδίας,"Τέμπη: Αίτημα στην Τουρκία να λάβει άδεια Ελληνας κρατούμενος – πατέρας θύματος της τραγωδίας Σε επικοινωνία με τις τουρκικές αρχές βρίσκεται η Αθήνα, σχετικά με το αίτημα Ελληνα κρατουμένου σε τουρκικό σωφρονιστικό ίδρυμα να παραστεί στην κηδεία του γιου του, που συγκαταλέγεται στα θύματα της τραγωδίας στα Τέμπη  Σε επικοινωνία με τις τουρκικές αρχές βρίσκεται η Αθήνα, σχετικά με το αίτημα Ελληνα κρατουμένου σε τουρκικό σωφρονιστικό ίδρυμα να παραστεί στην κηδεία του γιου του, που συγκαταλέγεται στα θύματα της τραγωδίας στα Τέμπη. Σύμφωνα με διπλωματικές πηγές, με χθεσινή της επικοινωνία, η οικογένεια Ελληνα κρατουμένου, ζήτησε τη συνδρομή του ελληνικού Προξενείου στην Αδριανούπολη, προκειμένου να δοθεί άδεια, για ανθρωπιστικούς λόγους, στον εν λόγω κρατούμενο για να παραστεί στην εξόδιο ακολουθία του συγγενικού του προσώπου. Κατόπιν οδηγιών του υπουργού Εξωτερικών Νίκου Δένδια, ο Ελληνας Πρόξενος επικοινώνησε άμεσα με αρμόδια τουρκική εισαγγελία και ζήτησε εκτάκτως άδεια να επισκεφθεί τον Έλληνα πολίτη, χωρίς την τήρηση της προβλεπόμενης εβδομαδιαίας προθεσμίας. Η αιτηθείσα άδεια επισκέψεως δόθηκε κατ’ εξαίρεση και σήμερα το πρωί (03.03.2023) αναμένεται να πραγματοποιηθεί η εν λόγω συνάντηση. Παράλληλα, ζητήθηκε και συνάντηση με προϊστάμενο αρμόδιας Γενικής Εισαγγελίας Ραιδεστού ώστε να μεταφερθεί το σχετικό αίτημα του Ελληνα πολίτη. Επιπλέον, στο πλαίσιο οδηγιών του υπουργού Εξωτερικών Νίκου Δένδια, η πρεσβεία της Ελλάδας στην Αγκυρα, απέστειλε άμεσα, χθες, Ρηματική Διακοίνωση στο τουρκικό ΥΠΕΞ, επισημαίνοντας τον ανθρωπιστικό χαρακτήρα του αιτήματος, ενώ έχουν πραγματοποιηθεί και τηλεφωνικές επικοινωνίες ελληνικής Πρεσβείας, με τις Διευθύνσεις Διμερών Σχέσεων καθώς και Προξενικών Υποθέσεων του τουρκικού ΥΠΕΞ. Τις απογευματινές ώρες σήμερα, θα λάβει χώρα συνάντηση, για το ίδιο ζήτημα, του Ελληνα Πρέσβη στην Άγκυρα, με τον Γενικό Γραμματέα του τουρκικού υπουργείου Εξωτερικών. Οπως σημειώνουν οι ίδιες διπλωματικές πηγές, η αποδοχή ή όχι του αιτήματος «ειδικής αδείας για ανθρωπιστικούς λόγους» εμπίπτει στην αποκλειστική αρμοδιότητα των τουρκικών αρχών. ⇒  ",Newsroom,kathimerini.gr,2023-03-03,Πολιτική
https://www.kathimerini.gr/society/562305055/tragodia-sta-tempi-apergia-ton-sidirodromikon-kai-to-savvatokyriako/,Τραγωδία στα Τέμπη: Απεργία των σιδηροδρομικών και το σαββατοκύριακο,"Τραγωδία στα Τέμπη: Απεργία των σιδηροδρομικών και το σαββατοκύριακο Ακινητοποιημένα θα είναι αύριο Σάββατο και μεθαύριο Κυριακή (4-5 Μαρτίου) τα τρένα λόγω της 48ωρης απεργίας Σωματείων Εργαζομένων στον σιδηρόδρομο.   Συνεχίζονται οι κινητοποιήσεις των σιδηροδρομικών το Σαββατοκύριακο μετά τη σιδηροδρομική τραγωδία στα Τέμπη. Συγκεκριμένα, ακινητοποιημένα θα είναι αύριο Σάββατο και μεθαύριο Κυριακή (4-5 Μαρτίου) τα τρένα λόγω της 48ωρης απεργίας Σωματείων Εργαζομένων στον σιδηρόδρομο. Ως εκ τούτου σύμφωνα με ενημέρωση της Hellenic Train, αναστέλλονται όλα τα δρομολόγια της εταιρείας. Πηγή: ΑΠΕ-ΜΠΕ ⇒  ",Newsroom,kathimerini.gr,2023-03-03,Ελλάδα / Κοινωνία
https://www.kathimerini.gr/politics/562303513/koytsoympas-prodiagegrammeno-egklima-sta-tempi/,Κουτσούμπας: «Προδιαγεγραμμένο έγκλημα στα Τέμπη»,"Κουτσούμπας: «Προδιαγεγραμμένο έγκλημα στα Τέμπη» Ο γενικός γραμματέας του ΚΚΕ Δημήτρης Κουτσούμπας επισκέφθηκε το σημείο του δυστυχήματος  Στο σημείο της εθνικής τραγωδίας στα Τέμπη βρέθηκε ο Δημήτρης Κουτσούμπας, όπου ενημερώθηκε από τα στελέχη της Πυροσβεστικής για την πορεία των ερευνών. Ο γενικός γραμματέας του ΚΚΕ δήλωσε πως «δεν υπάρχουν λόγια για να εκφράσουμε την απέραντη θλίψη γι’ αυτή την ανείπωτη τραγωδία, δεν υπάρχουν λόγια για να εκφράσουμε τα συλλυπητήριά μας στους συγγενείς των αθώων θυμάτων αυτής της μεγάλης τραγωδίας. Δεν πρόκειται για δυστύχημα ή ατύχημα, πρόκειται για προδιαγεγραμμένο έγκλημα. Το είχαν καταγγείλει οι ίδιοι οι εργαζόμενοι στον ΟΣΕ, στους σιδηροδρόμους. Το είχε καταγγείλει το ΚΚΕ μέσα από το βήμα της Βουλής. Το είχαν καταγγείλει συνδικαλιστές του ΠΑΜΕ εδώ και μήνες». Επισήμανε πως τα προβλήματα θα παραμένουν όσο δεν υπάρχει επαρκές προσωπικό, εκπαιδευμένο, εξειδικευμένο, πιστοποιημένο, με σωστές εργασιακές σχέσεις, όσο δεν υπάρχουν έλεγχοι, δεν υπάρχει συντονισμός, δεν υπάρχει παρακολούθηση της πορείας των υποδομών, συντήρηση των σιδηροδρομικών γραμμών και των σηματοδοτήσεων. Δεσμεύτηκε πως «το μαχαίρι θα φτάσει στο κόκαλο» και ο ρόλος του ΚΚΕ θα εστιαστεί στο να αναδειχθούν οι κρατικές, οι κυβερνητικές, οι ατομικές και οι ευθύνες της ιδιωτικής εταιρείας που υπάρχουν. Ο Δημήτρης Κουτσούμπας, μετά τον τόπο του πολύνεκρου σιδηροδρομικού δυστυχήματος στα Τέμπη, επισκέφθηκε την 5η Υγειονομική Περιφέρεια Θεσσαλίας και Στερεάς Ελλάδας στη Λάρισα, όπου συναντήθηκε με τον διοικητή της, Φ. Σερέτη, από τον οποίο ενημερώθηκε για την κατάσταση των τραυματιών του σιδηροδρομικού δυστυχήματος και την πορεία ταυτοποίησης των σορών με τη λήψη δειγμάτων DNA. Κατά τη συνάντηση, πέρα από τη συμβολή των υγειονομικών στην αντιμετώπιση των αναγκών που προέκυψαν από το δυστύχημα, συζητήθηκαν και οι υφιστάμενες ελλείψεις σε προσωπικό και υποδομές. Δέσμευση",Αντώνης Αντζολέτος,kathimerini.gr,2023-03-03,Πολιτική
https://www.kathimerini.gr/society/562304917/tragodia-sta-tempi-poreia-mathiton-stin-pallini-vinteo/,Τραγωδία στα Τέμπη: Πορεία μαθητών στην Παλλήνη (βίντεο),"Τραγωδία στα Τέμπη: Πορεία μαθητών στην Παλλήνη (βίντεο) Οι μαθητές κρατούσαν πλακάτ που έγραφαν τις φράσεις «πάρε με όταν φτάσεις», «πάμε κι όπου βγει», «τα κέρδη τους, οι ζωές μας».  Σε κλίμα πένθους, οδύνης και οργής, μαθητές και φοιτητές πραγματοποίησαν σήμερα, Παρασκευή 3 Μαρτίου, κινητοποιήσεις και πορείες για τη σιδηροδρομική τραγωδία στα Τέμπη σε πολλές περιοχές της χώρας. Ανάμεσα τους και μαθητές από τα σχολεία της βορειοανατολικής Αττικής, οι οποίοι πραγματοποίησαν πορεία μέχρι το δημαρχείο Παλλήνης, για να εκφράσουν τα συλλυπητήρια τους στις οικογένειες των θυμάτων, αλλά και την οργή τους για τις απαρχαιωμένες δομές στο σιδηροδρομικό δίκτυο και τις ευθύνες που αναλογούν στο κράτος. Οι μαθητές κρατούσαν πλακάτ που έγραφαν τις φράσεις «πάρε με όταν φτάσεις», «πάμε κι όπου βγει», «τα κέρδη τους, οι ζωές μας». Σημειώνεται ότι για τις πορείες που πραγματοποιήθηκαν νωρίτερα στο κέντρο της Αθήνας το κάλεσμα της Συντονιστικής Επιτροπής Μαθητών Αθήνας ανέφερε «Για τα παιδιά στα Τέμπη… Για τις οικογένειές τους… Και για εμάς..», ενώ το πανό των φοιτητών έγραφε: «Το έγκλημα αυτό να μη συγκαλυφθεί. Όλων των νεκρών θα γίνουμε η φωνή». ⇒  ",Newsroom,kathimerini.gr,2023-03-03,Ελλάδα / Κοινωνία
https://www.kathimerini.gr/society/562304905/tragodia-sta-tempi-paremvasi-dsa-gia-toys-dikigoroys-poy-ekdilonoyn-apadoysa-symperifora/,Τραγωδία στα Τέμπη: Παρέμβαση ΔΣΑ για τους δικηγόρους που εκδηλώνουν απάδουσα συμπεριφορά,"Τραγωδία στα Τέμπη: Παρέμβαση ΔΣΑ για τους δικηγόρους που εκδηλώνουν απάδουσα συμπεριφορά  Το Διοικητικό Συμβούλιο του Δικηγορικού Συλλόγου Αθηνών επισημαίνει, ότι «είναι απερίφραστα καταδικαστέα και πειθαρχικά ελεγκτέα κάθε συμπεριφορά δικηγόρου, που, με αφορμή τραγικό δυστύχημα των Τεμπών, επιχειρεί την εκμετάλλευση του ανθρώπινου πόνου». Ακόμη ο ΔΣΑ, καλεί τον πρόεδρο του Πειθαρχικού Συμβουλίου Ζήση Κωνσταντίνου, «στο πλαίσιο της αυτεπάγγελτης κίνησης της πειθαρχικής διαδικασίας, να διερευνήσει τυχόν πειθαρχικές ευθύνες δικηγόρων, οι οποίοι εμφανιζόμενοι σε τηλεοπτικά μέσα και αναφερόμενοι στο πολύνεκρο δυστύχημα έχουν παραβεί τους ισχύοντες δεοντολογικούς κανόνες». Προηγουμένως, η συντονίστρια των Πειθαρχικών Τμημάτων του Δικηγορικού Συλλόγου Αθηνών Μαρινέττα Γούναρη-Χατζησαράντου ζήτησε από τον πρόεδρο του Πειθαρχικού Συμβουλίου να διερευνήσει τυχόν πειθαρχικές ευθύνες δικηγόρων, οι οποίοι εμφανιζόμενοι σε τηλεοπτικά παράθυρα αναφέρονται στο πολύνεκρο δυστύχημα των Τεμπών και «εκδηλώνουν συμπεριφορές που απάδουν του Κώδικα Δεοντολογίας του δικηγορικού λειτουργήματος». Παράλληλα, ο ΔΣΑ καλεί όλους τους δικηγόρους να αποφεύγουν τοποθετήσεις που παραβιάζουν τον Κώδικα Δεοντολογίας Δικηγόρων, καθώς «τέτοιες συμπεριφορές απάδουν του κύρους και της αξιοπρέπειας του δικηγορικού λειτουργήματος, προκαλούν την κοινωνία και αμαυρώνουν την εικόνα του δικηγορικού σώματος». ",Newsroom,kathimerini.gr,2023-03-03,Ελλάδα / Κοινωνία
https://www.kathimerini.gr/society/562305037/tragodia-sta-tempi-thrinos-stin-kideia-tis-34chronis-athinas/,Τραγωδία στα Τέμπη: Θρήνος στην κηδεία της 34χρονης Αθηνάς,"Τραγωδία στα Τέμπη: Θρήνος στην κηδεία της 34χρονης Αθηνάς  Με δάκρυα στα μάτια και λουλούδια στα χέρια συγγενείς και φίλοι αποχαιρέτησαν στο τελευταίο της ταξίδι, την 34χρονη Αθηνά Κατσάρα, θύμα του σιδηροδρομικού δυστυχήματος, στα Τέμπη. Ήταν η πρώτη κηδεία θύματος του πολύνεκρου δυστυχήματος, το οποίο στέρησε τη ζωή σε δεκάδες νέους ανθρώπους. Η νεκρώσιμη ακολουθία εψάλη στις τέσσερις το απόγευμα στον Ιερό Ναό Αγίας Άννης στην Κατερίνη. Συντετριμμένοι, οι συγγενείς, μαζί με δεκάδες φίλους, πρώην συμμαθητές,γείτονες, γνωστοί και συμπολίτες, έσπευσαν να της πουν το τελευταίο “αντίο”. Τραγικές φιγούρες, οι στενοί συγγενείς της, η μητέρα, ο πατέρας, η αδελφή και ο αδελφός της, ο παππούς και η γιαγιά της. Δακρυσμένα και σκυθρωπά τα πρόσωπα, όσων γνώριζαν την ίδια και το σύζυγό της, με τον οποίο συνταξίδευε στη μοιραία αμαξοστοιχία και νοσηλεύεται με πολλαπλά τραύματα στο νοσοκομείο της Λάρισας. Το ζευγάρι βρισκόταν στο τρίτο βαγόνι και, σύμφωνα με μαρτυρίες, η Αθηνά άφησε τη θέση της για να πάρει καφέ από το κυλικείο, στο δεύτερο βαγόνι του τρένου, που τυλίχθηκε στις φλόγες και μετατράπηκε σε άμορφη μάζα σιδερικών μετά τη σφοδρή σύγκρουση των δύο αμαξοστοιχιών. Παρόντες στην κηδεία αθλητές και μέλη του αθλητικού συλλόγου “Πιερικός”, με τα χρώματα του οποίου αγωνίζεται, ως ποδοσφαιριστής, ο μικρός αδελφός της. Στο προαύλιο του ναού, όσοι τη γνώριζαν, συζητούσαν χαμηλόφωνα για τον τρόπο που έφυγε για πάντα από τη ζωή μια τόσο νέα γυναίκα, μητέρα ενός ανήλικου παιδιού, δύο ετών και πολύ αγαπητή στην κοινωνία της Κατερίνης. Μέσα κι έξω από τον ιερό ναό, παντού,πόνος ψυχής κι απέραντη η θλίψη, αποτυπωμένη και στα στεφάνια στο προαύλιο με την τελευταία αφιέρωση «στο λατρεμένο κοριτσάκι μας», από τους γονείς, τους συγγενείς,τους οικογενειακούς φίλους, τους γνωστούς που την συνόδευσαν στην τελευταία της κατοικία. ",Newsroom,kathimerini.gr,2023-03-03,Ελλάδα / Κοινωνία
https://www.kathimerini.gr/society/562307521/tragodia-sta-tempi-nea-sygkentrosi-sto-syntagma/,Τραγωδία στα Τέμπη: Νέα συγκέντρωση στο Σύνταγμα,"Τραγωδία στα Τέμπη: Νέα συγκέντρωση στο Σύνταγμα Οι συγκεντρωμένοι σχημάτισαν με τσάντες τη φράση «Δεν ξεχνώ»  Μεγάλη συγκέντρωση της ΚΝΕ πραγματοποιήθηκε στην πλατεία Συντάγματος, στον απόηχο της πολύνεκρης τραγωδίας στα Τέμπη. «Το έγκλημα αυτό να μη συγκαλυφθεί, όλων των νεκρών να γίνουμε η φωνή» ήταν το κυρίαρχο σύνθημα. «Ήταν ένα προδιαγεγραμμένο έγκλημα με ενόχους κράτος και εταιρεία», τόνισε ο ‘Αγγελος Θωμόπουλος, στέλεχος της ΚΝΕ, πρόεδρος του Φοιτητικού Συλλόγου Τοπογράφων Μηχανικών ΕΜΠ στη συγκέντρωση. «Δυναμώνουμε τον αγώνα, θα γίνουμε η φωνή των νεκρών», πρόσθεσε. Οι συγκεντρωμένοι σχημάτισαν με τσάντες τη φράση «Δεν ξεχνώ» ενώ με αναμμένα κεριά γράφτηκε το σύνθημα «Τα κέρδη τους, οι νεκροί μας». Η συγκέντρωση, στην οποία μίλησε ο γραμματέας του ΚΣ της ΚΝΕ Θοδωρής Κωτσαντής, ολοκληρώθηκε με τη φωνή του Παύλου Σιδηρόπουλου να τραγουδά «Έχε το νου σου στο παιδί…» και δεκάδες φαναράκια στον ουρανό στη μνήμη των νεκρών της τραγωδίας στα Τέμπη. Κατά τη διάρκεια της συγκέντρωσης, είχαν τεθεί σε ισχύ κυκλοφοριακές ρυθμίσεις στο κέντρο της Αθήνας. Και στη Θεσσαλονίκη δεκάδες μαθητές, φοιτητές και εργαζόμενοι πραγματοποίησαν συγκέντρωση και πορεία διαμαρτυρίας για την σιδηροδρομική τραγωδία στα Τέμπη, μετά από κάλεσμα της ΚΝΕ. «Τα κέρδη σας οι νεκροί μας μόνο ο λαός σώζει το λαό», έγραφε το κεντρικό πανό της συγκέντρωσης. Κορίτσια κρατούσαν πλακάτ σχηματίζοντας την λέξη «Οργή». «Είμαστε εδώ για την συντρόφισσα μας τη Βάσω, κοπέλα 25 χρονών, που δίνει τη μάχη αυτές τις ώρες μέσα στο Νοσοκομείο της Λάρισας με τα τραύματα της και αύριο θα εγχειριστεί… Είμαστε εδώ για την Αγάπη, την Αθηνά, την Βάϊα, την Ιφιγένεια, τον Παναγιώτη, τον Κυπριανό… Ο καθένας τους είναι ένας από εμάς και ο καθένας μας θα μπορούσε να είναι στη θέση τους» είπε στην ομιλία του ο Γιάννης Βασιλειάδης, μέλος του γραφείου του Κεντρικού Συμβουλίου της ΚΝΕ. Οι διαδηλωτές, συγκεντρώθηκαν στον Λευκό Πύργο και έκαναν πορεία σε κεντρικούς δρόμους της πόλης. Υποστηρίζουν ότι το σιδηροδρομικό δυστύχημα ήταν «προδιαγεγραμμένο έγκλημα» και ζητούν να μην μείνει κανένας υπεύθυνος ατιμώρητος. Πορεία διαμαρτυρίας για το πολύνεκρο σιδηροδρομικό δυστύχημα στα Τέμπη πραγματοποίησαν επίσης συλλογικότητες και άτομα από τον ευρύτερο αντιεξουσιαστικό χώρο που συγκεντρώθηκαν στις 7 στην Καμάρα. Με πληροφορίες από ΑΠΕ-ΜΠΕ ⇒  Πορείες στη Θεσσαλονίκη",Newsroom,kathimerini.gr,2023-03-04,Ελλάδα / Κοινωνία
https://www.kathimerini.gr/politics/562305388/epitropi-empeirognomonon-gia-ta-tempi-akarpes-oi-epafes-me-ta-kommata/,Επιτροπή εμπειρογνωμόνων για τα Τέμπη: Άκαρπες οι επαφές με τα κόμματα,"Επιτροπή εμπειρογνωμόνων για τα Τέμπη: Άκαρπες οι επαφές με τα κόμματα ΣΥΡΙΖΑ, ΠΑΣΟΚ είπαν «όχι» στη συζήτηση για την επιτροπή εμπειρογνωμόνων  Χωρίς τη συναίνεση των κομμάτων της αντιπολίτευσης ανακοινώθηκε χθες η επιτροπή εμπειρογνωμόνων που ζήτησε ο πρωθυπουργός Κυριάκος Μητσοτάκης να συστήσει ο Γιώργος Γεραπετρίτης αμέσως μετά την ανάληψη των καθηκόντων του στο υπουργείο Υποδομών και Μεταφορών. Από τον ΣΥΡΙΖΑ, όπως διεφάνη και κατά τη χθεσινή ανακοίνωση με την οποία ζητούν συγκεκριμένες απαντήσεις από την κυβέρνηση και προσωπικά από τον κ. Μητσοτάκη, δεν υπήρχε περίπτωση να συναινέσουν σε μια επιτροπή η οποία έχει επικεφαλής τον στενό συνεργάτη του πρωθυπουργού και υπουργό Επικρατείας, Γιώργο Γεραπετρίτη. Στο κόμμα της αξιωματικής αντιπολίτευσης σημείωναν πως «δεν γίνεται ο ελεγχόμενος να είναι ταυτόχρονα και ελεγκτής» και χαρακτήριζαν προπομπό τη «σπουδή του κ. Μητσοτάκη να μιλήσει για ανθρώπινο λάθος, πριν αρχίσει η έρευνα». Ο ΣΥΡΙΖΑ επικρίνει την κυβέρνηση λέγοντας πως «αν ήθελε διακομματική επιτροπή θα μπορούσε να ζητήσει προτάσεις από όλα τα κόμματα» και αυτό που επιθυμεί ο πρωθυπουργός είναι «ένα βολικό προεκλογικό πόρισμα που θα επικυρώνει την ετυμηγορία που ήδη έχει βγάλει». Η ανακοίνωση καταλήγει πως τα αίτια «θα διερευνηθούν όχι από τις επιτροπές που ορίζουν οι ελεγχόμενοι, αλλά από τις αρμόδιες αρχές». Από την πλευρά του και το ΠΑΣΟΚ αρνήθηκε να μπει σε συζήτηση για τη σύνθεση της επιτροπής για δύο λόγους: Πρώτον, καθώς όπως λένε από τη Χαρ. Τρικούπη ο πρωθυπουργός με την ανακοίνωσή του έχει ήδη βγάλει το πόρισμα πως πρόκειται για ανθρώπινο λάθος και, δεύτερον, η επιτροπή έχει χαρακτηριστεί υπερκομματική και όχι διακομματική, άρα δεν υφίσταται λόγος εμπλοκής. Η επιτροπή δύναται να καλέσει τεχνικό προσωπικό, εμπειρογνώμονες ή όποιο άλλο πρόσωπο κρίνει απαραίτητο, ενώ θα πρέπει να ολοκληρώσει το έργο της μέχρι το τέλος του μηνός. Η κυβέρνηση, όπως προειπώθηκε, ανακοίνωσε χθες τη συγκρότηση ειδικής επιτροπής για «τη διερεύνηση και ανάδειξη των συστημικών προβλημάτων και δυσλειτουργιών που οδήγησαν στη σιδηροδρομική τραγωδία των Τεμπών». Η επιτροπή είναι τριμελής και συμμετέχουν οι Ιωάννης-Κωνσταντίνος Χαλκιάς, επίτιμος πρόεδρος του Νομικού Συμβουλίου του Κράτους, ως πρόεδρος, Αθανάσιος Ζηλιασκόπουλος, καθηγητής Μεταφορών και Παραγωγής στο Τμήμα Μηχανολόγων Μηχανικών του Πανεπιστημίου Θεσσαλίας, ως μέλος, και Βασίλειος Προφυλλίδης, καθηγητής της Συγκοινωνιακής Τεχνικής στο Δημοκρίτειο Πανεπιστήμιο Θράκης, ως μέλος. Οπως σημειώνουν κυβερνητικές πηγές και έγραφε χθες η «Κ», η επιτροπή θα επιτελέσει το έργο της στον συντομότερο δυνατό χρόνο «και θα καλέσει τεχνικό προσωπικό, εμπειρογνώμονες ή όποιο άλλο πρόσωπο κρίνει απαραίτητο, προκειμένου να τη συνδράμουν». Το «συντομότερο δυνατό», σύμφωνα με κυβερνητικές πηγές, σημαίνει «εντός του μήνα», καθώς το μέγεθος της τραγωδίας δεν αφήνει περιθώρια για καθυστερήσεις. Την ίδια ώρα, η συζήτηση για τον χρόνο των εκλογών θα έρθει στο προσκήνιο την εβδομάδα που μας έρχεται, καθώς εάν ο πρωθυπουργός αποφασίσει πως οι εκλογές θα γίνουν στις 9 Απριλίου, θα πρέπει να τις προκηρύξει το αργότερο έως τις 19 Μαρτίου, δηλαδή δύο εβδομάδες από σήμερα. Οπως έγραφε και χθες η «Κ», έως τα μέσα της εβδομάδας δεν πρόκειται να παρθεί καμία απόφαση, αλλά αφού έχει γίνει και η τελευταία ταφή αδικοχαμένου πολίτη. Τρεις ανθρώπους με παρουσία στον δημόσιο βίο επέλεξε ο νέος υπουργός Υποδομών και Μεταφορών Γιώργος Γεραπετρίτης για μέλη της ειδικής επιτροπής που θα διερευνήσει τα αίτια του δυστυχήματος στα Τέμπη. Πρόκειται για τον Ιωάννη-Κωνσταντίνο Χαλκιά, επίτιμο πρόεδρο του Νομικού Συμβουλίου του Κράτους, ως πρόεδρο, και μέλη τους Αθανάσιο Ζηλιασκόπουλο, πρόεδρο του διοικητικού συμβουλίου του ΤΑΙΠΕΔ, και Βασίλειο Προφυλλίδη, καθηγητή στο Δημοκρίτειο Πανεπιστήμιο Θράκης.   Ο κ. Χαλκιάς αποφοίτησε από τη Νομική Αθηνών και το 1980 ολοκλήρωσε μεταπτυχιακό στο Δημόσιο και Διοικητικό Δίκαιο στο Πανεπιστήμιο Paris II. Το 1983 διορίστηκε δικαστικός αντιπρόσωπος στο Νομικό Συμβούλιο του Κράτους, το 1993 προήχθη σε πάρεδρο, το 2006 σε νομικό σύμβουλο και το 2014 σε αντιπρόεδρο ΝΣΚ. Από το 1983 έως το 2018 υπηρέτησε στα γραφεία νομικών συμβούλων στα υπουργεία Δικαιοσύνης (1983-1989), Εργασίας (1983-1985), Οικονομικών (1989-1990), Εξωτερικών (1990-1994), Αγροτικής Ανάπτυξης (1994-2015). Το 2015-2018 προΐστατο του γραφείου νομικού συμβούλου στο υπουργείο Εθνικής Αμυνας. Το 2018 προήχθη σε πρόεδρο του Νομικού Συμβουλίου του Κράτους.   Ο Αθανάσιος Ζηλιασκόπουλος είναι απόφοιτος του τμήματος Χημικών Μηχανικών του ΑΠΘ, κατέχει μεταπτυχιακό τίτλο από το τμήμα Μηχανολόγων Μηχανικών Βιομηχανίας του Πανεπιστημίου Austin Texas των ΗΠΑ και διδακτορικό σε Συστήματα Μεταφορών από το ίδιο πανεπιστήμιο. Ξεκίνησε την ακαδημαϊκή σταδιοδρομία του από το τμήμα Πολιτικών Μηχανικών του Ohio State University των ΗΠΑ, κατόπιν εργάσθηκε στο τμήμα Πολιτικών Μηχανικών του Northwestern University των ΗΠΑ και στο Transportation Research Center. Από το 1996 έως το 2004 κατείχε τη θέση Lοuis Berger Professor στον τομέα των Συστημάτων Μεταφορών του Πανεπιστημίου Northwestern στο Evanston, Ilinois, ΗΠΑ. Από το 2004 είναι καθηγητής Παραγωγής και Μεταφορών στο Πανεπιστήμιο Θεσσαλίας. Το διάστημα 2010-2015 υπήρξε πρόεδρος και διευθύνων σύμβουλος της ΤΡΑΙΝΟΣΕ. Επίσης, το 2013-2015 υπήρξε μέλος και αργότερα πρόεδρος της Εθνικής Επιτροπής Logistics (το 2014). Το 2020 ορίστηκε πρόεδρος του Εθνικού Συμβουλίου για την Ανάπτυξη και Ανταγωνιστικότητα της Εφοδιαστικής και σήμερα είναι πρόεδρος του διοικητικού συμβουλίου του ΤΑΙΠΕΔ.   Τέλος, ο Βασίλειος Προφυλλίδης είναι πολιτικός μηχανικός ΑΠΘ, συγκοινωνιολόγος (DEA), διδάκτωρ του Πολυτεχνείου των Παρισίων (Ecole Nationale des Ponts et Chaussées) και πτυχιούχος της Νομικής Σχολής ΑΠΘ. Διετέλεσε συνεργάτης του υπουργείου Μεταφορών, του υπουργείου Δημοσίων Εργων, του ΟΣΕ, του Δήμου Θεσσαλονίκης, των Γαλλικών Σιδηροδρόμων. Σήμερα είναι καθηγητής στο ΔΠΘ, όπου διδάσκει από το 1990. «Θα γίνει κάθε δυνατή προσπάθεια για να καταλάβουμε τι συνέβη. Πρέπει να πέσει φως σε όλες τις πτυχές του δυστυχήματος και να εξαντλήσουμε όλα τα όρια των επιστημονικών μας δυνατοτήτων», δήλωσε στο kathimerini.gr. Τριμελής Οι εκλογές Τα μέλη της τριμελούς επιτροπής  ",Σταύρος Παπαντωνίου,kathimerini.gr,2023-03-04,Πολιτική
https://www.kathimerini.gr/society/562305349/tragodia-sta-tempi-tha-mporoysame-na-eimaste-emeis-sti-thesi-ton-paidion/,Τραγωδία στα Τέμπη: «Θα μπορούσαμε να είμαστε εμείς στη θέση των παιδιών»,"Τραγωδία στα Τέμπη: «Θα μπορούσαμε να είμαστε εμείς στη θέση των παιδιών» Το πρωί ειρηνική συγκέντρωση διαμαρτυρίας μαθητών και φοιτητών – Το απόγευμα επεισόδια κουκουλοφόρων με αστυνομικούς  Ενταση προκλήθηκε χθες το βράδυ λίγο μετά τις 8.30 όταν σε συγκέντρωση διαμαρτυρίας για τις παραλείψεις των υπευθύνων που οδήγησαν στην τραγωδία των Τεμπών, ομάδα κουκουλοφόρων επιτέθηκε εναντίον των αστυνομικών δυνάμεων στην πλατεία Συντάγματος. Οι δυνάμεις των ΜΑΤ απάντησαν με τη χρήση χημικών και κρότου λάμψης, υποχρεώνοντας όλους τους διαδηλωτές που βρίσκονταν στην πλατεία εκείνη την ώρα να υποχωρήσουν. Νωρίτερα, μαθητές και φοιτητές είχαν πραγματοποιήσει μια ειρηνική συγκέντρωση. Κατά μήκος της κλειστής στην κυκλοφορία Λεωφόρου Συγγρού, ο μόνος ήχος που ακουγόταν ήταν η περιοδική σειρήνα ασθενοφόρου και η σειρήνα στην οποία είχαν μεταλλαχθεί οι φωνές μερικών χιλιάδων μαθητών, φοιτητών και άλλων που είχαν έρθει να διαδηλώσουν. «Αυτή δεν είναι απλώς μια Παρασκευή», έλεγε στην «Κ» ο 21χρονος Θεμιστοκλής, φοιτητής της Φιλοσοφικής Σχολής. «Είναι μια ημέρα πένθους». Οσο περπατούσαν προς τα γραφεία της Hellenic Train, το ένα σύνθημα διαδεχόταν το άλλο. «Στον βωμό του κέρδους, θυσία οι νεκροί, δεν είναι δυστύχημα, είναι επιλογή». «Το έγκλημα αυτό να μη συγκαλυφθεί, όλων των νεκρών να γίνουμε η φωνή». «Πού είναι οι μαθητές;». «Στους δρόμους», απαντούσαν σύσσωμοι, «στους δρόμους είναι οι μαθητές». Καθώς η πλειονότητα των θυμάτων είναι κοντά στις δικές τους ηλικίες, σε καθένα από τα θύματα βλέπουν τον εαυτό τους. «Είμαστε εδώ», αναφέρει στην «Κ» η 22χρονη Μαίρη, φοιτήτρια στην Καλών Τεχνών, «γιατί θα μπορούσαμε να είμαστε εμείς στη θέση των παιδιών». Πολλοί κρατούν πλακάτ: «Δεν θέλω να ζω από τύχη». «Σε μια χώρα που θα έπρεπε να ζούμε σαν θαύμα, ζούμε από θαύμα». «Στείλε όταν φτάσεις». Κάποιοι κρατούν λευκά μπαλόνια – «για τις ψυχές όσων χάθηκαν», λένε. Πάνω στο μπαλόνι που κρατάει ο 20χρονος Φώτης Τσιβόλας γράφει: 57 εισιτήρια θανάτου. «Είναι αδιανόητο, εν έτει 2023, να μη λειτουργούν τα αυτονόητα, να μην υπάρχουν περισσότεροι εργαζόμενοι στους σιδηροδρόμους, να μη λειτουργούν τα φανάρια», λέει στην «Κ». «Οι περισσότεροι από τους νεκρούς ήταν φοιτητές της γενιάς μας, και οι γονείς τους αυτή τη στιγμή κλαίνε, άδικα», συμπληρώνει. Στην πορεία συμμετείχαν και άνθρωποι μεγαλύτερης ηλικίας που στα θύματα δεν βλέπουν τον εαυτό τους. Βλέπουν τα παιδιά τους. «Νέα παιδιά χάθηκαν από τραγικά, απανωτά λάθη», αναφέρει στην «Κ» η Γιάννα Σταυροπούλου, μητέρα δύο φοιτητριών. «Δεν πρέπει να περάσει έτσι αυτό», τονίζει, «αυτή η γενιά πρέπει να σωθεί». Τρεις εκπαιδευτικοί έχουν έρθει να διαμαρτυρηθούν. «Κάτι πρέπει να αλλάξει και μόνο από τα παιδιά μπορεί να αλλάξει», αναφέρει η Νάσια Παπαγιάννη. «Ολο αυτό σου δίνει μια αίσθηση ότι ζούμε κατά λάθος», δηλώνει στην «Κ» η Γεωργία Αδαμοπούλου. Πολλοί κατεβαίνουν σήμερα για πρώτη φορά σε πορεία. «Χάθηκαν νέες ζωές, και όχι μόνο – γυρνούσαν από ένα ταξίδι και έχασαν τη ζωή τους», λέει ο 17χρονος Αλέξανδρος. «Το σύστημα της Ελλάδας», τονίζει, «δεν δίνει σημασία στον λαό». «Αυτό που ζητάμε όλοι, ανεξαρτήτως κομματικής ή πολιτικής απόχρωσης, είναι να δούμε τι πραγματικά συνέβη», συμπληρώνει ο 22χρονος Δημήτρης. Φθάνοντας έξω από τα γραφεία της Hellenic Train, κάποιοι γράφουν με κόκκινη μπογιά «Δολοφόνοι» και «Κέρδη βαμμένα στων φοιτητών το αίμα». Τον δρόμο κλείνουν αστυνομικοί. Μέλη μιας αντιπροσωπείας εργαζομένων προσπαθούν να περάσουν για συνάντηση με τη διοίκηση της εταιρείας. «Για την ασφάλειά μας είμαστε εδώ», λέει στην «Κ» ο 36χρονος Αγγελος, τεχνίτης στο εργοστάσιο Πειραιά. «Χάσαμε συναδέλφους», σημειώνει, «οι μηχανοδηγοί τώρα φοβούνται να ανέβουν στο τρένο – ανάλογες είναι και οι συνθήκες στα μηχανοστάσια και στο εργοστάσιο». Η αντιπροσωπεία περνάει, το πλήθος χειροκροτάει. Η διαδήλωση λύεται, ανανεώνοντας το ραντεβού διαμαρτυρίας για σήμερα το μεσημέρι. Ενα δρόμο πιο πάνω, τουρίστες μπαίνουν χαρούμενοι στο ξενοδοχείο τους. Βλέπουν τους εαυτούς τους",Ηλιάνα Μάγρα,kathimerini.gr,2023-03-04,Ελλάδα / Κοινωνία
https://www.kathimerini.gr/society/562307248/tempi-apotheosi-gia-ton-diasosti-tis-emak-kai-proponiti-toy-paok-poy-lygise-sto-simeio-toy-dystychimatos/,Τέμπη: Αποθέωση για τον διασώστη της ΕΜΑΚ και προπονητή του ΠΑΟΚ που «λύγισε» στο σημείο του δυστυχήματος,"Τέμπη: Αποθέωση για τον διασώστη της ΕΜΑΚ και προπονητή του ΠΑΟΚ που «λύγισε» στο σημείο του δυστυχήματος Θερμό χειροκρότημα επιφύλαξαν οι αθλητές του στον Ιωάννη Παπαγιαννάκη  Πρόκειται για μια εικόνα που συγκίνησε και έγινε viral: ο διασώστης της ΕΜΑΚ Ιωάννης Παπαγιαννάκης ξεσπάει σε δάκρυα, καθώς επιχειρεί στο σημείο της τραγωδίας στα Τέμπη. Η φωτογραφία του Γιάννη Λιάκου από το Intime News κόσμησε και το πρωτοσέλιδο της «Καθημερινής» της 2ης Μαρτίου 2023. Ο κ. Παπαγιαννάκης, ο οποίος είναι και προπονητής της εφηβικής ομάδας πόλο του ΠΑΟΚ, ολοκλήρωσε τα καθήκοντά του στα Τέμπη και επέστρεψε στο κολυμβητήριο. Εκεί, καταχειροκροτήθηκε από μικρούς και μεγάλους για την προσφορά του. #PAOKfamily Καθολικό χειροκρότημα απ’ όλη την Οικογένεια πόλο του ΠΑΟΚ, κατά την είσοδο του προπονητή, Ιωάννη Παπαγιαννάκη, στο Ποσειδώνιο Κολυμβητήριο. Σεβασμός!🙏 #Τέμπη pic.twitter.com/27d43VlJu9 — AC PAOK | Α.Σ. ΠΑΟΚ (@AC_PAOK) March 3, 2023 Οι αθλητές των ακαδημιών της ομάδας τον υποδέχθηκαν στο «Ποσειδώνιο» κολυμβητήριο με χαμόγελα και «μπράβο», όπως φαίνεται από το βίντεο που ανήρτησε ο ερασιτέχνης ΠΑΟΚ στα social media. «Η συγκλονιστική φωτογραφία του δικού μας, Ιωάννη Παπαγιαννάκη, προπονητή της εφηβικής ομάδας πόλο του ΠΑΟΚ, ο οποίος υπηρετεί στα ΕΜΑΚ. Μόνο περηφάνια για τον δικό μας «Ήρωα»!» αναφέρθηκε σε δεύτερο tweet του ερασιτέχνη, στην οποία παρουσιάζεται το καρέ που ξεχώρισε. #PAOKfamily Η συγκλονιστική φωτογραφία του δικού μας, Ιωάννη Παπαγιαννάκη, προπονητή της εφηβικής ομάδας πόλο του ΠΑΟΚ, ο οποίος υπηρετεί στα ΕΜΑΚ. Μόνο περηφάνια για τον δικό μας «Ήρωα» στα #Τέμπη!#ACPAOK #PAOK #HereIsNorth pic.twitter.com/239raPMfBX — AC PAOK | Α.Σ. ΠΑΟΚ (@AC_PAOK) March 2, 2023 ",Newsroom,kathimerini.gr,2023-03-04,Ελλάδα / Κοινωνία
https://www.kathimerini.gr/society/562305298/tragodia-sta-tempi-ta-thanasima-mystika-ton-dialogon-stathmarchi-kleidoychoy-michanodigoy/,Τραγωδία στα Τέμπη: Τα θανάσιμα «μυστικά» των διαλόγων σταθμάρχη – κλειδούχου – μηχανοδηγού,"Τραγωδία στα Τέμπη: Τα θανάσιμα «μυστικά» των διαλόγων σταθμάρχη – κλειδούχου – μηχανοδηγού Παραλείψεις, σφάλματα, κενά έφεραν τις δύο αμαξοστοιχίες να τρέχουν τυφλά και σε αντίθετες πορείες πάνω στις ίδιες ράγες  Το δυστύχημα των Τεμπών και η απώλεια δεκάδων ζωών έφεραν στο προσκήνιο έναν πρωτοφανή λαβύρινθο σφαλμάτων και λανθασμένων επιλογών σε όλα τα επίπεδα εδώ και αρκετά χρόνια. Η «Κ» συνομίλησε με τον Χρήστο Ρετσινά, πρώην διευθυντή Ασφαλείας και Κυκλοφορίας των Αμαξοστοιχιών της ΤΡΑΙΝΟΣΕ, προκειμένου να φωτιστούν διάφορες πτυχές των γεγονότων που οδήγησαν στην τραγωδία. – Πώς γίνεται ένας πρώην αχθοφόρος να γίνει σταθμάρχης, ποιος αναλαμβάνει την ευθύνη διορισμού σε μια θέση; – Στην περίπτωση που συζητάμε υπάρχει σφάλμα από τον ΟΣΕ. Δεν είχε προσωπικό και ζήτησε οι μεταταχθέντες να επιστρέψουν. Oμως, κανονικά, θα έπρεπε ο ΟΣΕ να πάρει πίσω όσους είχαν διατελέσει σταθμάρχες. Παίρνει πίσω μια ειδικότητα (αχθοφόρος) που έχει καταργηθεί και κάπου πρέπει να τον βάλει. Τον στέλνει στη σχολή για σταθμάρχες και τον κάνει σταθμάρχη. Και τον τοποθετεί –άλλο σφάλμα– στον πιο νευραλγικό σταθμό. – Ποιος τον τοποθέτησε εκεί και με βάση ποια κριτήρια; – Ο ΟΣΕ. Δεν γνωρίζω με ποια κριτήρια, ίσως εντοπιότητας ή πολιτικού μέσου. – Τι εκπαίδευση λαμβάνει ένας σταθμάρχης; – Τελευταία έχουν μια εξάμηνη εκπαίδευση, όμως στην εκπαίδευση ακολουθείς θεωρητική εκπαίδευση και μετά κάνεις πρακτική. Εκανε σαν δεύτερος μια πρακτική και έχοντας μικρή εμπειρία τον εγκατέστησαν στη Λάρισα. Oμως δεν είναι μόνο το θέμα της εμπειρίας. Στο ηχητικό ντοκουμέντο ο κλειδούχος τον ρωτάει «να γυρίσω το κλειδί;». Αφού τα κλειδιά είναι ηλεκτρικά και τα χειρίζονται από τον πίνακα του σταθμάρχη, τι δουλειά έχει ο κλειδούχος; Γιατί ρωτάει; Πού είναι ο σταθμάρχης; Επίσης δίνει εντολή ο σταθμάρχης στον μηχανοδηγό να φύγει, αλλά δεν του λέει «φεύγεις από τη γραμμή ανόδου», υπονοεί όμως ότι φεύγει από τη γραμμή ανόδου προς Νέους Πόρους, προς την κατεύθυνση της Θεσσαλονίκης καθώς του δίνει την εντολή να φύγει. Ο μηχανοδηγός όφειλε όταν είδε ότι θα πρέπει να ανέβει τη γραμμή καθόδου να σταματήσει, να φρενάρει το τρένο και να ρωτήσει τον σταθμάρχη «γιατί με στέλνεις από τη γραμμή καθόδου;» και να κάνει ανακοίνωση μέσα από το ραδιοτηλέφωνο ότι έχει κάνει κατάληψη στη γραμμή καθόδου, ώστε να τον ακούσει και η αμαξοστοιχία του εμπορικού. Ο σταθμάρχης των Νέων Πόρων είχε ειδοποιήσει τον σταθμό της Λάρισας 17 λεπτά πριν από το δυστύχημα, δηλαδή ότι κατεβαίνει η εμπορική αμαξοστοιχία. Οπότε, ούτε ο μηχανοδηγός λειτούργησε σωστά. – Η εμπορική αμαξοστοιχία ακούει τον διάλογο μεταξύ σταθμάρχη και μηχανοδηγού; – Oλα τα τρένα έχουν ραδιοτηλέφωνα και ακούνε όλες τις επικοινωνίες. – Η εμπορική που κατέβαινε είχε ακούσει τον διάλογο μεταξύ κλειδούχου και σταθμάρχη πως το κλειδί είναι στη διαγώνιο, δηλαδή θα έβαζε το επιβατικό τρένο στη γραμμή καθόδου; – Την εντολή μεταξύ κλειδούχου και σταθμάρχη δεν την είχε ακούσει. Είχε ακούσει την εντολή που έδινε ο σταθμάρχης στον μηχανοδηγό, αλλά δεν ήξερε η κατερχόμενη αμαξοστοιχία ότι ο σταθμάρχης στέλνει την άλλη αμαξοστοιχία στη γραμμή καθόδου. Αν ο μηχανοδηγός του Intercity 62 (επιβατικό) ανακοίνωνε ότι έχει κάνει κατάληψη της γραμμής καθόδου, θα το άκουγαν και οι άλλοι και θα σταματούσαν. Οπότε πρέπει να διευκρινιστεί αν ήταν στη θέση του ο σταθμάρχης. – Δηλαδή λέτε ότι είχε μείνει το σταθμαρχείο μόνο του; – Αυτά θα τα διερευνήσει η επιτροπή. Εγώ εκείνο που βλέπω από τα ηχογραφημένα μηνύματα είναι ότι κάτι δεν πάει καλά. «Στο ηχητικό ντοκουμέντο ο κλειδούχος ρωτάει “να γυρίσω το κλειδί;”. Αφού τα κλειδιά είναι ηλεκτρικά και τα χειρίζονται από τον πίνακα του σταθμάρχη, γιατί ρωτάει; Πού είναι ο σταθμάρχης;», λέει στην «Κ» ο Χρήστος Ρετσινάς. – Οταν το τρένο πλέον είχε φύγει, θα προλάβαινε να σταματήσει; – Το τρένο χρειάζεται περίπου ένα λεπτό για να σταματήσει. Αλλά θέλω να υπογραμμίσω κάτι άλλο: Από το τέλος του 2020 που έφυγε η ΤΡΑΙΝΟΣΕ (Hellenic Train) από τα γραφεία του ΟΣΕ πήρε και τους υπαλλήλους που ήταν στο αρμόδιο όργανο, στο «Κέντρο Παρακολούθησης Κυκλοφορίας», στο οποίο βρίσκονταν ένας έμπειρος μηχανοστασιάρχης προϊστάμενος και ένας προϊστάμενος του προσωπικού κινήσεως, οι οποίοι μαζί με τον σταθμάρχη του ΟΣΕ ήλεγχαν την κυκλοφορία όλων των τρένων. Αυτή η επιτροπή σταμάτησε να λειτουργεί από το τέλος του 2020, διότι η ΤΡΑΙΝΟΣΕ (Hellenic Train) έκρινε ότι θα φτιάξει ένα δικό της σύστημα παρακολούθησης της κυκλοφορίας των τρένων. Αυτό που έκανε είναι ότι έβαλε στις μηχανές GPS, όμως από πλευράς ασφάλειας αυτό δεν σου προσφέρει τίποτα. Σου δείχνει μια κουκκίδα, δηλαδή πως ένα τρένο κινείται από τη Θήβα προς τη Λιβαδειά, όμως δεν σου δείχνει σε ποια γραμμή είναι. – Πώς ακριβώς λειτουργούσε αυτό το δευτεροβάθμιο όργανο ελέγχου; – Μιλούσαν με τα ραδιοτηλέφωνα και με τα κινητά τηλέφωνα με τους μηχανοδηγούς και τους προϊσταμένους των αμαξοστοιχιών, και ο μηχανοδηγός ενημέρωνε, όπως και ο προϊστάμενος της αμαξοστοιχίας, πού βρισκόταν κάθε τρένο. Είχαμε προλάβει πάρα πολλά ατυχήματα. Ηταν αναγκαίο από τη στιγμή που δεν υπάρχει σηματοδότηση-τηλεδιοίκηση, παρά μόνο στο κομμάτι Τιθορέα – Δομοκός – Λάρισα. – Για ποιο λόγο δεν υπάρχει σηματοδότηση; – Μέχρι το 2012 δούλευε, αλλά ειδικά στο κομμάτι Λάρισα και μέχρι την Κατερίνη άρχισαν οι καταληστεύσεις των υλικών και οι δολιοφθορές. Υπάρχουν συμμορίες που κλέβουν καλώδια και εξοπλισμούς. – Γιατί η εταιρεία δεν αντικατέστησε τον κλεμμένο εξοπλισμό; – Αυτό πρέπει να το απαντήσει ο ΟΣΕ. Τώρα τι ακριβώς συμβαίνει με τις συμβάσεις δεν ξέρω, αλλά η τρέχουσα σύμβαση που είναι για το σύστημα ασφάλειας της κυκλοφορίας, σηματοδότησης και τηλεδιοίκησης, που αφορά και την αυτόματη πέδηση της αμαξοστοιχίας εάν ο μηχανοδηγός δεν ανταποκρίνεται, δεν έχει ολοκληρωθεί. Αυτό το έργο έχει φτάσει μέχρι την Αλίαρτο και προχωράει προς Σφίγγα και παρότι ο εργολάβος φυλάει τις καλωδιώσεις με σεκιούριτι προχθές μια συμμορία τους έκλεψε τα καλώδια. Το επισημαίνω γιατί το Intercity 62 που ενεπλάκη στο δυστύχημα πριν φτάσει από τον Παλαιοφάρσαλο στη Λάρισα, το είχαν στείλει από τη γραμμή καθόδου. Η γραμμή ανόδου δεν δούλευε λόγω δολιοφθοράς. – Ποιος αξιολογεί την καταλληλότητα των υπαλλήλων; – Παλιά υπήρχαν τα φύλλα ποιότητας που σε αξιολογούσαν κάθε χρόνο με βάση τη βαθμολογία που λάμβανες στα σωματικά και ψυχικά προσόντα. Δεν ξέρω τι υπάρχει σήμερα. – Υπάρχει περίπτωση σήμερα να μην αξιολογούνται αυτοί οι άνθρωποι; – Για τους ανθρώπους που βρίσκονται στην πρώτη γραμμή, πέρα από την ψυχοτεχνική κατάσταση που ελέγχεται κατά την πρόσληψή τους, δεν υπάρχει μετέπειτα κάποιος άλλος έλεγχος. Είχαμε κάνει ένα γράμμα προς την υπηρεσία ασφαλείας του υπουργείου Μεταφορών, στο οποίο προτείναμε για τους μηχανοδηγούς να ελέγχονται και επανεξετάζονται κάθε τρία χρόνια. Αυτό το γράμμα το συντάξαμε μετά την αυτοκτονία ενός μηχανοδηγού που ήταν από την Τρίπολη. Ακόμη προτείναμε τη δημιουργία ενός σώματος ελεγκτών κυκλοφορίας. – Θα πρέπει τα τρένα να κυκλοφορήσουν ξανά μέχρι να ολοκληρωθεί η αναβάθμιση του δικτύου; – Φυσικά, γιατί αν σταματήσουν να κυκλοφορούν τότε οι συμμορίες θα τα κλέψουν όλα. Το άμεσο μέτρο που απαιτείται είναι να υποχρεωθεί το υπουργείο να επανασυστήσει το όργανο παρακολούθησης της κυκλοφορίας. Απαιτούνται μόνο δύο ημέρες.",Αθανάσιος Κατσικίδης,kathimerini.gr,2023-03-04,Ελλάδα / Κοινωνία
https://www.kathimerini.gr/society/562307326/tragodia-sta-tempi-nea-prothesmia-elave-stathmarchis-tin-kyriaki-i-apologia-toy/,Τραγωδία στα Τέμπη: Νέα προθεσμία έλαβε ο σταθμάρχης – Την Κυριακή η απολογία του,"Τραγωδία στα Τέμπη: Νέα προθεσμία έλαβε ο σταθμάρχης – Την Κυριακή η απολογία του  Νέα προθεσμία για το πρωί της Κυριακής έλαβε ο σταθμάρχης Λάρισας, προκειμένου να απολογηθεί για το τραγικό δυστύχημα των Τεμπών. Ο σταθμάρχης βρίσκεται αντιμέτωπος με τη βαριά κατηγορία της διατάραξης της ασφάλειας των συγκοινωνιών, αδίκημα που διώκεται, με βάση πρόσφατη τροποποίηση του Ποινικού Κώδικα, ως κακούργημα και επισύρει ποινές από δέκα χρόνια κάθειρξη έως ισόβια. Επίσης, αντιμετωπίζει και κατηγορίες για ανθρωποκτονίες από αμέλεια κατά συρροή, τόσες, όσοι οι άνθρωποι που χάθηκαν, αλλά και κατηγορίες για σωματικές βλάβες με τον ίδιο ποινικό χαρακτηρισμό, τόσες, όσοι θα είναι τελικά οι τραυματίες που βγήκαν ζωντανοί. Πάντως, σύμφωνα με το κατηγορητήριο που έχει συνταχθεί εις βάρος του, οι παραλείψεις είναι βαρύτατες, δεν περιορίζονται μόνον στο σφάλμα του να βάλει το τρένο σε λάθος κατεύθυνση, αλλά συνεχίζονται, καθώς από το ηλεκτρονικό σύστημα που ισχύει έως ένα σημείο στη Λάρισα, μπορούσε να δει το τρένο που εκινείτο λάθος και να διορθώσει τη μοιραία απόφασή του. Η αποτύπωση του κινούμενου τρένου είναι σε απόσταση 5,5 χιλιόμετρα από την ώρα που ξεκίνησαν οι συρμοί της αμαξοστοιχίας από τον σταθμό της Λάρισας και έως εκεί που υπάρχει η δυνατότητα ηλεκτρονικής παρακολούθησης της κίνησης. Μετά, τέτοιο σύστημα δεν υπήρχε. Επίσης κατά το κατηγορητήριο, δεν έλαβε υπόψη του –τρίτο λάθος– το ότι από τον σταθμάρχη των Νέων Πόρων ειδοποιήθηκε 17 λεπτά πριν από τη σύγκρουση ότι η εμπορευματική αμαξοστοιχία ήταν στην ίδια κατεύθυνση. Αλλωστε, όπως προκύπτει από την προανακριτική του απολογία, όπου ομολόγησε τα λάθη του, κατάλαβε τι είχε συμβεί όταν έμαθε για την τραγωδία. Την ίδια ώρα, όπως έγραφε σήμερα η «Κ», στην αναζήτηση ποινικών ευθυνών για την τραγωδία σε υπηρεσιακούς παράγοντες που είχαν την ευθύνη τοποθέτησης του σταθμάρχη ως υπεύθυνου βάρδιας στο κρίσιμο πόστο της Λάρισας, προχωρούν άμεσα οι εισαγγελικές αρχές. Σύμφωνα με πληροφορίες, ο εποπτεύων το σύνολο των ανακρίσεων, προϊστάμενος της Εισαγγελίας Εφετών Λάρισας, Σταμάτης Δασκαλόπουλος, ζήτησε να στραφούν οι έρευνες στην αναζήτηση όλων των δεδομένων για το πώς ο άπειρος σταθμάρχης ήταν μόνος του επί 4 ημέρες στο πόστο της Λάρισας και μάλιστα, όταν κατά τη διάρκεια του τριημέρου της Καθαράς Δευτέρας, η κίνηση των τρένων ήταν μεγάλη. ",Newsroom,kathimerini.gr,2023-03-04,Ελλάδα / Κοινωνία
https://www.kathimerini.gr/society/562305319/tragodia-sta-tempi-saronan-to-simeio-gia-ton-entopismo-ton-agnooymenon/,Τραγωδία στα Τέμπη: Σάρωναν το σημείο για τον εντοπισμό των αγνοουμένων,"Τραγωδία στα Τέμπη: Σάρωναν το σημείο για τον εντοπισμό των αγνοουμένων Μέλη της Πυροσβεστικής συνέλεγαν δείγματα για να βοηθήσουν στη βιολογική ταυτοποίηση μέσω εξετάσεων DNA  Για ακόμη μία ημέρα συνεχιζόταν χθες το πρωί από μέλη της Πυροσβεστικής η σάρωση στο σημείο του σιδηροδρομικού δυστυχήματος στα Τέμπη. Ερευνούσαν τα χαλάσματα και το έδαφος για τον πιθανό εντοπισμό αγνοουμένων ή τη συλλογή δειγμάτων που ενδεχομένως θα μπορούσαν να βοηθήσουν στη διαδικασία της βιολογικής ταυτοποίησης μέσω εξετάσεων DNA. Κάποιοι συγγενείς περίμεναν για τη σχετική ενημέρωση έξω από το Γενικό Νοσοκομείο Λάρισας κρατώντας φωτογραφίες των οικείων τους που επέβαιναν στο τρένο. Σε ανακοίνωσή του το Πυροσβεστικό Σώμα ανέφερε ότι δεν έχουν βρεθεί στους χώρους των βαγονιών, ούτε και στην ευρύτερη περιοχή του δυστυχήματος, φιάλες ή θραύσματα φιαλών υγραερίου και ότι δεν ανταποκρίνονται στην πραγματικότητα σχετικές πληροφορίες που είδαν πρόσφατα το φως της δημοσιότητας. Το πρωτόκολλο ταυτοποίησης θυμάτων μαζικών καταστροφών της Interpol, το οποίο εφαρμόστηκε στην Ελλάδα από τη φονική πυρκαγιά στην Ανατολική Αττική το 2018, ακολουθήθηκε και στην περίπτωση του δυστυχήματος στα Τέμπη. Η οπτική αναγνώριση κατά την Interpol δεν θεωρείται ασφαλής μέθοδος ταυτοποίησης. Στην Ελλάδα, όπως είχε επισημάνει στην «Κ» η προϊσταμένη της ιατροδικαστικής υπηρεσίας Λάρισας, Ρουμπίνη Λεονταρή, και επιβεβαίωσαν και άλλοι συνάδελφοί της, ακολουθείται πλέον βάσει πρωτοκόλλου η ταυτοποίηση μέσω DNA. Μετά την ολοκλήρωση αυτής της μεθόδου παραδίδονται οι σοροί στις οικογένειες. Αυτός είναι και ο λόγος της εμπλοκής της Ομάδας Αναγνώρισης Θυμάτων Καταστροφών (Disaster Victim Identification – DVI) της Ελληνικής Αστυνομίας, καθώς και της Διεύθυνσης Εγκληματολογικών Ερευνών (ΔΕΕ) της Αστυνομίας στη διαδικασία ταυτοποίησης των θυμάτων. Σε χθεσινή ενημέρωση της Πυροσβεστικής και της Αστυνομίας διευκρινίστηκε ότι είναι λάθος να προστίθεται ο αριθμός των ατόμων που είχαν δηλωθεί στη λίστα των αγνοουμένων από τους οικείους τους στον αριθμό των νεκρών. Η εκπρόσωπος της Αστυνομίας, Κωνσταντίνα Δημογλίδου, εξήγησε ότι μετά το δυστύχημα είχαν δηλωθεί από συγγενείς 56 αγνοούμενοι. Στην πορεία των ερευνών στο σημείο εντοπίστηκαν 57 σοροί και ακολούθησε η διαδικασία ταυτοποίησής τους με αναλύσεις DNA. Η κ. Δημογλίδου ανέφερε ότι στα εργαστήρια της ΔΕΕ διακόπηκε οποιαδήποτε άλλη εργασία για να προχωρήσουν οι εξετάσεις των δειγμάτων γενετικού υλικού το ταχύτερο δυνατό. Οι σχετικές αναλύσεις, όπως είπε, διεξάγονταν επί 24 ώρες το 24ωρο τις τελευταίες ημέρες. Περισσότερες από δέκα οικογένειες είχαν ενημερωθεί χθες από τον επικεφαλής της ομάδας αναγνώρισης της Αστυνομίας και ειδικούς ψυχολόγους για τα δυσάρεστα ευρήματα. Χθες οι τραυματίες που παρέμεναν για νοσηλεία στα νοσοκομεία της Θεσσαλονίκης και της Λάρισας ξεπερνούσαν τα 30 άτομα. Σε μονάδες εντατικής θεραπείας βρίσκονταν συνολικά επτά ασθενείς, εκ των οποίων οι τέσσερις στο Πανεπιστημιακό Νοσοκομείο Λάρισας.",Γιάννης Παπαδόπουλος,kathimerini.gr,2023-03-04,Ελλάδα / Κοινωνία
https://www.efsyn.gr/politiki/antipoliteysi/431600_epistoli-haritsi-se-mitsotaki-synantitheite-me-toys-ergazomenoys-tis,Επιστολή Χαρίτση σε Μητσοτάκη: Συναντηθείτε με τους εργαζόμενους της ΛΑΡΚΟ,"Επιστολή Χαρίτση σε Μητσοτάκη: Συναντηθείτε με τους εργαζόμενους της ΛΑΡΚΟ  Επιστολή στον πρωθυπουργό Κυριακό Μητσοτάκη έστειλε ο πρόεδρος της ΚΟ Νέας Αριστεράς Αλέξης Χαρίτσης, ζητώντας να κάνει δεκτό το αίτημα των εργαζομένων της ΛΑΡΚΟ για συνάντηση. «Η ιδιωτικοποίηση μιας τέτοιας βαριάς βιομηχανίας, με ιδιαίτερη στρατηγική σημασία για την ελληνική οικονομία, με όχημα την ειδική διαχείριση και με όρους παντελώς ασύμφορους για το Δημόσιο είναι η μία προβληματική πλευρά της υπόθεσης της ΛΑΡΚΟ», σημειώνει ο Αλ. Χαρίτσης. «Η άλλη, εξίσου μείζονος σημασίας, προβληματική πλευρά αφορά τους εργαζόμενους, που βρίσκονται καιρό τώρα σε καθεστώς ομηρίας και βλέπουν τις λιγοστές ελπίδες τους να εξανεμίζονται αγωνιώντας για το μέλλον το δικό τους και των παιδιών τους». Ο πρόεδρος της ΚΟ Νέας Αριστεράς καταλήγει, καλώντας τον Κυριάκο Μητσοτάκη να ανταποκριθεί άμεσα και έγκαιρα στο αίτημα που έχουν υποβάλει τα σωματεία εργαζομένων στη ΛΑΡΚΟ για συνάντηση μαζί του. «Αξιότιμε κ. Πρωθυπουργέ, Ο μοναδικός παραγωγός σιδηρονικελίου στην Ευρωπαϊκή Ένωση και ένας από τους πέντε μεγαλύτερους παγκοσμίως, η ΛΑΡΚΟ, ευρισκόμενη σε καθεστώς ειδικής διαχείρισης, υποχρεώθηκε σε παύση της λειτουργίας της με απόφαση του Υπουργού Εθνικής Οικονομίας και Οικονομικών παρά την νομοθετική πρόβλεψη συνέχισης της λειτουργίας έως τη μεταβίβαση σε ιδιώτη επενδυτή. Οι εργαζόμενοι της ΛΑΡΚΟ, των οποίων οι συμβάσεις εργασίας καταγγέλθηκαν και μετατράπηκαν σε συμβάσεις ορισμένου χρόνου στο πλαίσιο συνέχισης της λειτουργίας της βιομηχανίας και της δυνατότητας διαπραγμάτευσης για επαναπρόσληψη από τον ιδιώτη επενδυτή, βλέπουν τώρα τις όποιες ελπίδες τους να εξανεμίζονται αφού σε λίγες μέρες (12 Μαϊου) θα βρεθούν σε ειδικά προγράμματα της ΔΥΠΑ, οι μεγαλύτεροι μεταβατικά έως τη συνταξιόδοτηση και όσοι δεν βρίσκονται κοντά στη σύνταξη, μεταβατικά για 2 έτη προκειμένου να αναζητήσουν νέα εργασία. Η ιδιωτικοποίηση μιας τέτοιας βαριάς βιομηχανίας, με ιδιαίτερη στρατηγική σημασία για την ελληνική οικονομία, με όχημα την ειδική διαχείριση και με όρους παντελώς ασύμφορους για το Δημόσιο είναι η μία προβληματική πλευρά της υπόθεσης της ΛΑΡΚΟ. Η άλλη, εξίσου μείζονος σημασίας, προβληματική πλευρά αφορά τους εργαζόμενους, που βρίσκονται καιρό τώρα σε καθεστώς ομηρίας και βλέπουν τις λιγοστές ελπίδες τους να εξανεμίζονται αγωνιώντας για το μέλλον το δικό τους και των παιδιών τους. Τα παιδιά των εργαζομένων της ΛΑΡΚΟ, είτε μαθητές που βρίσκονται λίγο πριν τη λήξη της σχολικής χρονιάς, με κάποια από αυτά να προετοιμάζονται για τις πανελλαδικές εξετάσεις, είτε φοιτητές που προετοιμάζονται για τη θερινή εξεταστική περίοδο, ζουν τις μέρες αυτές των διακοπών του Πάσχα με την αγωνία της επόμενης μέρας που θα σημαίνει εγκατάλειψη της εστίας τους και του τόπου τους, οικονομικά προβλήματα ή ανεργία για τους γονείς τους, με αποκλειστική ευθύνη της κυβέρνησής σας και των επιλογών της. Κύριε Πρωθυπουργέ, Με τη σκέψη στις οικογένειες των εργαζομένων, σας καλώ να ανταποκριθείτε άμεσα και έγκαιρα στο αίτημα που έχουν υποβάλει τα σωματεία εργαζομένων στη ΛΑΡΚΟ για συνάντηση μαζί σας. Με τις ευχές μου για Καλό Πάσχα, Αλέξης ΧαρίτσηςΠρόεδρος Κ.Ο ΝΕΑΣ ΑΡΙΣΤΕΡΑΣ»",efsyn.gr,efsyn.gr,2024-05-02,Πολιτική
https://www.efsyn.gr/politiki/431515_i-aktinografia-tis-aristeras-tis-metapoliteysis,Η ακτινογραφία της Αριστεράς της Μεταπολίτευσης,"Η ακτινογραφία της Αριστεράς της Μεταπολίτευσης  Στην εξέγερση του Νοέμβρη του 1973 στις λίγες μέρες πάθους, έντασης και μεγάλης προσδοκίας που πνίγηκαν στην καταστολή και στο αίμα εμφανίστηκε σε μικρογραφία ο αστερισμός των δυνάμεων της Αριστεράς ο οποίος έναν χρόνο μετά, με την πτώση της δικτατορίας, μέσα από ένα ιδεολογικό και οργανωτικό big bang εξελίχθηκε στον πολύμορφο γαλαξία της Αριστεράς της Μεταπολίτευσης. Παρότι η εκλογική επιρροή των αριστερών κομμάτων και σχηματισμών, με διακηρυσσόμενο στόχο τον σοσιαλισμό και ιδεολογική αναφορά στον μαρξισμό/λενινισμό, τα πρώτα χρόνια της Μεταπολίτευσης δεν ήταν αυτή που περίμεναν οι πρωταγωνιστές του αντιδικτατορικού αγώνα που μόλις είχαν βγει από την παρανομία και είχαν γυρίσει από εξορίες και φυλακές, τα κόμματα της Αριστεράς έβαλαν τη σφραγίδα τους στην 50χρονη Τρίτη Ελληνική Δημοκρατία. Με τους αγώνες τους, με τις μικρές και μεγάλες νίκες τους, τις μικρές και μεγάλες ήττες τους, αλλά και τις μικρές και μεγάλες διασπάσεις και συγκρούσεις τους. Η Αριστερά, και ειδικά η κομμουνιστική ή κομμουνιστογενής, η οποία τίθεται στο επίκεντρο της έκδοσης που προσφέρει η «Εφ.Συν.» στους αναγνώστες με το φύλλο της 3/5, είχε βεβαίως ήδη το 1974 μια μακρά προϊστορία διασπάσεων και διαιρέσεων, με κορυφαία τη διάσπαση του ΚΚΕ το 1968 σε συνθήκες δικτατορίας και παρανομίας. Αυτές οι διαιρέσεις άλλοτε υπάγονταν σε αυτό που αποκαλείται «ναρκισσισμός των ελάχιστων διαφορών», προκαλώντας αμηχανία στους αριστερούς πολίτες που ζούσαν με την προσδοκία της αριστερής ενότητας. Αλλοτε αφορούσαν βαθύτατες πραγματικές διαφωνίες που προέκυπταν από τραγικές και τραυματικές εξελίξεις στο διεθνές κομμουνιστικό κίνημα και ιδιαίτερα στο υπαρκτό -μέχρι το 1989- μπλοκ σοσιαλιστικών χωρών, το οποίο όμως ήδη είχε πληγώσει βαθιά το όραμα μιας άλλης κοινωνίας και της ανθρώπινης χειραφέτησης. Παρά τις διαιρέσεις και τις διαψεύσεις της, η Αριστερά όλου του φάσματος κατάφερε να επηρεάσει καθοριστικά τις πολιτειακές και πολιτικές εξελίξεις της Μεταπολίτευσης. Από το Σύνταγμα του 1975, ένα από τα πιο προοδευτικά της εποχής, μέχρι τον συνδικαλιστικό νόμο τον οποίο ξηλώνει με ζήλο σήμερα η κυβέρνηση της Ν.Δ., και από το αυτοδιοίκητο των δημόσιων πανεπιστημίων μέχρι τον πολιτικό γάμο και τα γυναικεία δικαιώματα, είναι μερικά από τα δημοκρατικά κεκτημένα της Μεταπολίτευσης που φέρουν σαφέστατα αριστερό αποτύπωμα. Κι αυτό συνεχίζεται μέχρι σήμερα, έστω κι αν από την «επιθετική» διεκδικητικότητα της πρώτης μεταπολιτευτικής δεκαετίας η κατακερματισμένη Aριστερά σήμερα έχει περάσει στην «άμυνα» υπεράσπισης των δημοκρατικών κατακτήσεων που απειλούνται από τη νεοφιλελεύθερη απορρύθμιση. Στα πρωτότυπά κείμενα που φιλοξενεί η έκδοση αυτή της «Εφ.Συν.», με την πολύτιμη συνδρομή των Βασίλη Λιόση, Γιάννη Μαυρή και Δημήτρη Καλτσώνη, οι οποίοι έχουν τον συντονισμό αυτής και άλλων συλλογικών εκδόσεων στο πλαίσιο της σειράς «50 Χρόνια Μεταπολίτευση» της εφημερίδας μας, αποτυπώνεται αδρά η μεταπολιτευτική περιπέτεια της Αριστεράς και των επιμέρους κομμάτων τόσο με μερικές εκ των ένδον οπτικές, που παίρνουν μια διάσταση αυτοαξιολόγησης και αυτοκριτικής, όσο και με τις οπτικές της θεωρίας, της πολιτικής επιστήμης, της Ιστορίας. Ο βουλευτής του ΚΚΕ, Γιάννης Γκιόκας, αποτιμά τη διαδρομή του κόμματος στην 50χρονη Μεταπολίτευση συμπεραίνοντας ότι, παρά τις περιπέτειες αυτής της διαδρομής, η επικαιρότητα του σοσιαλισμού «φωνάζει από παντού». Ο Βασίλης Ασημακόπουλος σκιαγραφεί τις διαφορές ΠΑΣΟΚ και ΣΥΡΙΖΑ στην προσπάθεια ηγεμονίας στη λεγόμενη δημοκρατική παράταξη. Ο Αλέξανδρος Μπίστης γράφει για την «υπέροχη ευκαιρία» του ΣΥΡΙΖΑ και αναρωτιέται τι έμαθε από αυτήν η Αριστερά. Ο Γιάννης Μαυρής αναλύει τα ιδεολογικά και κοινωνικά χαρακτηριστικά της εκλογικής ανόδου και πτώσης του ΣΥΡΙΖΑ από το 2009 μέχρι σήμερα. Ο Βασίλης Λιόσης παρακολουθεί τους ιδεολογικούς μετασχηματισμούς του ΚΚΕ την τελευταία 50ετία μέσα από τα επίσημα κείμενά του. Ο Δημήτρης Μπελαντής κάνει μια αντίστοιχη αξιολόγηση της διαδρομής του ΚΚΕ Εσωτερικού και του ευρωκομμουνιστικού ρεύματος. Ο Θανάσης Σκαμνάκης μιλά για την προϊστορία της δεύτερης διάσπασης του ΚΚΕ, το 1989. Και οι Μανόλης Αρκολάκης και Χρίστος Μάης καταγράφουν τις συνιστώσες του λεγόμενου μαρξιστικού-λενινιστικού/μαοϊκού ρεύματος της Αριστεράς, που έδωσε κι αυτό το δικό του χρώμα στη μεγάλη περιπέτεια της Μεταπολίτευσης. Η έκδοση αυτή είναι η 4η της σειράς 19 προσφορών της «Εφ.Συν.» για τα 50χρονα της Μεταπολίτευσης με κάθε φύλλο Σαββατοκύριακου που θα κορυφωθούν μέχρι το τέλος Ιουλίου, αλλά θα συνεχιστούν και θα εμπλουτιστούν σε όλη τη διάρκεια της χρονιάς.",«Εφ.Συν.»,efsyn.gr,2024-05-02,Πολιτική
https://www.efsyn.gr/politiki/antipoliteysi/431606_se-kindyno-i-akadimaiki-eleytheria-se-ipa-kai-eyropi,Σε κίνδυνο η ακαδημαϊκή ελευθερία σε ΗΠΑ και Ευρώπη,"Σε κίνδυνο η ακαδημαϊκή ελευθερία σε ΗΠΑ και Ευρώπη  Αναλυτικά η ανακοίνωση τωνπανεπιστημιακών για όσα συμβαίνουν στις ΗΠΑ και για τα μέτρα καταστολής εναντίον φοιτητών: «Καμία ανοχή στην κουλτούρα υποταγής και στα ελληνικά πανεπιστήμια. Εμείς, Ελληνίδες και Έλληνες πανεπιστημιακοί που συμμετέχουμε στο ευρωψηφοδέλτιο της Ενωτικής Πρωτοβουλίας ΜέΡΑ25 Ανατρεπτική Οικολογική Αριστερά, καταδικάζουμε τα μέτρα καταστολής που έχουν λάβει οι διοικήσεις των πανεπιστημίων στις ΗΠΑ κατά των ειρηνικών και αντιπολεμικών διαδηλώσεων που πραγματοποιούν φοιτητές και διδάσκοντες στις πανεπιστημιουπόλεις. Παρατηρούμε, με λύπη και ανησυχία, ότι σε πολλά πανεπιστήμια τα αιτήματα των διαδηλωτών για κατάπαυση του πυρός στη Γάζα και αποεπένδυση των ιδρυμάτων τους από εταιρείες με δεσμούς με το Ισραήλ αντιμετωπίζονται με απαράδεκτη βία. Πολλές διοικήσεις έλαβαν την απαράδεκτη απόφαση να αφήσουν τις αστυνομικές δυνάμεις με πυροβόλα όπλα, κλομπ και δακρυγόνα να εισέλθουν στους χώρους των πανεπιστημίων, με αποτέλεσμα τη σύλληψη εκατοντάδων φοιτητών και τον ξυλοδαρμό και κράτηση πολλών μελών ΔΕΠ. Η απόφαση αυτή δεν είναι ανεξάρτητη από τις πιέσεις των μεγάλων φιλο-ισραηλινών χορηγών των πανεπιστημίων και δείχνει πόσο προβληματική είναι η υποταγή της παιδείας στα ιδιωτικά συμφέροντα. Στη χώρα μας βλέπουμε διοικήσεις πανεπιστημίων να παίρνουν μέτρα κατά των φοιτητών και των διοικητικών υπαλλήλων που με τους αγώνες τους προσπαθούν να διαφυλάξουν τη συνταγματική επιταγή για δημόσια και δωρεάν τριτοβάθμια εκπαίδευση με απολύσεις, αποκλεισμούς από τις εξετάσεις και ευτελισμό της εξεταστικής διαδικασίας. Πρόσφατα στην Πάτρα αποκλείστηκαν από την επόμενη εξεταστική περίοδο φοιτητές και φοιτήτριες που είχαν συμμετάσχει στις καταλήψεις ασκώντας το δημοκρατικό τους δικαίωμα και εφαρμόζοντας τις αποφάσεις των συλλόγων τους. Στο Ρέθυμνο η αστυνομία έκανε έφοδο σε σπίτι φοιτήτριας για να ανακαλύψει ποιος έγραψε συνθήματα υπέρ της Παλαιστίνης στους τοίχους της πόλης. Ανησυχούμε βαθύτατα βλέποντας ότι οι απαγορεύσεις της ελευθερίας της έκφρασης που επιβλήθηκαν από πολιτικά κέντρα σχετικά με τις δικαιολογημένες αντιδράσεις της διεθνούς κοινής γνώμης κατά των εγκλημάτων πολέμου που διαπράχθηκαν στη Γάζα έχουν επίσης επεκταθεί και απειλούν την ακαδημαϊκή ελευθερία. Καθηγητές και καθηγήτριες είδαν προγραμματισμένες διαλέξεις και σεμινάρια και καθαρά επιστημονικές προσκλήσεις να ακυρώνονται επειδή υπέγραψαν κείμενα για την Παλαιστίνη. Στο Βερολίνο ένα διεθνές συνέδριο για την αλληλεγγύη στην Παλαιστίνη που επρόκειτο να διεξαχθεί πριν από λίγες εβδομάδες, με ομιλητές από το εξωτερικό τερματίστηκε από την αστυνομία, ενώ δεν επιτράπηκε η είσοδος στη χώρα πανεπιστημιακών, όπως ο πρύτανης του πανεπιστημίου της Γλασκόβης Ghassan Abu-Sittah και ο καθηγητής του ΕΚΠΑ Γιάνης Βαρουφάκης. Όλα τα παραπάνω επιβεβαιώνουν τη διεθνή διάσταση αυτής της απειλής. Καταδικάζουμε τα εγκλήματα κατά της ανθρωπότητας που διαπράττει ο ισραηλινός στρατός στη Γάζα καθώς και τις πρακτικές κατοχής και απαρτχάιντ του ισραηλινού κράτους στην υπόλοιπη Παλαιστίνη, και στεκόμαστε αλληλέγγυοι στους φοιτήτριες/ές και τους καθηγήτριες/ές που, με κάθε μορφή μη βίαιης δράσης, εκφράζουν τη δημοκρατική τους βούληση και στέκονται απέναντι στις πανεπιστημιακές διοικήσεις που απειλούν να καταστείλουν το δικαίωμα στην ακαδημαϊκή ελευθερία. Με αυτές τις ανησυχίες, καλούμε τις πανεπιστημιακές διοικήσεις σε όλο τον κόσμο, πρώτα και κύρια στις ΗΠΑ, τη Γερμανία και τη Γαλλία, να αποσύρουν τις αστυνομικές δυνάμεις από τις πανεπιστημιουπόλεις και να σεβαστούν τις αρχές της θεσμικής αυτονομίας, της κοινής διακυβέρνησης και της διαφάνειας στις διαδικασίες λήψης ακαδημαϊκών αποφάσεων. Τους θυμίζουμε ότι πρέπει να αναλάβουν τη θεμελιώδη ευθύνη τους για την προστασία της ελευθερίας της έκφρασης στους χώρους των πανεπιστημίων. Στη χώρα μας οι χειραγωγούμενες διοικήσεις που απεργάζονται οι νέες ρυθμίσεις του νόμου Πιερρακάκη ήδη φανερώνουν την υποτέλειά τους απεμπολώντας τα καθήκοντά τους ως πανεπιστημιακοί να διαφυλάξουν την αυτονομία των ΑΕΙ, να μεριμνήσουν για το μέλλον του φοιτητικού σώματος και να περιφρουρήσουν την ακαδημαϊκή ελευθερία και ακεραιότητα. Δηλώνουμε ότι θα αντιπαλέψουμε ασυμφιλίωτα αυτήν κουλτούρα υποταγής στα πανεπιστήμια και στην κοινωνία. Βαρουφάκης Γιάνης – Καθηγητής Οικονομικής Θεωρίας, Τμήμα Οικονομικών Επιστημών,Εθνικό και Καποδιστριακό Πανεπιστήμιο Αθηνών (ΕΚΠΑ), γραμματέας ΜέΡΑ25, πρώην βουλευτής και υπουργός Θεοχαράκης Νίκος – Καθηγητής Πολιτικής Οικονομίας, Τμήμα Οικονομικών Επιστημών, ΕΚΠΑ Κατωπόδη Ειρήνη – πρώην Επιστημονικός Συνεργάτης, Τμήμα Πολιτικών Μηχανικών, Δημοκρίτειο Πανεπιστήμιο Θράκης Κέντρου Δέσποινα – Επίκουρη Καθηγήτρια Χρηματοοικονομικών, CanterburyChristChurch University Κορωναίου Αλεξάνδρα – Ομότιμη Καθηγήτρια Κοινωνιολογίας, Πάντειο Πανεπιστήμιο Λαπαβίτσας Κώστας - Καθηγητής Οικονομικών, SOAS, University of London, πρώην βουλευτής Μουλιανίτης Βασίλης - Καθηγητής, Τμήμα Μηχανολόγων Μηχανικών, Πανεπιστήμιο Πελοποννήσου Σεφεριάδης Σεραφείμ – Καθηγητής Πολιτικής Επιστήμης, Τμήμα Πολιτικής Επιστήμης και Ιστορίας, Πάντειο Πανεπιστήμιο Τζανετουλάκου Φαίη – Δρ. Ιστορίας της Τέχνης, Διδάσκουσα Πανεπιστήμιο Δυτικής Αττικής, Μεταδιδακτορική Ερευνήτρια ΠΘ Τύμπας Τέλης – Καθηγητής Ιστορίας της Τεχνολογίας, Τμήμα Ιστορίας και Φιλοσοφίας της Επιστήμης, ΕΚΠΑ»",na,efsyn.gr,2024-05-02,Πολιτική
https://www.efsyn.gr/politiki/kybernisi/431506_frontistirio-se-boyleytes-en-opsei-eyrokalpis,Φροντιστήριο σε βουλευτές εν όψει ευρωκάλπης,"Φροντιστήριο σε βουλευτές εν όψει ευρωκάλπης  Με την έλλειψη κινήτρου στελεχών της Ν.Δ. να ριχτούν με έντονο τρόπο στη μάχη των ευρωεκλογών και με την αδιαφορία και την ατονία που παρατηρείται σε αρκετούς στο «γαλάζιο» στρατόπεδο, οι οποίοι αισθάνονται ότι δεν υπάρχει ουσιαστικό διακύβευμα, αναμετριέται ο Κυριάκος Μητσοτάκης. Ο πρωθυπουργός γνωρίζει ότι οι βουλευτές της Ν.Δ. δεν κυνηγούν τον σταυρό -αφού δεν πρόκειται για βουλευτικές εκλογές- και ως εκ τούτου η όποια προεκλογική δραστηριοποίησή τους δεν εμπεριέχει το στοιχείο της έντασης της διεκδίκησης της προσωπικής τους εκλογής, ενώ και στο επίπεδο των υποψήφιων ευρωβουλευτών που τρέχουν για τον σταυρό, υπάρχουν κάποιοι που βλέπουν στις δημοσκοπήσεις ποιοι προηγούνται και αντιλαμβάνονται ότι οι ίδιοι κατά πάσα πιθανότητα δεν θα εκλεγούν, με αποτέλεσμα να μειώνεται το ενδιαφέρον τους για τη μάχη της 9ης Ιουνίου και επομένως και η προεκλογική τους δραστηριοποίηση. Εξ ου και ο Κυριάκος Μητσοτάκης τις προηγούμενες μέρες χώρισε σε γκρουπ των περίπου 20 ατόμων τους βουλευτές του και τους συνάντησε ανά εκλογική περιφέρεια, σε μια προσπάθεια να τους «ζυμώσει», προκειμένου να δραστηριοποιηθούν εντονότερα στο πλαίσιο της προεκλογικής εκστρατείας του κόμματος, τώρα που ετοιμάζονται να μεταβούν στις εκλογικές τους περιφέρειες για το Πάσχα. Σε αυτό το πλαίσιο, το τελευταίο γκρουπ ήταν οι βουλευτές Αττικής, τους οποίους συνάντησε προχθές και, σύμφωνα με τις πληροφορίες μας, τους είπε πως παρότι δεν τρέχουν για τον σταυρό, να τρέξουν για το κόμμα και να μιλήσουν σε κόσμο στις εκλογικές τους περιφέρειες. Κατά τις ίδιες πληροφορίες, από βουλευτές του τέθηκε το ζήτημα της ακρίβειας που «καίει» τους πολίτες και φθείρει διαρκώς την κυβέρνηση, με τον πρωθυπουργό να τους λέει να αναγνωρίζουν ότι το πρόβλημα δεν έχει αντιμετωπιστεί από την κυβέρνηση, αλλά να δείχνουν ότι επιχειρεί να το αντιμετωπίσει. Τους επανέλαβε ακόμα τον πήχη που έχει επισήμως θέσει για το ποσοστό του κόμματός του στη μάχη της 9ης Ιουνίου, λέγοντας ξανά πως μέτρο σύγκρισης για τη Ν.Δ. είναι το 33% που πήρε στις προηγούμενες ευρωεκλογές του 2019 και όχι το 41% που πήρε στις εθνικές εκλογές του 2023, με το επιχείρημα ότι και στις εθνικές εκλογές του 2019 πήρε μεγαλύτερα ποσοστά από τις ευρωεκλογές του ίδιου έτους που προηγήθηκαν. Τέλος, ο Κυρ. Μητσοτάκης τούς είπε ότι σε επίπεδο προεκλογικής δραστηριότητας οι δύο εβδομάδες πριν και μετά το Πάσχα είναι νεκρές και πως ο στόχος είναι η Ν.Δ. να βγει δυνατά στην προεκλογική της εκστρατεία στις τέσσερις τελευταίες εβδομάδες πριν από τη διεξαγωγή των ευρωεκλογών. Ο πρωθυπουργός θα περάσει το Πάσχα στην Τήνο και αμέσως μετά αναμένεται να κλιμακώσει την προεκλογική του δραστηριότητα. Στο μεταξύ χθες συνεδρίασε, υπό τον πρωθυπουργό, το ΚΥΣΕΑ, όπου υπήρξε ενημέρωση από τους αρμόδιους υπουργούς σχετικά με τις τελευταίες εξελίξεις στη Μέση Ανατολή, τον πόλεμο στην Ουκρανία, τα ελληνοτουρκικά, το προσφυγικό και την προετοιμασία για την αντιπυρική προστασία. Οσον αφορά τα ελληνοτουρκικά υπενθυμίζεται ότι ο Κυρ. Μητσοτάκης μεταβαίνει στις 13 Μαΐου στην Αγκυρα, όπου θα έχει συνάντηση με τον Ταγίπ Ερντογάν και στην οποία αναμένεται να μετάσχουν ο υπουργός Εξωτερικών Γιώργος Γεραπετρίτης και η διπλωματική σύμβουλος του πρωθυπουργού Αννα-Μαρία Μπούρα, καθώς και οι Τούρκοι ομόλογοί τους. Στόχοι της ελληνικής κυβέρνησης για τη συνάντηση αυτή, σύμφωνα με τις πληροφορίες, είναι η αποτίμηση των υφιστάμενων συμφωνιών που έχουν ήδη υπογραφεί από τις δύο πλευρές, η επιβεβαίωση του καλού κλίματος μεταξύ των δύο πλευρών, συμφωνίες χαμηλού βεληνεκούς για συνεργασία σε τομείς όπως η Πολιτική Προστασία και η αντιμετώπιση των φυσικών καταστροφών, καθώς επίσης το χρονοδιάγραμμα των επόμενων κινήσεων.",na,efsyn.gr,2024-05-02,Πολιτική
https://www.efsyn.gr/politiki/boyli/431526_oli-i-protasi-nomoy-toy-syriza-gia-tin-akribeia-kai-tin-kerdoskopia,Όλη η πρόταση νόμου του ΣΥΡΙΖΑ για την ακρίβεια και την κερδοσκοπία,"Όλη η πρόταση νόμου του ΣΥΡΙΖΑ για την ακρίβεια και την κερδοσκοπία  Λίγες μέρες πριν την μάχη των ευρωεκλογών, κατάτο δεύτερο δεκαπενθήμερο του Απριλίου, θα διεξαχθεί η προ ημερησίας διάταξης συζήτηση για την οικονομία, έπειτα από αίτημα της αξιωματικής αντιπολίτευσης που έκανε δεκτό ο πρωθυπουργός. Ο Κυριάκος Μητσοτάκης κάλεσε προ ημερών τα κόμματα εν όψει της επικείμενης συζήτησης σε ήπιο και ουσιαστικό διάλογο για τα μείζονα εγχώρια και ευρωπαϊκά θέματα. Ο ΣΥΡΙΖΑ-Προοδευτική Συμμαχία έδωσε σήμερα στη δημοσιότητα την πρόταση, την οποία κατέθεσε χθες στο κοινοβούλιο για συγκράτηση των τιμών και πάταξη της κερδοσκοπίας, την οποία αφήνει ουσιαστικά ανενόχλητη η κυβέρνηση. Όπως σημειώνει, στην πρόταση συμπεριλαμβάνει ένα πλαίσιο μέτρων, το οποίο θα επιδράσει κατασταλτικά στους μηχανισμούς παραγωγής ακρίβειας και κερδοσκοπίας, οι οποίοι αποτελούν μείζον κοινωνικό, οικονομικό και αναπτυξιακό πρόβλημα τα τελευταία χρόνια στην Ελλάδα. Με την πρόταση νόμου, ο ΣΥΡΙΖΑ-ΠΣ καταθέτει ένα ολιστικό σχέδιο αντιμετώπισης της ακρίβειας και καταστολής των μηχανισμών αισχροκέρδειας που δημιουργούν και ανατροφοδοτούν το φαινόμενο, με στόχο την εξασφάλιση της αξιοπρεπούς διαβίωσης του συνόλου των πολιτών και την θωράκιση της αξίας του ατομικού και οικογενειακού εισοδήματος από οποιαδήποτε πηγή. Τα μέτρα χωρίζονται σε βραχείας, μέσης, και μακράς διάρκειας εφαρμογής, έως ότου διασφαλιστεί το αναγκαίο αποτέλεσμα και επικρατήσει μια νέα κανονικότητα, στοιχισμένη με το ευρωπαϊκό κεκτημένο. Πρόκειται για μία κοστολογημένη, σαφή και άμεσα εφαρμόσιμη πρόταση η οποία περιλαμβάνει όλα τα μέτρα, τα οποία έχει καταθέσει ο Πρόεδρος του κόμματος, Στέφανος Κασσελάκης στον δημόσιο διάλογο. Η νέα εποχή του ΣΥΡΙΖΑ-ΠΣ σηματοδοτεί και μια νέα εποχή για την κοινωνική και οικονομική ζωή της Ελλάδας. Ήρθε η ώρα ο κ. Μητσοτάκης να αποδείξει αν είναι με την κοινωνία ή με τους κερδοσκόπους. Άρθρο 1 Θέσπιση ανώτατου περιθωρίου μεικτού κέρδους σε τρόφιμα, βιομηχανικά αγαθά και αγροεφόδια Θέσπιση ανώτατου περιθώριου μεικτού κέρδους σε όλο το μήκος της εφοδιαστικής αλυσίδας στα προϊόντα που εισάγονται ή παράγονται στην Ελλάδα και τα οποία είναι, είτε νωπά/τυποποιημένα τρόφιμα, είτε βιομηχανικά αγαθά (καταναλωτικά και διαρκή). Το μέτρο έχει μόνιμο χαρακτήρα. ΑΡΘΡΟ 2 Επιβολή ανώτατου περιθωρίου κέρδους και επέκταση Προσωρινής Συνεισφοράς Αλληλεγγύης στα διύλιση πετρελαίου για το έτος 2023 1.- Θέσπιση ανώτατου περιθώριού μεικτού κέρδους στην διύλιση πετρελαίου και την παραγωγή προϊόντων διύλισης αυτού στο ύψος του μέσου όρου των αντίστοιχων αποδεδειγμένων περιθωρίων κέρδους της Ε.Ε. 2.-Επέκταση Προσωρινής Συνεισφοράς Αλληλεγγύης για το έτος 2023 Θέσπιση έκτακτης εισφοράς για τα πλεονάζοντα κέρδη των διυλιστηρίων το 2023 ύψους 90%. ΑΡΘΡΟ 3 Μηχανισμός παρακολούθησης και αποτροπής υπερκερδών στις αγορές ηλεκτρικής ενέργειας Θέσπιση μηχανισμού με τον οποίο εξασφαλίζεται ότι το περιθώριο κέρδους των παρόχων ενέργειας δεν θα υπερβαίνει το 5%. ΑΡΘΡΟ 4 Επιβολή Έκτακτης Εισφοράς στα πλεονάζοντα κέρδη των Τραπεζών Θέσπιση έκτακτης εισφοράς ύψους 90% για τα υπερκέρδη των τραπεζών το 2023 τα οποία προκύπτουν από τη διαφορά μεταξύ των επιτοκίων καταθέσεων και χορηγήσεων των ελληνικών τραπεζών σε σχέση με τον μέσο όρο των τραπεζών της ΕΕ. ΑΡΘΡΟ 5 ΜΕΤΡΑ ΜΕΙΩΣΗΣ/ΚΑΤΑΡΓΗΣΗΣ ΦΟΡΟΛΟΓΙΚΩΝ ΕΠΙΒΑΡΥΝΣΕΩΝ 1.- Μείωση του Ειδικού Φόρου Κατανάλωσης στα καύσιμα στο χαμηλότερο επιτρεπόμενο συντελεστή Ευρωπαϊκής Ένωσης 2. Μηδενισμός ΦΠΑ σε συγκεκριμένα προϊόντα (Κρέατα Γάλα και προϊόντα γαλακτοκομίας. Αυγά. Μέλι φυσικό, Λαχανικά, φυτά, ρίζες και κόνδυλοι, βρώσιμα, Δημητριακά, Προϊόντα αλευροποιίας. Άμυλα κάθε είδους, Ελαιόλαδο και τα κλάσματά του, έστω και εξευγενισμένα, αλλά όχι χημικώς μετασχηματισμένα. Άλλα λάδια και τα κλάσματά τους, που παίρνονται αποκλειστικά από ελιές, έστω και εξευγενισμένα, αλλά όχι χημικώς μετασχηματισμένα και μείγματα από αυτά τα λάδια. Σογιέλαιο, αραχιδέλαιο, λάδι ηλιοτρόπιου (ηλιανθέλαιο), λάδι βαμβακιού (βαμβακέλαιο), καλαμποκέλαιο, σησαμέλαιο. Είδη για τη βρεφική ασφάλεια και προστασία, ήτοι απορροφητικές πάνες για βρέφη, από κάθε ύλη. Παρασκευάσματα για τη διατροφή των παιδιών, συσκευασμένα για τη λιανική πώληση. 3.- Θέσπιση σε μόνιμη βάση της μείωσης του ΦΠΑ στον μέσο όρο της Ευρωπαϊκής Ένωσης Μείωση συντελεστή ΦΠΑ Θεσπίζεται σε μόνιμη βάση και με την ολοκλήρωση του μέτρου της παραπάνω παραγράφου, η μείωση του ΦΠΑ στο μέσο όρο της Ευρωπαϊκής Ένωσης, ήτοι στο 21% για το σύνολο των αγαθών εκτός από εκείνα για τα οποία θεσπίζεται η υπαγωγή τους στον μειωμένο και υπερμειωμένο συντελεστή 11% και 5% αντίστοιχα. 4. - Θεσπίζεται η μείωση του ΦΠΑ σε 6% για την ύδρευση και η απαλλαγή από τον ΦΠΑ για τις υπηρεσίες αποχέτευσης (όπως ίσχυε μέχρι το 2011). ΑΡΘΡΟ 6 ΧΟΡΗΓΗΣΗ ΕΙΔΙΚΗΣ ΚΑΡΤΑΣ «ΑΓΡΟΚΙΝΗΣΗ» στους αγρότες Χορήγηση ειδικής κάρτας ""ΑΓΡΟΚΙΝΗΣΗΣ"" για την οικονομική ενίσχυση αγροτών η οποία είναι ισόποση της επιστροφής Ειδικού Φόρου Κατανάλωσης diesel κίνησης, προσαυξημένη κατά 18%, ήτοι κατά το ποσό που αντιστοιχεί στη διαφορά μεταξύ 24% και 6% και συνεπώς αντιστοιχεί με την καθιέρωση υπερμειωμένου συντελεστή ΦΠΑ. Τα χρηματικά ποσά πλέον θα προκαταβάλλονται (όχι επιστροφή) με πίστωση στην κάρτα. ΑΡΘΡΟ 7 ΜΕΙΩΣΗ ΚΟΣΤΟΥΣ ΑΓΡΟΤΙΚΟΥ ΡΕΥΜΑΤΟΣ Θέσπιση ειδικής έκπτωσης στη διάθεση προϊόντων ηλεκτρικής ενέργειας για τους δικαιούχους αγρότες και κτηνοτρόφους, ορίζεται στο 50% της εκάστοτε τελικής βασικής τιμής προμήθειας ηλεκτρικής ενέργειας ΑΡΘΡΟ 8 ΜΕΙΩΣΗ ΚΟΣΤΟΥΣ ΦΥΤΙΚΗΣ ΚΑΙ ΚΤΗΝΟΤΡΟΦΙΚΗΣ ΠΑΡΑΓΩΓΗΣ Απαγορεύεται η εμπορική διάθεση σε επαγγελματίες αγρότες, κτηνοτρόφους και συνεταιριστικές ομάδες και συνεταιρισμούς αυτών λιπασμάτων και ζωοτροφών, για την παραγωγή ωμών δημητριακών παντός είδους, αλεύρων, ηλίανθου φυτικών ελαίων, όταν το περιθώριο μικτού κέρδους ανά μονάδα υπερβαίνει το αντίστοιχο περιθώριο μικτού κέρδους ανά μονάδα προ της 31ης Δεκεμβρίου 2021. ΑΡΘΡΟ 9 Σύσταση Μηχανισμού Ελέγχου Αγοράς Αγροτικών Προϊόντων Συνιστάται αυτοτελής Μονάδα Μηχανισμού Ελέγχου Τιμών Αγροτικών Προϊόντων του Υπουργείου Αγροτικής Ανάπτυξης & Τροφίμων, υπαγόμενη στην Γενική Διεύθυνση Τροφίμων ΑΡΘΡΟ 10 Διοικητικά μέτρα κατά των επιχειρήσεων παραγωγής και εμπορίας τροφίμων, βιομηχανικών αγαθών και αγροεφοδίων που παραβαίνουν τις διατάξεις του άρθρου 1 1.- Ισχυροποίηση του μηχανισμού επιβολής προστίμων αισχροκέρδειας και δημιουργίας ηλεκτρονικού μητρώου παραβατών προς αποκλεισμό από δημόσιους διαγωνισμούς Συστήνεται Ηλεκτρονικό Μητρώο Παραβατών υπ' ευθύνη της Διυπηρεσιακής Μονάδας Ελέγχου της Αγοράς (ΔΙ.Μ.Ε.Α) του Υπουργείου Ανάπτυξης. Η Διυπηρεσιακή Μονάδα Ελέγχου της Αγοράς και η Επιτροπή Ανταγωνισμού ενημερώνουν χωρίς καθυστέρηση το Ηλεκτρονικό Μητρώο Παραβατών για την τελεσίδικη επιβολή προστίμου για παράβαση των διατάξεων της παρ. 1 του παρόντος. 2.-Τρόπος υπολογισμού των προστίμων, τροποποίηση του άρθρου 54 παρ.5 του ν.5045/2023 Σε όποιον παραβιάζει την παρ. 1 του άρθρου 54 του Ν. 5045/2023 επιβάλλεται πρόστιμο που πρέπει να είναι αποτελεσματικό, αναλογικό και αποτρεπτικό, μπορεί δε να φθάνει μέχρι ποσοστού δέκα τοις εκατό (10%) του συνολικού κύκλου εργασιών της επιχείρησης εντός της χώρας κατά την προηγούμενη της έκδοσης της απόφασης χρήση. ΑΡΘΡΟ 11 Μείωση κόστους κάρτας απεριορίστων μεταφορών σε μέσα μαζικής μεταφοράς",efsyn.gr ,efsyn.gr,2024-05-02,Πολιτική
https://www.efsyn.gr/politiki/kybernisi/431540_karystianoy-gia-mitsotaki-einai-dynaton-na-mila-gia-theories-synomosias,Καρυστιανού για Μητσοτάκη: Είναι δυνατόν να μιλά για θεωρίες συνομωσίας;,"Καρυστιανού για Μητσοτάκη: Είναι δυνατόν να μιλά για θεωρίες συνομωσίας;  Στην απόπειρα συγκάλυψης του εγκλήματος των Τεμπών αλλά και στις προκλητικές δηλώσεις του πρωθυπουργού κατά τη συνέντευξή του στον ΣΚΑΪ επανήλθε η πρόεδρος του συλλόγου συγγενών των θυμάτων, Μαρία Καρυστιανού. Μιλώντας σε θεσσαλικό ραδιοσταθμό διερωτώμενη ρητορικά «είναι δυνατόν, τόσους μήνες μετά, με όλα αυτά που βγαίνουν στο φως να τολμάς να μιλάμε για ”θεωρίες συνομωσίας”; Τελικά όποτε ακούμε ”θεωρία συνομωσίας” από τον ίδιο και την παράταξή του θα καταλαβαίνουμε ότι μιλάμε για την πλήρη πραγματικότητα που ΔΕΝ θέλουν ούτε να την ακουμπήσουμε, ούτε να την σχολιάσουμε, ούτε να την αναλύσουμε». «Κάθε φορά λέω ότι πρέπει να παίρνω ένα ηρεμιστικό πριν ακούσω τον κ. Μητσοτάκη να μιλάει για τα Τέμπη. Το ξεχνάω όμως δυστυχώς και κάθε φορά έχω τις ίδιες παρενέργειες. Δεν άλλαξε κάτι στην εικόνα που έχω σχηματίσει εγώ για τον συγκεκριμένο άνθρωπο», πρόσθεσε χαρακτηριστικά. Επίσης, σημείωσε πως ο πρωθυπουργός είπε, για ακόμα μία φορά, αλαζονικά «πως αν γύριζε ο χρόνος πίσω, δεν έχει μετανιώσει που δεν συμμετείχε σε κάτι ώστε να αποτραπεί αυτό το τραγικό συμβάν στην Ελλάδα, δεν θα άλλαζε κάτι στις δράσεις που έγιναν επί του πεδίου, γιατί όπως καταλαβαίνετε τα στοιχεία που έπρεπε να συγκαλυφτούν, δεν θα άλλαζε κάτι, όλα τα ίδια που έκανε, ίσως λίγο πιο προσεκτικά, αλλά θα φρόντιζε να βουλώσει το στόμα μας πολύ πιο νωρίς».Η κ. Καρυστιανού ανέφερε πως δεν άντεξε να δει όλη τη συνέντευξη του πρωθυπουργού: «Καταρχήν εκνευρίστηκα από το γεγονός ότι για ακόμη μια φορά η συνέντευξη έγινε σε πολύ ασφαλές περιβάλλον, με δημοσιογράφο ένα συγγενικό του πρόσωπο, αυτό είναι τραγικό, γελοίο, αρνούμαι να συμμετέχω σε αυτό, έστω και ως θεατής».",efsyn.gr ,efsyn.gr,2024-05-02,Πολιτική
https://www.efsyn.gr/politiki/antipoliteysi/431496_foros-timis-stoys-agonistes,Φόρος τιμής στους αγωνιστές,"Φόρος τιμής στους αγωνιστές  Ο κ. Κασσελάκης ξεναγήθηκε στον χώρο, εκεί που είναι γραμμένα τα ονόματα των 200 αγωνιστών, και μεταξύ άλλων είχε την ευκαιρία να συνομιλήσει με κόσμο που βρέθηκε επίσης στο ίδιο σημείο. Χαρακτηριστική ήταν η ατάκα του σε μια γυναίκα που του είπε «είσαι η ελπίδα μας» και στην οποία απάντησε ως εξής: «Μη λέτε ότι είμαι η ελπίδα σας. Δεν θέλω να γίνω μακάβριος, αλλά ένα άτομο δεν πρέπει ποτέ να είναι η ελπίδα. Κάτι μπορεί να μου συμβεί, εντάξει; Το κίνημα συνεχίζεται». Τον κ. Κασσελάκη υποδέχτηκε στο Σκοπευτήριο η υποψήφια ευρωβουλεύτρια του ΣΥΡΙΖΑ και μορφή του αντιδικτατορικού αγώνα, Μέλπω Λεκατσά, προσφέροντάς του ένα κόκκινο γαρίφαλο. «Εμείς είμαστε τα ανθρωπάκια που σκοτώσαμε τα παιδιά στα Τέμπη, αλλά θα πάρουν την απάντηση που τους αξίζει στις ευρωεκλογές» σχολίασε ο κ. Κασσελάκης αγκαλιάζοντας την κ. Λεκατσά. Σε ανάρτησή του στα μέσα κοινωνικής δικτύωσης ο κ. Κασσελάκης σημείωσε τα εξής: «Ενας μικρός φόρος τιμής στους ανθρώπους που πότισαν με το αίμα τους το χώμα της ελευθερίας. Σε αυτούς που με χαμόγελο μετρήθηκαν με την Ιστορία και αναμετρήθηκαν με το τέρας του φασισμού. Με χαμόγελο, γιατί είχαν πίστη στο δίκιο τους. Γιατί την ώρα της δικής τους θυσίας κέρδιζαν τη μάχη για ελπίδα, ελευθερία, δημοκρατία για τις επόμενες γενιές». Όπως είναι γνωστό ο πρόεδρος του ΣΥΡΙΖΑ θα περάσει τις μέρες του Πάσχα στην Κέρκυρα. Για το νησί του Ιονίου θα αναχωρήσει σήμερα το απόγευμα, ενώ νωρίτερα θα κάνει μια μικρή περιοδεία στη Βαρβάκειο αγορά, εκεί που οι Αθηναίοι στην πλειονότητά τους θα πραγματοποιήσουν τις αγορές του πασχαλινού τραπεζιού. Αξίζει να σημειωθεί ότι στην Κέρκυρα ο ντόπιος μητροπολίτης ανήκει στους πιο ένθερμους πολέμιους του γάμου των ομόφυλων ζευγαριών και με δεδομένο ότι ο κ. Κασσελάκης θα βρεθεί στο νησί και όπως έχει δηλώσει προτίθεται να επισκεφτεί την εκκλησία, όλοι ελπίζουν ότι δεν θα δημιουργηθεί κάποιο επεισόδιο. Σε συνέντευξή του πριν από λίγο καιρό ο πρόεδρος του ΣΥΡΙΖΑ-Π.Σ. είχε δηλώσει με έμφαση: «Θα μπω στην εκκλησία και ας με βγάλει εκείνος έξω». Για το θέμα ρωτήθηκε και πάλι το πρωί της Τρίτης στην εκπομπή Super Κατερίνα όπου ήταν προσκεκλημένος. Σε ερώτηση για το εάν θα συναντήσει τον μητροπολίτη, απάντησε «εάν είναι εκεί, προφανώς ναι», επαναλαμβάνοντας πως «θα πρέπει να με διώξει ο ίδιος» σε περίπτωση αντιδράσεων για την προσέλευσή του στην εκκλησία.",na,efsyn.gr,2024-05-02,Πολιτική
https://www.efsyn.gr/politiki/antipoliteysi/431522_sholio-toy-st-kasselaki-gia-tin-apofasi-sti-diki-gia-mati,Σχόλιο του Στ. Κασσελάκη για την απόφαση στη δίκη για το Μάτι UPD,"Σχόλιο του Στ. Κασσελάκη για την απόφαση στη δίκη για το Μάτι UPD  Η ανάρτηση έχει ως εξής: «Η σκέψη μου αυτές τις μέρες είναι με τις οικογένειες των ανθρώπων στο Μάτι, που περίμεναν δικαίωση έξι ολόκληρα χρόνια, και είδαν τους υπεύθυνους να πληρώνουν και να φεύγουν σαν ""κύριοι"".Θέλετε να μάθετε την αλήθεια για τις απαράδεκτα χαμηλές ποινές στη δίκη για το Μάτι; Ας δούμε μαζί πρώτα το κατ' επάγγελμα ψέμα του κ. Μητσοτάκη.Ας δούμε μαζί και την αλήθεια, από τον ποινικολόγο κ. Καπερνάρο, ο οποίος εξηγεί πώς τα κακουργήματα βαφτίστηκαν πλημμελήματα για να φτάσουμε σε αυτές τις ποινές.Σας διαβάζω κι ένα απόσπασμα από την ανάρτηση του δικηγόρου παρ' Αρείω Πάγω, κ. Σωτηρόπουλου: Το ίδιο άρθρο 302, όπως ίσχυε με τον Π.Κ. του 1950, ίσχυε το 2018, το 2019, το ίδιο κι απαράλλαχτο ισχύει και σήμερα. Με αυτό το άρθρο λοιπόν έπεσαν στα μαλακά οι κατηγορούμενοι για την τραγωδία στο Μάτι, τους οποίους ο κ. Μητσοτάκης αναβάθμισε μόλις έγινε Πρωθυπουργός. Δείτε τώρα ποιος επιτρέπει σε καταδικασμένους να εξαγοράζουν τις ποινές τους και να είναι ελεύθεροι.Εξηγεί ο Πρόεδρος του Δικηγορικού Συλλόγου Αθηνών, κ. Βερβεσός, πώς η ΝΔ άλλαξε τον Ποινικό Κώδικα ώστε οι ένοχοι να πληρώνουν και να φεύγουν. Αυτή η δικαιοσύνη της ατιμωρησίας πρέπει να αλλάξει. Και σας υπόσχομαι ότι θ' αλλάξει». Απάντηση στον πρόεδρο του ΣΥΡΙΖΑ-Π.Σ. δίνει με δική του ανακοίνωση ο κυβερνητικός εκπρόσωπος, Π. Μαρινάκης ""O κ. Kασσελάκης ψεύδεται συνειδητά και κατ' επανάληψη"" τόνισε σε ανακοίνωση του ο κυβερνητικός εκπρόσωπος Παύλος Μαρινάκης, αναφερόμενος στις δηλώσεις του αρχηγού της αξιωματικής αντιπολίτευσης σχετικά με τις διατάξεις του ποινικού κώδικα. Ο κ.Μαρινάκης κάλεσε τον κ.Κασσελάκη ""να μειώσει τον χρόνο που δαπανά για να γυρίζει βίντεο που διασπείρουν ψέματα και να αρχίσει να διαβάζει κείμενα και διατάξεις, ξεκινώντας από το νομικό τερατούργημα που ψήφισε το κόμμα του το 2019, λίγο πριν φύγει από την εξουσία"". Σύμφωνα με τον κυβερνητικός εκπρόσωπο ο ποινικός κώδικας του 2019, ""μεταξύ άλλων, μείωνε τις ποινές σε εγκλήματα όπως ο βιασμός ανηλίκων, έδινε τη δυνατότητα στο δικαστήριο να επιβάλει για μια ανθρωποκτονία, εκτός από τα ισόβια, ποινή κάθειρξης μέχρι 15 χρόνια και οδήγησε σε μαζικές αποφυλακίσεις βαρυποινιτών. Για τον συγκεκριμένο ποινικό κώδικα, άλλωστε, τα έχει πει όλα ο πρώην υπουργός Δικαιοσύνης του ΣΥΡΙΖΑ Σταύρος Κοντονής"". Και προσέθεσε: ""Αντί λοιπόν να σκύψουν το κεφάλι και να ζητήσουν συγγνώμη για όσα ψήφισαν πριν φύγουν απ' την εξουσία, έρχονται να εργαλειοποιήσουν άλλη μια τραγική υπόθεση"". Ο κυβερνητικός εκπρόσωπος αναφέρθηκε στις δικαστικές εξελίξεις για την πυρκαγιά στο ""Μάτι"", αλλά και στις αλλαγές που προβλέπονται στον ποινικό κώδικα που ψήφισε η κυβέρνηση ΝΔ, σε σύγκριση με αυτόν του 2019, και σημείωσε: ""Απευθυνόμενοι στους πολίτες και όχι στους κατ' επάγγελμα διακινητές ψέματων, έχοντας ως απόλυτο καθήκον να μην αφήνουμε το παραμικρό περιθώριο σε προσπάθειες παραπλάνησης, επαναλαμβάνουμε τα ακόλουθα: Ο νόμος 5090/2024 δεν ήταν δυνατόν να ληφθεί υπόψιν από τους δικαστές στην απόφαση για το ""Μάτι"" γιατί η εφαρμογή του ξεκίνησε χθες, 1η Μαΐου 2024. Επί λέξει στο Κεφάλαιο Η, άρθρο 138, παρ. 1 του Ν. 5090/2024 αναφέρεται πως: «Με την επιφύλαξη των παρ. 2 και 3 η ισχύς του παρόντος αρχίζει από την 1η.5.2024». Με τον ποινικό κώδικα του ΣΥΡΙΖΑ, επί συρροής ανθρωποκτονιών από αμέλεια μπορούσε να επιβληθεί ως ανώτατο όριο συνολικής ποινής τα 5 έτη. Με το Ν. 4855/2021 το μέγιστο όριο συνολικής ποινής αυξήθηκε στα 8 έτη και με το Ν. 5090/2024 έγινε 10 έτη. Ο εμπρησμός δάσους από αμέλεια που επιφέρει θάνατο ή οικολογική καταστροφή, χαρακτηρίζεται από τον ποινικό κώδικα του ΣΥΡΙΖΑ ως ελαφρύ πλημμέλημα, με ελάχιστη ποινή μόλις τις 10 ημέρες με αναστολή της ποινής. Με τον ποινικό κώδικα που νομοθέτησε η Κυβέρνηση της Νέας Δημοκρατίας το ως άνω αδίκημα είναι σοβαρό κακούργημα, με ελάχιστη ποινή τα 10 έτη κάθειρξης και μέγιστη τα 20 έτη κάθειρξης, χρηματική ποινή μέχρι 200.000 ευρώ και δήμευση περιουσίας του δράστη. Ο εμπρησμός δάσους από πρόθεση με πρόκληση θανάτου, με τον ποινικό κώδικα του ΣΥΡΙΖΑ τιμωρείτο με ποινή κάθειρξης έως 15 έτη η οποία στην πράξη ήταν πολύ μικρότερη. Με τον ποινικό κώδικα που νομοθέτησε η κυβέρνηση της ΝΔ μοναδική ποινή είναι η ισόβια κάθειρξη και με δυνητική αποφυλάκιση μετά από ουσιαστική κρίση του Δικαστικού Συμβουλίου στα 18 έτη. Και επειδή θυμήθηκαν την αναστολή και την μετατροπή των ποινών, να τονίσουμε πως με τον ποινικό κώδικα του ΣΥΡΙΖΑ οι ποινές επί πλημμελημάτων είχαν «συμβολικό χαρακτήρα», καθώς κατά κανόνα αναστέλλονταν. Αντιθέτως, με τον ποινικό κώδικα που νομοθέτησε η Κυβέρνηση της ΝΔ, οι πλημμεληματικές ποινές δεν είναι «εικονικές» αλλά πραγματικές γιατί έπαψε να ισχύει η κατά κανόνα αναστολή τους"".",efsyn. gr,efsyn.gr,2024-05-02,Πολιτική
https://www.efsyn.gr/politiki/431508_den-katebainei-stis-eyroekloges-i-anametrisi,Δεν κατεβαίνει στις ευρωεκλογές η Αναμέτρηση,"Δεν κατεβαίνει στις ευρωεκλογές η Αναμέτρηση  Η νέα οργάνωση της εξωκοινοβουλευτικής αντικαπιταλιστικής Αριστεράς «Αναμέτρηση - οργάνωση για μια νέα κομμουνιστική αριστερά» μετράει ήδη δύο χρόνια συλλογικής ζωής και ενεργής παρουσίας και συμβολής στους κοινωνικούς αγώνες. Τον Δεκέμβριο του 2022 η Αναμέτρηση κατάθεσε δημόσια την πρότασή της, η οποία παρουσιάστηκε σε εκδήλωση στη Νομική Αθηνών, για τη συγκρότηση ενός ενωτικού ψηφοδελτίου της Aριστεράς για τις ευρωεκλογές. Βασική πλευρά της πρότασης ήταν να «αποτελέσει η κίνηση αυτή μια κοινή δήλωση μιας νέας αρχής, ένα κάλεσμα συσπείρωσης πολιτικών δυνάμεων και αγωνιζόμενων ανθρώπων, που θα υπερέβαινε τόσο τον απομονωτισμό όσο και τις ευκαιριακές συγκολλήσεις». Η πρόταση συνεργασίας κατατέθηκε, όπως λέει η Αναμέτρηση, «σε ένα σύνολο πολιτικών δυνάμεων και αγωνιστριών/ών από το ΜέΡΑ25, τη ΛΑΕ, άλλες δυνάμεις της εξωκοινοβουλευτικής Αριστεράς που έχουμε σταθερές σχέσεις (όπως οι ΑΡΑΝ/Κ-σχέδιο, η ΔΕΑ, το Ξεκίνημα κ.ά.), μέχρι και τις δυνάμεις της ΑΝΤΑΡΣΥΑ, γνωρίζοντας δυστυχώς την άρνηση του ΚΚΕ να συμμετέχει σε τέτοιες διεργασίες». Σε ανακοίνωσή της η Αναμέτρηση υπογραμμίζει ότι βρέθηκαν «αρκετά σημεία συγκλίσεων ειδικά ως προς το περιεχόμενο. Αναδείχθηκαν όμως και κρίσιμες αποκλίσεις, ειδικά ως προς την αντίληψη περί ισοτιμίας αλλά και ως προς το πολιτικό στίγμα και την ανάγκη ανάδειξης του νέου χαρακτήρα του εγχειρήματος, που δεν θα επικαθορίζεται εξ ολοκλήρου από μια πολιτική δύναμη και που σε συνδυασμό με μια εκλογική παρέμβαση αιχμών θα μπορούσε να είναι περισσότερο επιδραστικό και χρήσιμο. »Αξιολογώντας τα παραπάνω, πήραμε την απόφαση να μη συμμετέχουμε στο ψηφοδέλτιο που τελικά σχημάτισαν οι δυνάμεις αυτές (Ενωτική Πρωτοβουλία, ΜέΡΑ25 – Ανατρεπτική Οικολογική Αριστερά), ούτε σε κάποιο άλλο για τις προσεχείς ευρωεκλογές. Αναγνωρίζοντας τα σημαντικά βήματα που έγιναν, δηλώνουμε συντροφικά την απόφαση μη συμμετοχής μας καθώς και τις ευχές μας για καλή επιτυχία στην προσπάθειά τους. Δεν ήταν μια εύκολη επιλογή. Αποτιμούμε αρνητικά την κατάληξη της προσπάθειάς μας και το γεγονός ότι δεν θα συμμετέχουμε σε μια κεντρική εκλογική μάχη σε μια περίοδο που κρίνονται τόσα πολλά για την κοινωνία και την Αριστερά. Θέλουμε όμως να εστιάσουμε περισσότερο στα θετικά. Στις συγκλίσεις που αποδείχτηκε ότι μπορούν να υπάρξουν, στους νέους δρόμους που πιστεύουμε βαθιά ότι μπορούν να χαραχθούν [...] »Την επόμενη φορά θα είμαστε καλύτερες και καλύτερα, θα είμαστε πιο προετοιμασμένοι και πιο προετοιμασμένες. Στην τακτική μας συνδιάσκεψη, το φθινόπωρο του 2024, θα συζητήσουμε συλλογικά και συντροφικά και θα εξοπλιστούμε καλύτερα για την επόμενη μέρα. Παρότι δεν θα συμμετέχουμε σε αυτή την εκλογική μάχη, παραμένουμε πλήρως ενεργοί και ενεργές στην πολιτική και κοινωνική δράση στα μέτωπα που είναι ανοιχτά, ιεραρχώντας την αντιπολεμική δράση και τον αγώνα ενάντια στην ακρίβεια και τη φτώχεια».",na,efsyn.gr,2024-05-02,Πολιτική
https://www.efsyn.gr/politiki/antipoliteysi/431582_proklitiki-i-apofylakisi-mihaloliakoy-tonizoyn-ta-kommata-tis,"Προκλητική η αποφυλάκιση Μιχαλολιάκου, τονίζουν τα κόμματα της αντιπολίτευσης UPD","Προκλητική η αποφυλάκιση Μιχαλολιάκου, τονίζουν τα κόμματα της αντιπολίτευσης UPD  Σφοδρές πολιτικές αντιδράσεις στον κόσμο της αριστεράς προκάλεσε η απόφαση του Συμβουλίου Πλημμελειοδικών Λαμίας να αποφυλακιστεί πρόωρα ο καταδικασμένος αρχηγός της εγκληματικής οργάνωσης της Χρυσής Αυγής, Νίκος Μιχαλολιάκος. «Για τον ΣΥΡΙΖΑ-ΠΣ είναι προφανές πως η αίτηση του αρχηγού της Χρυσής Αυγής, Νίκου Μιχαλολιάκου για την πρόωρη αποφυλάκιση του δεν θα έπρεπε να γίνει δεκτή, καθώς ούτε ο πρότερος βίος του, ούτε η έλλειψη μεταμέλειας μέσα στην φυλακή εξασφαλίζουν ότι δεν θα τελέσει παρόμοια εγκλήματα μετά την αποφυλάκιση του», υπογραμμίζει σε ανακοίνωσή της η αξιωματική αντιπολίτευση. «Καταδικάστηκε ως ο ιδρυτής και καθοδηγητής της εγκληματικής οργάνωσης που μεταξύ άλλων ευθύνεται για την δολοφονία του Παύλου Φύσσα, την απόπειρα ανθρωποκτονίας του Αιγύπτιου αλιεργάτη Αμπουζίντ Εμπάρακ και την απόπειρα ανθρωποκτονίας των μελών του ΠΑΜΕ τον Σεπτέμβριο του 2013», αναφέρει ο ΣΥΡΙΖΑ-ΠΣ, τονίζοντας ότι «θα έπρεπε να συνυπολογιστεί πως ουδέποτε έκανε κάποια δήλωση υπέρ των δημοκρατικών αρχών, ενώ αντιθέτως υποστήριζε πάντα πως η δίωξη του ήταν πολιτική, δεν αναγνώριζε καν τις δικαστικές Αρχές, αλλά ούτε και το δημοκρατικό πολίτευμα στην Ελλάδα». «Περιμένουμε το σχετικό βούλευμα για να δούμε με ποια αιτιολογία οι δικαστές κατέληξαν σε αυτή την προκλητική απόφαση για υφ' όρων απόλυση του Μιχαλολιάκου και βεβαίως αναμένουμε την άμεση επανεξέταση του βουλεύματος», σημειώνει ο ΣΥΡΙΖΑ και καταλήγει: «Ενημερώνουμε τέλος, για την αποφυγή λαθών αλλά και για να προλάβουμε τη σπέκουλα που κάποιοι έχουν κάνει ""επάγγελμα"", πως η διάταξη για την υφ' όρων απόλυση βάσει της οποίας έκανε αίτηση για αποφυλάκιση ο Νίκος Μιχαλολιάκος δεν σχετίζεται με τις τροποποιήσεις του ποινικού κώδικα του 2019». «Ο Κυριάκος Μητσοτάκης είναι ο πρωθυπουργός που επί των ημερών του αποφυλακίζεται ο αρχηγός της Χρυσής Αυγής» τονίζει σε ανάρτησή του ο πρόεδρος του ΣΥΡΙΖΑ-ΠΣ, ΣτέφανοςΚασσελάκης. «Ατιμωρησία στα Τέμπη με όργιο συγκάλυψης. Ατιμωρησία στο Μάτι, με κακουργήματα που βαφτίστηκαν πλημμελήματα. Ατιμωρησία τώρα και στους νεοναζί της Χρυσής Αυγής», σχολιάζει καυστικά. «Ένας ολόκληρος λαός στο Εφετείο -εν μέσω πανδημίας- φώναζε ""οι ναζί στη φυλακή"". Από σήμερα ο εγκληματίας Μιχαλολιάκος κυκλοφορεί ελεύθερος, ύστερα από μία προκλητική απόφαση της ελληνικής Δικαιοσύνης», σημειώνει και διερωτάται: «Με ποια κριτήρια κρίνει το Συμβούλιο Πλημμελειοδικών Λαμίας ότι ο καταδικασμένος για σύσταση εγκληματικής οργάνωσης Μιχαλολιάκος δικαιούται να αποφυλακιστεί, όταν ο αρμόδιος εισαγγελέας τονίζει προς το Συμβούλιο ότι ο Μιχαλολιάκος παραμένει αμετανόητος και συνεπώς δεν πληροί τις ουσιαστικές προϋποθέσεις αποφυλάκισης;». «Ένα είναι το βέβαιο. Ο εναγκαλισμός της κυβέρνησης Μητσοτάκη με τα ακροδεξιά στοιχεία, την ανομία, τη συγκάλυψη, και η προσπάθεια χειραγώγησης της Δικαιοσύνης, έχει οδηγήσει σε πλήρη απορρύθμιση τη λειτουργία της ελληνικής Δικαιοσύνης», συνεχίζει ο Στ.Κασσελάκης, σχολιάζοντας ότι «ο Κυριάκος Μητσοτάκης είναι ο πρωθυπουργός που επί των ημερών του αποφυλακίζεται ο αρχηγός της Χρυσής Αυγής». «Θα το εκτιμήσουν δεόντως οι ψηφοφόροι της στις ευρωεκλογές που έρχονται. Φυσικά, απέναντι στο ακροδεξιό τόξο, ο δημοκρατικός κόσμος θα είναι μία γροθιά. Το είπα και στο πρωινό μήνυμα που σας απηύθυνα. Αυτή η Δικαιοσύνη της ατιμωρησίας πρέπει να αλλάξει. Και σας υπόσχομαι ότι θ' αλλάξει», καταλήγει η ανάρτηση του πρόεδρου του ΣΥΡΙΖΑ-ΠΣ. «Το είπα και χθες στον μαρτυρικό τόπο της Καισαριανής, το ΠΑΣΟΚ είναι το μόνο κόμμα που σταθερά στάθηκε απέναντι σε αυτό το ναζιστικό μόρφωμα από το 2011 μέχρι και σήμερα, με εκστρατεία και νομοθετικές πρωτοβουλίες. Άλλωστε, φάνηκε και την προηγούμενη εβδομάδα που καταθέσαμε υπόμνημα στον Άρειο Πάγο για να μην συμμετέχουν τα απομεινάρια της Χρυσής Αυγής στις ευρωπαϊκές εκλογές» ανέφερε ο πρόεδρος του ΠΑΣΟΚ-ΚΙΝ.ΑΛΛ. Νίκος Ανδρουλάκης και τόνισε: «Προφανέστατα η μάχη, όμως, είναι και πολιτική και πρέπει να μην ξεχνούμε την ιστορία μας. Να μην ξεχνούμε αυτοί που υμνούν τον Χίτλερ και τον νεοναζισμό τι υπηρετούν και τι δεινά έφεραν αυτές οι δυνάμεις στην πατρίδα μας. Άρα, η μνήμη είναι φρουρός για να μην ξαναϋπάρξουν τέτοια νεοναζιστικά μορφώματα στον τόπο». Η τομεάρχης Δικαιοσύνης του ΠΑΣΟΚ ΜΙλένα Αποστολάκη σημείωσε σε ανακοίνωσή της πως η«ηαπόφαση ελήφθη παρά τη μη πλήρωση των ουσιαστικών προϋποθέσεων, καθώς ο καταδικασμένος σε πρώτο βαθμό Νίκος Μιχαλολιάκος δεν έχει επιδείξει ίχνος μεταμέλειας και παρά την αντίθετη γνώμη του αρμόδιου Εισαγγελέα. Είναι για τους λόγους αυτούς μια απόφαση που γεννά εύλογους προβληματισμούς εντός της νομικής κοινότητας αλλά και ευρύτερα στο σύνολο της ελληνικής κοινωνίας». «Η προκλητική απόφαση του Δικαστικού Συμβουλίου Πλημμελειοδικών Λαμίας για την αποφυλάκιση του Ν. Μιχαλολιάκου με περιοριστικούς όρους αποτελεί προσβολή για τα θύματα της Χρυσής Αυγής και συνολικά το λαό, όμως δυστυχώς δεν είναι κεραυνός εν αιθρία. Έρχεται σε συνέχεια της συστηματικής ευνοϊκής αντιμετώπισης και άλλων καταδικασμένων ηγετικών στελεχών της φασιστικής εγκληματικής Χρυσής Αυγής, ήδη από την πρωτόδικη απόφαση. Έρχεται, μάλιστα, τη στιγμή που είναι σε εξέλιξη η δίκη σε δεύτερο βαθμό που θα πρέπει να καταδικάσει ακόμα πιο αυστηρά τους εγκληματίες χρυσαυγίτες για τις αποτρόπαιες πράξεις τους» επισημαίνει σε ανακοίνωσή του, το ΚΚΕ «Ακόμα πιο προκλητική είναι και η αναγνώριση από το δικαστικό συμβούλιο στον αρχηγό της Χρυσής Αυγής ""θετικής διαγωγής"", για να δικαιολογήσει τα αδικαιολόγητα, όταν με συνεχή αρθρογραφία του όλα αυτά τα χρόνια υπερασπίζεται τη φασιστική-ναζιστική ιδεολογία και τις εγκληματικές πράξεις της. Μέρος αυτής της αρθρογραφίας μάλιστα επικαλέστηκε και ο εισαγγελέας, ο οποίος ήταν αρνητικός στο αίτημα αποφυλάκισης. Επιβεβαιώνεται για μια ακόμα φορά ότι το αστικό κράτος και οι νόμοι του, όχι μόνο δεν αντιμετωπίζουν το φασισμό, αλλά πολλές φορές του συμπεριφέρονται με το ""γάντι"", όταν την ίδια στιγμή επιφυλάσσουν διώξεις και καταστολή για τους εργαζόμενους και τα λαϊκά στρώματα που αγωνίζονται. Στο ίδιο μήκος κύματος κινείται και η ΕΕ, που ξεπλένει συστηματικά τον φασισμό, αλλά και όσοι “κλείνουν το μάτι” σε ψηφοφόρους των φασιστικών μορφωμάτων» προσθέτει η ανακοίνωση του κόμματος και καταλήγει: «Τώρα πρέπει να ασκήσει έφεση ο εισαγγελέας και να μην επιτρέψει την προκλητική αποφυλάκιση του αρχιναζιστή εγκληματία. Η προσπάθεια ξεπλύματος για μια ακόμα φορά της ναζιστικής εγκληματικής Χρυσής Αυγής και των παραφυάδων της απαιτεί εγρήγορση από το εργατικό λαϊκό κίνημα. Μόνο ο λαός με την πάλη του θα νικήσει οριστικά το φασισμό και το σύστημα που τον γεννά». «Είναι τουλάχιστον προκλητική και απαράδεκτη η απόφαση του Συμβουλίου Πλημμελειοδικών Λαμίας που παρά τη διαφωνία του εισαγγελέα εξέδωσε βούλευμα αποφυλάκισης του αρχηγού της ναζιστικής εγκληματικής οργάνωσης Χρυσή Αυγή», τονίζει σε ανακοίνωσή της η ΝέαΑριστερά. «Ο αρχηγός της εγκληματικής οργάνωσης που υπήρξε υπεύθυνος για δολοφονίες και προπηλακισμούς, όπως υποστήριξε και ο εισαγγελέας μένει αμετανόητος στις απόψεις του και μάλιστα έχει αρθρογραφήσει σχετικά», σημειώνει και καταλήγει: «Δυστυχώς τέτοιες αποφάσεις προκαλούν την οργή και κλονίζουν την εμπιστοσύνη του δημοκρατικού κόσμου στην κρίση της ελληνικής Δικαιοσύνης». «Πρόκειται για μια απόφαση που αποκαλύπτει εξόφθαλμη πολιτική στάση από τη Δικαιοσύνη, η οποία κατά κανόνα εξαντλεί την αυστηρότητά της σε όλους τους υπόλοιπους κρατούμενους, αλλά και σε όλη την κοινωνία, σε διαδηλωτές, αντιφασίστες, νεολαίους», τονίζει σε ανακοίνωσή του το ΜέΡΑ25. Μεταξύ άλλων σημειώνει πως «ηαπόφαση αυτή, συνεπώς, επιδεινώνει την εικόνα μιας μεροληπτικής δικαιοσύνης, που δίκαια στερείται εμπιστοσύνης από την κοινωνία, αφού αποφυλακίζει αμέσως το Μιχαλολιάκο και την ίδια ώρα επιτρέπει να στήνονται σκευωρίες σε βάρος πολιτών, δέχεται παρεμβάσεις και αφήνει την κυβέρνηση να συγκαλύπτει εγκλήματα όπως αυτό των Τεμπών ή των υποκλοπών. Είναι μια απόφαση που αποδεικνύει ποιος είναι ο πραγματικός εχθρός για το κράτος και ποιος είναι ο καλύτερος φίλος του(ς)». Η απόφαση-σκάνδαλο της αποφυλάκισης του φύρερ της Χρυσής Αυγής Νίκου Μιχαλολιάκου είναι μια ανοιχτή πρόκληση, μιά επίθεση στις δημοκρατικές ελευθερίες και τα δικαιώματα όλων, μια μαχαιριά πισώπλατη στο αντιφασιστικό κίνημα που με τις μεγάλες κινητοποιήσεις επέβαλε την καταδίκη των ηγετικών στελεχών των ταγμάτων εφόδου του ναζιστικού μορφώματος και έδιωξε τους ναζί από τις γειτονιές μας.Το βούλευμα του Συμβούλιου Πλημμελειοδικών Λαμίας είναι ένα δώρο στους φασίστες δολοφόνους του Παύλου Φύσσα και του Σαχζάτ Λουκμάν, είναι το πράσινο φως ότι μπορούν ξανά να προχωράνε σε επιθέσεις κατά των συνδικάτων, των φοιτητικών συλλόγων, των μεταναστών, των γυναικών, των ΛΟΑΤΚΙ, των Ρομά», ονίζει η ΚΕΕΡΦΑ μεταξύ άλλων σε σχετική ανακοίνωσή της.Ακόμα, καταγγέλλει ότι «ηκυβέρνηση της ΝΔ με τα ανοίγματα της στην ακροδεξιά πανικόβλητη μπροστά στην απομόνωση στην οποία την έβαλε η οργή του κόσμου για την δολοφονική πολιτική της, για την συγκάλυψη των εγκλημάτων των Τεμπών και της Πύλου, για την ακρίβεια, την εμπλοκή στους πολέμους, τον σεξισμό πριμοδοτεί αποφάσεις σαν κι αυτή του Συμβουλίου Πλημμελειοδικών της Λαμίας» και χαρακτηρίζει «υποκριτικό» τον ισχυρισμό της κυβέρνησης της ΝΔ ότι θα ήταν στη φυλακή ο Μιχαλολιάκος αν δεν είχαν ψηφιστεί ελαφρότερες ποινές στον Ποινικό Κώδικα το 2018 με κυβέρνηση ΣΥΡΙΖΑ.",efsyn.gr,efsyn.gr,2024-05-02,Πολιτική
https://www.efsyn.gr/podcast/431586_eyroekloges-2024-gia-poia-eyropi,Ευρωεκλογές 2024: Για ποια Ευρώπη;,"Ευρωεκλογές 2024: Για ποια Ευρώπη;  Καλεσμένος στο EfSyn Studio οΝίκος Φίλης, υποψήφιος με τη Νέα Αριστερά, πρώην υπουργός και βουλευτής, απαντά στις ερωτήσεις του Γιάννη Κιμπουρόπουλου. Μιλά για μια «αριστερά διακυβέρνησης και αγώνα», χαρακτηρίζει το δίλημμα «πόλεμος ή ειρήνη» μείζον διακύβευμα για την Ευρώπη και θεωρεί ότι η Νέα Αριστερά θα καλύψει το «τεράστιο πολιτικό κενό ανάμεσα στον μεταλλασσόμενο ΣΥΡΙΖΑ και το αναλλοίωτο ΚΚΕ».",na,efsyn.gr,2024-05-02,Πολιτική
https://www.efsyn.gr/politiki/i-apopsi-tis-efsyn/431581_larko-ti-oraio-fiasko,ΛΑΡΚΟ: Τι ωραίο φιάσκο!,"ΛΑΡΚΟ: Τι ωραίο φιάσκο!  Τεσσεράμισι χρόνια έχουν περάσει από τότε που η κυβέρνηση παρουσίασε ως διέξοδο στην τραγωδία της ΛΑΡΚΟ -μια περίληψη της βιομηχανικής παρακμής της χώρας μεταξύ ιδιωτικής λεηλασίας και κρατικής κακοδιαχείρισης- το πέρασμα σε καθεστώς ειδικής διαχείρισης, μέχρι να πουληθεί μέσω διαγωνισμού. Αυτή η «λύση» προωθήθηκε με άλλοθι τα πρόστιμα που έχει επιβάλει η Ε.Ε. για υποτιθέμενες παράνομες κρατικές ενισχύσεις στη μεταλλουργία πριν από 15 και πλέον χρόνια. Πρόστιμα ύψους περίπου 140 εκατ. ευρώ. Τι έχει κοστίσει η κυβερνητική «λύση» από τότε στο ελληνικό Δημόσιο; Σύμφωνα με όσα καταγγέλλουν οι ίδιοι οι εργαζόμενοι της ΛΑΡΚΟ, τα τετραπλάσια, πάνω από μισό δισ. ευρώ! Είναι χρήματα που επιβαρύνουν τον κρατικό προϋπολογισμό ή τα ίδια τα έσοδα της δημόσιας -μέχρι πριν από έναν μήνα- επιχείρησης. Και θα ήταν αρκετά για να γίνει μια στοιχειώδης συντήρηση και επισκευή στις εγκαταστάσεις, που θα επέτρεπε μια αύξηση της παραγωγής σε νικέλιο και κοβάλτιο, την ώρα που η παγκόσμια αγορά μπαταριών ηλεκτρικών αυτοκινήτων κυριολεκτικά διψάει γι' αυτά. Κι αν υπολογίσει κανείς και τα διαφυγόντα κέρδη από μια κανονική λειτουργία της μεταλλουργίας αυτά τα χρόνια, πάνω από 1 δισ. ευρώ, το φιάσκο κυβέρνησης και υπουργών, που ανάλωσαν όλη την ικμάδα τους μόνο και μόνο για να πείσουν την κοινή γνώμη ότι η ΛΑΡΚΟ είναι ένα «σαπάκι», είναι ακόμη μεγαλύτερο. Από πολλές απόψεις, λοιπόν, η ακτινογράφηση αυτού του φιάσκου καταλήγει στην ανάγκη απόδοσης ευθυνών στους αξιωματούχους που το εμπνεύστηκαν και το επέβαλαν. Και είναι προφανές ποιους κυβερνητικούς παράγοντες φωτογραφίζουν οι εργαζόμενοι στη μηνυτήρια αναφορά που ετοιμάζονται να καταθέσουν μετά το Πάσχα. Και αυτό το φιάσκο γίνεται ακόμη πιο εκκωφαντικό, από τη στιγμή που αποκαλύπτονται οι τεράστιοι κίνδυνοι για το περιβάλλον και την ασφάλεια της Λάρυμνας και της ευρύτερης περιοχής, με το οριστικό «λουκέτο» στη ΛΑΡΚΟ που ανακοίνωσε προ μηνός η κυβέρνηση. Εύφλεκτα υλικά, χημικοί παράγοντες, δίκτυα ηλεκτροδότησης και ύδρευσης, μεταλλεύματα, ακόμη και ραδιενεργά στοιχεία κλειδώνονται σε ένα βιομηχανικό κουφάρι, που, χωρίς την επιτήρηση του εξειδικευμένου προσωπικού της ΛΑΡΚΟ, γίνεται μια βραδυφλεγής περιβαλλοντική βόμβα για την περιοχή. Αναλαμβάνει τον κίνδυνο ενός σοβαρού βιομηχανικού δυστυχήματος η κυβέρνηση με τη «λύση» της κλειστής ΛΑΡΚΟ; Αυτό είναι το ερώτημα που θέτουν οι εργαζόμενοι.",«Εφ.Συν.»,efsyn.gr,2024-05-02,Πολιτική
https://www.efsyn.gr/politiki/antipoliteysi/431548_mera25-proklitiki-i-apofylakisi-toy-nazisti-arhi-egklimatia,ΜέΡΑ25: Προκλητική η αποφυλάκιση του ναζιστή αρχι-εγκληματία Μιχαλολιάκου!,"ΜέΡΑ25: Προκλητική η αποφυλάκιση του ναζιστή αρχι-εγκληματία Μιχαλολιάκου!  Η ανακοίνωση του ΜέΡΑ25: «Ο επικεφαλής και υπεύθυνος για τη σύσταση της εγκληματικής οργάνωσης Χρυσή Αυγή, Νίκος Μιχαλολιάκος, σύμφωνα με δημοσιεύματα, θα βρεθεί εκτός φυλακής, χωρίς τη σύμφωνη γνώμη εισαγγελέα, με ένα βούλευμα του Συμβουλίου Πλημμελειοδικών Λαμίας, αφού εξέτισε τα 3/5 της ποινής του. Θα αποφυλακιστεί με περιοριστικούς όρους, απαγόρευση εξόδου από την περιφέρεια διαμονής του και παρουσία μία φορά το μήνα σε Αστυνομικό Τμήμα. Παρά το γεγονός ότι ο ίδιος δηλώνει έγκλειστος στο πλαίσιο «πολιτικής δίωξης» και «σκευωρίας», και παρότι υπερασπίζεται αμετανόητος τα εγκλήματα της ΧΑ, ο Νίκος Μιχαλολιάκος ανοίγει την πόρτα της εξόδου από τη φυλακή για τους καταδικασθέντες νεοναζί της εγκληματικής συμμορίας της Χρυσής Αυγής. Η ίδια Δικαιοσύνη που αρνείται πεισματικά την υφ' όρων απόλυση ή ολιγοήμερες άδειες σε μια σειρά από άλλους κρατούμενους, δίνει τη δυνατότητα με την πρώτη ευκαιρία σε αποφυλάκιση για τον νεοναζί αρχηγό εγκληματία της Χρυσής Αυγής. Φαίνεται επομένως πως το κράτος εφαρμόζει το νόμο με δύο μέτρα και δύο σταθμά. Ελαστικά για τους νεοναζί δολοφόνους, αλλά εκδικητικά για άλλους κρατούμενους. Πρόκειται για μια απόφαση που αποκαλύπτει εξόφθαλμη πολιτική στάση από τη Δικαιοσύνη, η οποία κατά κανόνα εξαντλεί την αυστηρότητά της σε όλους τους υπόλοιπους κρατούμενους, αλλά και σε όλη την κοινωνία, σε διαδηλωτές, αντιφασίστες, νεολαίους. Η απόφαση αυτή, συνεπώς, επιδεινώνει την εικόνα μιας μεροληπτικής δικαιοσύνης, που δίκαια στερείται εμπιστοσύνης από την κοινωνία, αφού αποφυλακίζει αμέσως το Μιχαλολιάκο και την ίδια ώρα επιτρέπει να στήνονται σκευωρίες σε βάρος πολιτών, δέχεται παρεμβάσεις και αφήνει την κυβέρνηση να συγκαλύπτει εγκλήματα όπως αυτό των Τεμπών ή των υποκλοπών. Είναι μια απόφαση που αποδεικνύει ποιος είναι ο πραγματικός εχθρός για το κράτος και ποιος είναι ο καλύτερος φίλος του(ς). Δεν είναι τυχαίο ότι αυτά συμβαίνουν σε περίοδο ανασυγκρότησης ακροδεξιών συμμοριών που πραγματοποιούν επιθέσεις σε φεστιβάλ, σε αγωνιστές, σε τρανς άτομα στη Θεσσαλονίκη.Ούτε φυσικά ότι η κυβέρνηση Μητσοτάκη ήδη έχει ξεκινήσει να χρησιμοποιεί τον προεκλογικό πολιτικό χρόνο για να κλείσει το μάτι στους ακροδεξιούς ανταγωνιστές της στη δεξιά πολυκατοικία. Το αντιφασιστικό κίνημα πρέπει να σημάνει συναγερμό, για να μην επιτρέψουμε στα απομεινάρια της ναζιστικής συμμορίας για ξανασηκώσουν κεφάλι! Η μάχη κατά του φασισμού συνεχίζεται, ειδικά τώρα που η ιστορική δίκη της ΧΑ βρίσκεται στο δεύτερο βαθμό, για να κατοχυρώσουμε μια ιστορική νίκη του αντιφασιστικού κινήματος».",efsyn. gr,efsyn.gr,2024-05-02,Πολιτική
https://www.efsyn.gr/politiki/antipoliteysi/431499_dyo-diahronikes-proteraiotites,Δύο διαχρονικές προτεραιότητες,"Δύο διαχρονικές προτεραιότητες  Δύο σημεία αιχμής για την πολιτική του ΠΑΣΟΚ εν όψει και των ευρωεκλογών είχε την ευκαιρία να υπενθυμίσει ο Νίκος Ανδρουλάκης με αφορμή την εργατική Πρωτομαγιά: τα δικαιώματα των εργαζομένων και την έμπρακτη υπεράσπισή τους από την ομάδα των Σοσιαλιστών και Δημοκρατών στο Ευρωπαϊκό Κοινοβούλιο αλλά και τους διαχρονικούς αγώνες για τη δημοκρατία και τη μάχη ενάντια στον φασισμό στην κάθε του μορφή. Ο πρόεδρος του ΠΑΣΟΚ επισκέφθηκε χθες το Σκοπευτήριο της Καισαριανής, προκειμένου να αποτίσει φόρο τιμής στο μνημείο των εκτελεσθέντων αγωνιστών της ελευθερίας από τις ναζιστικές δυνάμεις κατοχής την Πρωτομαγιά του 1944. Μετά την κατάθεση στεφανιού, ο κ. Ανδρουλάκης σε δηλώσεις του αναφέρθηκε στη θυσία των αγωνιστών για ελευθερία, δημοκρατία και κοινωνική δικαιοσύνη, λέγοντας ότι αποτελεί πυξίδα για τις επόμενες γενιές. «Στεκόμαστε με δέος στον μαρτυρικό τόπο του Σκοπευτηρίου της Καισαριανής. Οπου ακριβώς πριν από 80 χρόνια, 200 πατριώτες, μέλη της Εθνικής Αντίστασης, δολοφονήθηκαν από τα ναζιστικά στρατεύματα. Εκτελέστηκαν από τις δυνάμεις του Αξονα», ανέφερε, επισημαίνοντας ότι το ΠΑΣΟΚ έλαβε σε αυτό το γενικότερο πνεύμα πρωτοβουλία και κατέθεσε «άμεσα και χωρίς δεύτερες σκέψεις» υπόμνημα, για να μην επιτραπεί στα «απομεινάρια» της Χρυσής Αυγής να συμμετάσχουν στις ευρωπαϊκές εκλογές. Ο κ. Ανδρουλάκης έδωσε όμως έμφαση και στη σημασία της εργατικής Πρωτομαγιάς ως ημέρας γιορτής, τιμής διεκδίκησης των εργασιακών δικαιωμάτων. Και στην κατεύθυνση αυτή, ανέδειξε την πολύ σημαντική συμβολή του υποψηφίου για την προεδρία της Ευρωπαϊκής Επιτροπής και μέλους του Ευρωπαϊκού Σοσιαλιστικού Κόμματος, Νίκολας Σμιτ, με παρέμβαση του οποίου κατέστη εφικτό οι εργαζόμενοι στις πλατφόρμες, οι γνωστοί ντελιβεράδες, να έχουν πλήρη εργασιακά δικαιώματα και να μη ζουν σε ανασφάλεια. «Εχουμε χρέος να αγωνιστούμε στον τομέα των εργασιακών δικαιωμάτων. Διότι οι εργαζόμενοι σε όλη την Ευρώπη και ειδικά στη χώρα μας πρέπει να ζουν με ασφάλεια, ελπίδα και προοπτική», είπε καταλήγοντας ο πρόεδρος του ΠΑΣΟΚ. Στο ίδιο μήκος κύματος, ο υπεύθυνος ΚΤΕ Εργασίας του κόμματος, βουλευτής Βοιωτίας Γιώργος Μουλκιώτης κάλεσε τα συνδικάτα και τους εργαζόμενους να βρίσκονται σε εγρήγορση, υποστηρίζοντας ότι δεν πρέπει να παραμεληθεί «ούτε στιγμή η ανάγκη συνεχούς διεκδίκησης για ισχυρό κοινωνικό διάλογο, ισχυρότερα συνδικαλιστικά δικαιώματα, καλύτερες συνθήκες εργασίας και καθολική πρόσβαση σε ποιοτικές δημόσιες υπηρεσίες».",na,efsyn.gr,2024-05-02,Πολιτική
https://www.efsyn.gr/politiki/antipoliteysi/431507_dose-foni-sto-dikio-soy,«Δώσε φωνή στο δίκιο σου»,"«Δώσε φωνή στο δίκιο σου»  Λίγο πριν από την τελική ευθεία για την κάλπη των ευρωεκλογών η Νέα Αριστερά ετοιμάζεται να βγάλει στον «αέρα» τη νέα καμπάνια της, που θα έχει κεντρικό σύνθημα «Δώσε φωνή στο δίκιο σου». Πρόκειται για μια καμπάνια που θα εστιάζει στα πραγματικά προβλήματα τις κοινωνίας, όπως αναφέρουν πηγές από τη Νέα Αριστερά, και που θα συναντά τις επιθυμίες των πολιτών με τις προγραμματικές προτάσεις της Αριστεράς. Το εντυπωσιακό όμως για πολιτικό κόμμα είναι το παρασκήνιο για το πώς προέκυψε το σύνθημα. Οι πληροφορίες αναφέρουν ότι επί ένα ολόκληρο Σάββατο το επικοινωνιακό και όχι μόνο επιτελείο της Νέας Αριστεράς προσπαθούσε να βρει ένα σύνθημα για την καμπάνια που θα εκπροσωπεί με λίγες λέξεις το νόημα των όσων ήθελαν να πουν. Υπό αυτό το πρίσμα ήθελαν να αποφύγουν κοινοτοπίες και τετριμμένες λύσεις, ωστόσο άκρη δεν έβγαινε. Τελικά η λύση δόθηκε σ’ ένα... μπαράκι λίγο αργότερα και μετά τις πολύωρες συσκέψεις που δεν είχαν καταλήξει πουθενά. Η κουβέντα ήρθε γύρω από το βιβλίο του Αλέν Νταμαζιό, «Οι αθέατοι», που κυκλοφορεί από τις εκδόσεις Πόλις. Από το βιβλίο του Νταμαζιό, που έχει γίνει ήδη μπεστ σέλερ στη Γαλλία και συζητείται έντονα στους κύκλους της Αριστεράς, προέκυψε η συζήτηση για όλα εκείνα που θέλουμε να πούμε, αλλά δεν τα λέμε. Κάπου εκεί ήρθε και κόλλησε το σύνθημα, με τα στελέχη να το χαρακτηρίζουν ως την καλύτερη επιλογή, πόσο μάλλον όταν προέρχεται από τον χώρο της λογοτεχνίας. Την ίδια ώρα δύο στελέχη του κόμματος, ο Δημήτρης Τζανακόπουλος και ο Νάσος Ηλιόπουλος, κυκλοφόρησαν ένα έξυπνο βίντεο στα μέσα κοινωνικής δικτύωσης ως απάντηση σε δημοσίευμα του διαδικτύου που τους ήθελε «σκοτωμένους» μεταξύ τους και να μη μιλιούνται. «Δεν μιλάμε, είμαστε τσακωμένοι» λέει ο Νάσος Ηλιόπουλος στον Δημήτρη Τζανακόπουλο με τον τελευταίο να ρωτά, «γιατί;» και τον πρώτο να απαντάει «το έγραψε το ίντερνετ». Το βίντεο κλείνει με τους δυο τους να χαμογελούν δίνοντας τέλος σε όλες τις ιντερνετικές φήμες.",na,efsyn.gr,2024-05-02,Πολιτική
https://www.efsyn.gr/politiki/kybernisi/431489_ti-syzitithike-sti-synedriasi-toy-kysea,Τι συζητήθηκε στη συνεδρίαση του ΚΥΣΕΑ ,"Τι συζητήθηκε στη συνεδρίαση του ΚΥΣΕΑ   Οι τελευταίες εξελίξεις στη Μέση Ανατολή, οι μεταναστευτικές ροές και η ενίσχυση της Πολιτικής Προστασίας με αφορμή την έναρξη της αντιπυρικής περιόδου, συζητήθηκαν στην χθεσινή συνεδρίαση του Κυβερνητικού Συμβουλίου Εθνικής Ασφάλειας(ΚΥΣΕΑ) υπό τον πρωθυπουργό. Σύμφωνα με ανακοίνωση του υφυπουργού παρά τω Πρωθυπουργώ και Κυβερνητικού Εκπροσώπου Παύλου Μαρινάκη στη διάρκεια της συνεδρίασης έγινε ενημέρωση από τους αρμόδιους υπουργούς σχετικά με τις τελευταίες εξελίξεις στη Μέση Ανατολή, τη βελτίωση της εικόνας των μεταναστευτικών ροών και το Νέο Σύμφωνο για τη Μετανάστευση και το Άσυλο, καθώς και παρουσίαση των προληπτικών μέτρων και πρωτοβουλιών ενίσχυσης της Πολιτικής Προστασίας με αφορμή την έναρξη της αντιπυρικής περιόδου.",efsyn.gr ,efsyn.gr,2024-05-02,Πολιτική
https://www.efsyn.gr/politiki/antipoliteysi/431501_o-g-sakellaridis-apodomei-success-story-tis-kybernisis-gia-ta,Ο Γ. Σακελλαρίδης αποδομεί το success story της κυβέρνησης για τα εργασιακά,"Ο Γ. Σακελλαρίδης αποδομεί το success story της κυβέρνησης για τα εργασιακά  Η ανάρτηση του Γαβριήλ Σακελλαρίδη: «Στην Ελλάδα, 55% των εργαζόμενων αμείβεται με κάτω από 1000 ευρώ μικτά, σύμφωνα με στοιχεία της ΕΡΓΑΝΗ. Το 20% των εργαζομένων με κάτω από 700 ευρώ μικτά. ",na,efsyn.gr,2024-05-02,Πολιτική
https://www.efsyn.gr/politiki/boyli/431517_mesa-maioy-sti-boyli-i-antiparathesi-ton-politikon-arhigon-gia-tin-akribeia,Μέσα Μαΐου στη Βουλή η αντιπαράθεση των πολιτικών αρχηγών για την ακρίβεια,"Μέσα Μαΐου στη Βουλή η αντιπαράθεση των πολιτικών αρχηγών για την ακρίβεια  Με την ακρίβεια στο επίκεντρο θα διεξαχθεί η εφ’ όλης της ύλης αναμέτρηση των πολιτικών αρχηγών που αναμένεται στη Βουλή προς το δεύτερο 15νθήμερο του Μαΐου, στην τελική ευθεία των ευρωεκλογών.Ο Κυριάκος Μητσοτάκης αποδέχτηκε το αίτημα προ ημερησίας συζήτησης για την οικονομία που υποβλήθηκε στις 23 Απριλίου από την αξιωματική αντιπολίτευση –που χθες κατέθεσε και πρόταση νόμου για την αντιμετώπιση της ακρίβειας και την πάταξη της κερδοσκοπίας– ενώ ο ίδιος, μιλώντας την περασμένη Τρίτη στην Ολομέλεια με αφορμή τον νέο δικαστικό χάρτη, κάλεσε τα κόμματα εν όψει της επικείμενης συζήτησης και της κάλπης της 9ης Ιουνίου σε ήπιο και ουσιαστικό διάλογο για τα μείζονα εγχώρια και ευρωπαϊκά θέματα, χωρίς «αστήρικτες κατηγορίες» και «δηλητήριο». Την ίδια στιγμή, σήκωνε και πάλι πρώτος τους τόνους, καταγγέλλοντας τον ΣΥΡΙΖΑ-Π.Σ. για ακοστολόγητες προτάσεις και απολιτικό λαϊκισμό, το ΠΑΣΟΚ ως κόμμα αγκυλωμένο και οπισθοδρομικό και συλλήβδην τους πολιτικούς του αντιπάλους για τεχνητό διχασμό και δυσφήμηση της χώρας στο εξωτερικό. «Είναι μια αναμέτρηση η οποία έχει πρόσημο ευρωπαϊκό, αλλά με περιεχόμενο εθνικό» δήλωσε, ενώ, κατηγορώντας σύσσωμη την αντιπολίτευση πως επιδιώκει να μετατρέψει τις ευρωεκλογές σε δημοψήφισμα εναντίον της κυβέρνησής του, επανατοποθέτησε το «δίλημμα» περί σταθερότητας: «Θέλουμε να παραμείνουμε στην πορεία της εθνικής σιγουριάς και της οικονομικής ανακούφισης, ή να ρισκάρουμε όλα όσα έχουμε πετύχει ώς τώρα, με αψήφιστες αποφάσεις και με νέα πειράματα; Θα δυναμώσουμε τις ελληνικές διεκδικήσεις στην Ευρωβουλή ή θα στείλουμε εκπροσώπους που κατηγορούν τον τόπο και την πατρίδα σε κάθε ευκαιρία; Θα επιστρέψουμε στην καθήλωση ή θα διατηρηθούμε στην ανοδική τροχιά των μεταρρυθμίσεων;» επανέλαβε. Σημειώνεται ότι ο πρωθυπουργός απέφυγε την απευθείας αντιπαράθεση με τους έτερους πολιτικούς αρχηγούς, αλλά προτού αποχωρήσει επιδεικτικά από την αίθουσα της Ολομέλειας αναφέρθηκε στις ποινές για το Μάτι, αναπαράγοντας τη μονταζιέρα του Μαξίμου για την «ευμενέστερη» νομοθεσία της κυβέρνησης του ΣΥΡΙΖΑ. «Αν κρίνονταν με το πλαίσιο που ψηφίσαμε εμείς, οι ποινές θα ήταν αυστηρότερες…» είπε, προσθέτοντας πως οι κρίσεις δεν είναι οριστικές, ούτε τελεσίδικες, και ότι μπορούν να επανεξεταστούν «εφόσον η ίδια η Δικαιοσύνη το κρίνει». Δεν έκανε κανένα σχόλιο για τις άθλιες δηλώσεις Βαρτζόπουλου παρά το αίτημα σύσσωμης της αντιπολίτευσης για την αποπομπή του από την κυβέρνηση, ούτε τοποθετήθηκε για τις διαρροές των προσωπικών δεδομένων των αποδήμων από το υπουργείο Εσωτερικών (σημειώνεται πως ο ΣΥΡΙΖΑ-Π.Σ. ζήτησε την κλήση της Νίκης Κεραμέως στην Επιτροπή Θεσμών και Διαφάνειας αμέσως μετά το Πάσχα). Αντιθέτως, μίλησε για την «επιτυχία» της επιστολικής ψήφου, ενώ προανήγγειλε πως σύντομα θα τεθεί στη Βουλή η επέκτασή της στις εθνικές εκλογές, προκαλώντας ΣΥΡΙΖΑ-Π.Σ. και ΠΑΣΟΚ να τοποθετηθούν. Μιλώντας, τέλος, για τη στήριξη της οικονομίας και της κοινωνίας, επανέλαβε ότι η κυβέρνηση συνεχίζει τις επίμονες προσπάθειες, επικαλέστηκε τις ενισχύσεις στους αγρότες και την αύξηση στον βασικό μισθό, άφησε ωστόσο, για άλλη μια φορά, την ακρίβεια… στην τύχη της. «Ισως να μην μπορούμε να κάνουμε κάτι παραπάνω, κάποια στιγμή όμως η ακρίβεια θα υποχωρήσει, αλλά οι αυξήσεις θα παραμείνουν», δήλωσε χαρακτηριστικά. Ο Σωκράτης Φάμελλος αντέδρασε με σκληρή κριτική στη ρητορική Μητσοτάκη και κατήγγειλε τον πρωθυπουργό για «ψεύδη» εναντίον της αξιωματικής αντιπολίτευσης. «Οι ποινές για το Μάτι δεν συνδέονται με κανένα τρόπο με την αναθεώρηση των Π.Κ. το 2019» επανέλαβε, ενώ εξέφρασε τη βεβαιότητα πως η κάλπη των ευρωεκλογών θα δώσει «ένα πρώτο μήνυμα ανατροπής» της κυβέρνησης. Ο Νίκος Ανδρουλάκης κατηγόρησε τον Κυριάκο Μητσοτάκη για αλαζονεία και αμετροέπεια, ενώ υποστήριξε, σε αντίθεση με τους «εκβιασμούς» προς το εκλογικό σώμα, πως στις 9 Ιουνίου δεν διακυβεύεται η σταθερότητα της χώρας αλλά «ανοίγει η πόρτα εξόδου της Νέας Δημοκρατίας».",na,efsyn.gr,2024-05-02,Πολιτική
https://www.efsyn.gr/politiki/antipoliteysi/431629_anastasimi-periodeia-kasselaki,Αναστάσιμη περιοδεία Κασσελάκη,"Αναστάσιμη περιοδεία Κασσελάκη  Οι ευρωεκλογές της 9ης Ιουνίου και το στοίχημα που καλείται να κερδίσει ο ΣΥΡΙΖΑ-Π.Σ. δεν επιτρέπουν πολλές μέρες ξεκούρασης για τον Στέφανο Κασσελάκη. Για την ακρίβεια επιτρέπουν την εξής μία, το Μεγάλο Σάββατο.Από χθες το απόγευμα ο επικεφαλής της αξιωματικής αντιπολίτευσης θα βρισκόταν στην Κέρκυρα για να περάσει τις μέρες του Πάσχα, το πρόγραμμά του ωστόσο παραμένει φορτωμένο καθώς σήμερα θα έχει συναντήσεις με φορείς του νησιού, ενώ την Κυριακή του Πάσχα θα επισκεφτεί τον Ναυτικό Σταθμό. Από εβδομάδα οι περιοδείες αρχίζουν και πάλι καθώς το πρόγραμμά του θα τον φέρει... απέναντι, στην Ηπειρο, όπου και θα πραγματοποιήσει τριήμερη περιοδεία, γεγονός που σημαίνει ότι αναμένεται στην Αθήνα προς τα τέλη της επόμενης εβδομάδας. Την ίδια ώρα η Κουμουνδούρου επικαιροποιεί και διαμορφώνει ανάλογα με τις εξελίξεις τον αντιπολιτευτικό της λόγο που αποτελεί αιχμή του δόρατος στον δρόμο προς την κάλπη. Στην κορυφή βρίσκεται το κράτος δικαίου με διάφορες αφορμές στις οποίες μπορεί να πατήσει ώστε να εκφέρει αντιπολιτευτικό λόγο. Μετά τα Τέμπη, στο επίκεντρο βρέθηκαν και πάλι οι νεκροί στο Μάτι λόγω της πρωτόδικης απόφασης, η οποία έριξε στα μαλακά και με μικρές ποινές εκείνους που κρίθηκαν ένοχοι. Τα τελευταία 24ωρα εξελίσσεται ένα πινγκ πονγκ ευθυνών μεταξύ κυβέρνησης και αξιωματικής αντιπολίτευσης σε σχέση με τους ποινικούς κώδικες που ψήφισε ο καθένας εξ αυτών και πάνω σε ποιον νόμο και άρθρο βασίστηκαν οι ποινές, με τον ΣΥΡΙΖΑ να κατηγορεί την κυβέρνηση και τούμπαλιν. Στο πλαίσιο αυτό ο Στέφανος Κασσελάκης έδωσε χθες στη δημοσιότητα σχετικό βίντεο επιχειρώντας να δώσει τέλος στην «προπαγάνδα Μητσοτάκη» για το συγκεκριμένο θέμα. «Θέλετε να μάθετε την αλήθεια για τις απαράδεκτα χαμηλές ποινές στη δίκη για το Μάτι; Ας δούμε μαζί πρώτα το κατ’ επάγγελμα ψέμα του κ. Μητσοτάκη», σημειώνει ο πρόεδρος του ΣΥΡΙΖΑ-Π.Σ. καθώς στο βίντεο-παρέμβαση που ανήρτησε στο facebook παρουσιάζει τις δηλώσεις του ποινικολόγου και δικηγόρου οικογένειας θυμάτων στο Μάτι, Βασίλη Καπερνάρου, του δικηγόρου Βασίλη Σωτηρόπουλου και του προέδρου του Δικηγορικού Συλλόγων Αθηνών, Δημήτρη Βερβεσού. Ο Βασίλης Σωτηρόπουλος εξηγεί ότι «το ίδιο άρθρο 302, όπως ίσχυε με τον Π.Κ. του 1950, ίσχυε το 2018, το 2019, το ίδιο κι απαράλλαχτο ισχύει και σήμερα». Στο ίδιο βίντεο ο Δημήτρης Βερβεσός εξηγεί «πώς η Ν.Δ. άλλαξε τον Ποινικό Κώδικα ώστε οι ένοχοι να πληρώνουν και να φεύγουν». Δεύτερο μέτωπο είναι αυτό της ακρίβειας η οποία φαίνεται πολύ πιο έντονα λόγω των ημερών. Γι’ αυτό άλλωστε και χθες ο Στέφανος Κασσελάκης πριν αναχωρήσει για την Κέρκυρα επισκέφτηκε τη Βαρβάκειο Αγορά και μίλησε με καταστηματάρχες αλλά και καταναλωτές που ψώνιζαν για το πασχαλινό τραπέζι. Παρά τις διαβεβαιώσεις του αρμόδιου υπουργού ότι η κατάσταση έχει καλυτερεύσει πολύ και ότι η ακρίβεια τουλάχιστον στα βασικά πασχαλινά προϊόντα έχει αναχαιτιστεί, η πραγματικότητα φαίνεται να τον διαψεύδει καθώς το κόστος αναμένεται να είναι κατά μέσο όρο ελαφρώς αυξημένο σε σχέση με πέρυσι, γεγονός που αναμενόταν να αναδειχθεί χθες από τον πρόεδρο του ΣΥΡΙΖΑ. Το τρίτο μέτωπο είναι το ροκάνισμα του αντιπάλου με φόντο τις ευρωεκλογές. Ο ΣΥΡΙΖΑ έχει βάλει στο στόχαστρο συγκεκριμένους υποψηφίους της Ν.Δ., όπως ο Γιώργος Αυτιάς (για το σύνθημα «Πατρίς-θρησκεία-οικογένεια»), η Ελεονώρα Μελέτη (για παλαιότερες δηλώσεις της που αφορούσαν τον χρυσαυγίτη Ηλία Κασιδιάρη), η Βίκυ Φλέσσα (για την απαράδεκτη δήλωσή της σχετικά με τα Τέμπη), ενώ στη λίστα έχουν προστεθεί ο υφυπουργός Υγείας (αρμόδιος για την Ψυχική Υγεία) Δημήτρης Βαρτζόπουλος (για απαράδεκτες και αντιεπιστημονικές δηλώσεις σχετικά με τον ρόλο της γυναίκας και όχι μόνο), αλλά και ο βουλευτής της Ν.Δ. Δημήτρης Κυριαζίδης για τον ομοφοβικό του λόγο. Προς το παρόν πάντως η τακτική του ΣΥΡΙΖΑ δεν φαίνεται να πιάνει, καθώς οι δύο πρώτοι στη λίστα δείχνουν να τα πηγαίνουν πολύ καλά στις δημοσκοπήσεις που αφορούν τους υποψηφίους του κυβερνώντος κόμματος.",na,efsyn.gr,2024-05-03,Πολιτική
https://www.efsyn.gr/politiki/antipoliteysi/431638_kke-apenanti-sti-theoria-ton-dyo-akron-poy-yiothetei-i-ee,ΚΚΕ: Απέναντι στη θεωρία των δύο άκρων που υιοθετεί η Ε.Ε.,"ΚΚΕ: Απέναντι στη θεωρία των δύο άκρων που υιοθετεί η Ε.Ε.  Εχουν δίκιο: Το Ευρωκοινοβούλιο για ακόμη μία φορά αποφάσισε να ακολουθήσει τη θεωρία των δύο άκρων και μπροστά στον ορατό κίνδυνο να μην μπορεί να νομοθετήσει καν στη νέα Ευρωβουλή (σ.σ.: γιατί αν είναι τα ακροδεξιά κόμματα και οι δηλωμένοι ιδεολογικοί απόγονοι ένα ισχυρό ποσοστό, πώς θα περνάνε νομοθετήματα υπέρ των δικαιωμάτων, της ισότητας, της δικαιοσύνης, κατά της διαφθοράς κ.λπ.;), διακινεί ένα προεκλογικό βίντεο στο οποίο ουσιαστικά προωθεί τη θεωρία των δύο άκρων. «Να θυμάσαι ότι η ελευθερία και η δημοκρατία δεν υπήρχαν πάντα κι ότι μπορούμε να τις χάσουμε σε μια στιγμή», λέει η γιαγιά στο εγγόνι της στο βίντεο, ενώ λίγο πριν παρακολουθούσαμε μαρτυρίες επιζησάντων από τα στρατόπεδα συγκέντρωσης, από τη ναζιστική Κατοχή, αλλά και συμμετεχόντων στην Ανοιξη της Πράγας και στην πτώση του Τείχους του Βερολίνου. Φυσικά δεν υπήρχε ούτε ένας Ελληνας στο βίντεο παρότι ήμασταν η μόνη χώρα που είχε τριπλή Κατοχή και νίκησε στον Β΄ Π.Π. Ωστόσο αυτό είναι το λιγότερο ίσως. Γιατί η Ε.Ε. επιλέγει να «προμοτάρει» τη δημοκρατία και την ελευθερία κατά το δοκούν: Αλήθεια, η χρηματική στήριξη που έχει υπογράψει (παρανόμως) η πρόεδρος της Ευρωπαϊκής Επιτροπής, Ούρσουλα φον ντερ Λάιεν, προς την Ουγγαρία, παρά τις ευρωπαϊκές κυρώσεις για έλλειψη και ελευθερίας και δημοκρατίας, γιατί δεν είναι στο σποτ; Πάντως, η Ευρωκοινοβουλευτική Ομάδα του ΚΚΕ καταγγέλλει «τη νέα αυτή αντικομμουνιστική αθλιότητα του Ευρωκοινοβουλίου με τη διακίνηση προεκλογικού διαφημιστικού σποτ για τη συμμετοχή στις ευρωεκλογές της 9ης Ιούνη». Και ναι μεν θεωρεί πως «η Ε.Ε. είναι ό,τι χειρότερο για τον Ευρωπαίο πολίτη», όπως ακούσαμε τον εκπρόσωπό της να λέει σε σχετική ενημέρωση στο Στρασβούργο, ωστόσο και ευρωβουλευτές/τριες κατεβάζει και να μπει στην Ευρωβουλή θέλει, έστω κι αν πραγματικά τη θεωρεί «δεινό». Και όσον αφορά το συγκεκριμένο περιστατικό, δεν έχει και άδικο: «Στο ολιγόλεπτο φιλμ οι προπαγανδιστικοί μηχανισμοί της Ε.Ε. κατόρθωσαν να φτιάξουν έναν ανιστόρητο αχταρμά βάζοντας στο ίδιο τσουβάλι δηλώσεις ανθρώπων που έζησαν τη ναζιστική θηριωδία με “μαρτυρίες” σκοπιμότητας από τις χώρες του σοσιαλισμού, αναπαράγοντας την ανιστόρητη εξίσωση του φασιστικού τέρατος με τον κομμουνισμό. Μάλιστα αυτή τη φορά η Ε.Ε. κατάφερε να ξεπεράσει και τον ίδιο της τον εαυτό, αφού το σποτ είναι ένα μνημείο κομμουνισμού με ολίγον από αντιφασισμό για το “ξεκάρφωμα”». Και συνεχίζει, κάνοντας λόγο για «χυδαία ιστορική παραχάραξη», ενώ κατακρίνει τα όργανα της Ενωσης πως «έχουν το θράσος να εμφανίζονται σαν υπερασπιστές της ""δημοκρατίας"" και των ελευθεριών, την ίδια ώρα που σε μια σειρά κράτη-μέλη της Ε.Ε. τα Κομμουνιστικά Κόμματα απαγορεύονται και η κομμουνιστική ιδεολογία διώκεται σαν ποινικό αδίκημα, με τον “δημοκρατικότατο” ισχυρισμό ότι “υποκινεί διαφωνίες”, όπως συνέβη πρόσφατα στη Λετονία. Και όλα αυτά τη στιγμή που απαγορεύονται διαδηλώσεις και συλλαμβάνονται αγωνιστές υπέρ της Παλαιστίνης, προκειμένου να μη διαταραχθεί η στήριξη της Ε.Ε. στο κράτος του Ισραήλ που συνεχίζει τη γενοκτονία του παλαιστινιακού λαού». Αυτά δηλώνει το κόμμα μέσω των ευρωβουλευτών του και καταλήγει: «Το ανιστόρητο αυτό σποτ προσφέρει άθελά του και μια πολύτιμη υπηρεσία: φανερώνει ποιον πραγματικά θεωρεί αντίπαλό της η Ε.Ε., τους κομμουνιστές και την πάλη των λαών για μια άλλη κοινωνία»... Αν πράγματι ισχύει κάτι τέτοιο, τότε όχι μόνο δεν θα βρει ελευθερία και δικαιοσύνη η Ε.Ε., αλλά φαίνεται πως θα γίνει κατάμαυρη. Και τότε να δούμε ποιος είναι ο πραγματικός εχθρός...",na,efsyn.gr,2024-05-03,Πολιτική
https://www.efsyn.gr/politiki/kybernisi/431737_elafria-arnia-proteinei-kata-tis-akribeias-o-skrekas,«Ελαφριά» αρνιά προτείνει κατά της ακρίβειας ο Σκρέκας,"«Ελαφριά» αρνιά προτείνει κατά της ακρίβειας ο Σκρέκας  Μάλλον φταίει το... βάρος του αρνιού για την ακρίβεια. Διότι, με το στόμα ανοιχτό έμειναν όσοι παρακολουθούσαν τον υπουργό Ανάπτυξης Κώστα Σκρέκα να αναλύει τις τιμές του αρνιού και να προτείνει... «λύσεις» στους καταναλωτές για την ακρίβεια του πασχαλινού τραπεζιού. Ουσιαστικά ο υπουργός προτείνει να φάμε «ελαφρύ αρνί» που θα είναι και φθηνότερο!«Ένα αρνί από ένα αρνί ή ένα αμνοερίφιο από ένα άλλο έχει διαφορά σε ό,τι αφορά το βάρος. Ένα πιο βαρύ προφανώς αρνί θα είναι πιο ακριβό από ένα πιο ελαφρύ, ένα πιο μικρό» είπε ο Κώστας Σκρέκας μιλώντας στον ΣΚΑΪ. «Στόχος μας ήταν να έχει επιλογές ο καταναλωτής. Εγώ μπορεί να πάρω το αρνί ή το κατσίκι από τον κρεοπώλη που τον εμπιστεύομαι και να δώσω 1-2 ευρώ παραπάνω. Υπάρχουν κρεοπωλεία και κρεοπωλεία» σημείωσε ο Κώστας Σκρέκας, για να καταλήξει στην ανάλυση περί βάρους και τιμής. Υπενθυμίζεται πως η κυβέρνηση είχε θέσει ως στόχο η τιμή του αρνιού να είναι στα 10 ευρώ, ενώ τις προηγούμενες ημέρες ο υπουργός υποστήριζε πως οι τιμές θα είναι ίδιες με πέρυσι χάρη στο... καλάθι του Πάσχα. Σαφώς, οι κυβερνητικές προβλέψεις γρήγορα έπεσαν στο κενό και το πασχαλινό τραπέζι υπολογίζεται από τους φορείς της αγοράς έως και 19% ακριβότερο! Όπως αναμενόταν, σκωπτική ήταν η απάντηση του ΣΥΡΙΖΑ - ΠΣ ο οποίος σημείωσε ότι ο Κώστας Σκρέκας μας ενημέρωσε ότι το «αρνί που δυσκολεύονται να αγοράσουν οι πολίτες για το Πάσχα, δεν είναι ακριβό αλλά... βαρύ. Αν θέλουν οι καταναλωτές φθηνότερο, μπορούν να επιλέξουν ένα ελαφρύτερο, σύμφωνα με τον υπουργό. Αφού η κυβέρνηση δεν μπορεί να αντιμετωπίσει αποτελεσματικά την ακρίβεια και τον πληθωρισμό στα τρόφιμα, ο υπουργός Ανάπτυξης το ρίχνει στις... ασκήσεις φυσικής. Και μη χειρότερα».",efsyn.gr,efsyn.gr,2024-05-03,Πολιτική
https://www.efsyn.gr/politiki/i-apopsi-tis-efsyn/431723_doro-ston-eghorio-fasismo,Δώρο στον εγχώριο φασισμό,"Δώρο στον εγχώριο φασισμό  Η είδηση είναι σοκαριστική, καθώς με βούλευμα του δικαστικού συμβουλίου Πλημμελειοδικών Λαμίας θα βρεθεί -και τυπικά- εκτός φυλακής ο αρχηγός της «Χρυσής Αυγής». Ο αρχηγός δηλαδή μιας εγκληματικής φασιστικής οργάνωσης, η οποία έχει τελέσει σωρεία εγκλημάτων κατά Ελλήνων πολιτών, μεταναστών και προσφύγων, με κορυφαίο τη δολοφονία του Παύλου Φύσσα. Παρόλο που θεωρείται βέβαιο πως θα ασκηθούν όλα τα ένδικα μέσα ώστε αυτή η απόφαση να ανατραπεί, το σημαντικότερο ζήτημα σε αυτήν την υπόθεση δεν είναι το τυπικά νομικό, αλλά το ουσιαστικά πολιτικό και ταυτόχρονα κοινωνικό. Ενδεχομένως, ο νόμος παρείχε τυπικά τη δυνατότητα στο δικαστικό συμβούλιο της Λαμίας να απελευθερώσει πρόωρα τον αρχηγό της εγκληματικής οργάνωσης. Αλλά αυτό δεν σημαίνει πως έπρεπε να αγνοήσουν ποιον απελευθερώνουν. Η απόφαση αυτή έχει ισχυρό, πολιτικό, κοινωνικό και δικαιικό αντίκτυπο που καθόλου δεν σχετίζεται με το γεγονός ότι ο Μιχαλολιάκος ουδέποτε μεταμελήθηκε. Ο νόμος δεν προβλέπει τέτοια απαίτηση. Επιπλέον, η μεταμέλεια -πέραν του αρνητικού ιστορικού της φορτίου- δεν μπορεί να εξακριβωθεί και κατά συνέπεια αν υπήρχε μάλλον θα ήταν υποκριτική. Αλλωστε όλη η δημόσια παρουσία της εγκληματικής οργάνωσης δεν ήταν τίποτα περισσότερο και τίποτα λιγότερο από ψέμα, θρασυδειλία και υποκρισία. Αναμφίβολα ο φασισμός, ως κοινωνικό φαινόμενο, δεν αντιμετωπίζεται με δικαστικές - κατασταλτικές αποφάσεις, αλλά με τη δράση των δημοκρατικών οργανώσεων μέσα στην κοινωνία. Τα εγκλήματα του φασισμού, όμως, μόνο με δικαστικές αποφάσεις μπορούν να τιμωρηθούν και ο φόβος της τιμωρίας μπορεί να συμβάλει αποτρεπτικά στην επανάληψή τους. Δυστυχώς η απόφαση για πρόωρη αποφυλάκιση του Μιχαλολιάκου δεν κινείται προς αυτήν την κατεύθυνση. Προκαλεί έναν αρνητικό κοινωνικό - πολιτικό αντίκτυπο που έχει να κάνει με το γεγονός ότι ένας αρχηγός εγκληματικής οργάνωσης θα βρεθεί πρόωρα ελεύθερος. Κι αν ο αρχηγός είναι ελεύθερος αυτό λειτουργεί απελευθερωτικά και για τους υπόλοιπους της συμμορίας, εντός κι εκτός φυλακών. Οποία αντίφαση! Ο Μιχαλολιάκος απελευθερώνεται από την Δικαιοσύνη τη στιγμή που η συγκαλυμμένη πολιτική δράση των φασιστών ξεσκεπάζεται, επίσης, από τη Δικαιοσύνη (υπόθεση «Σπαρτιατών»). Σε μια πολιτική συγκυρία που η Ακροδεξιά σηκώνει και πάλι απειλητικά κεφάλι σε Ελλάδα και Ευρώπη, η ελληνική κυβέρνηση στρέφει το τιμόνι της πολιτικής της ακόμη πιο δεξιά. Καλύτερο δώρο στον εγχώριο φασισμό και για τον εκφασισμό της κοινωνίας δεν θα μπορούσε να υπάρξει.",«Εφ.Συν.»,efsyn.gr,2024-05-03,Πολιτική
https://www.efsyn.gr/politiki/paraskinia/431624_dyskolies,Δυσκολίες...,"Δυσκολίες...  Εγκυρες πληροφορίες που φτάνουν στα δημοσιογραφικά γραφεία λένε πως ο κ. Μητσοτάκης, στις συναντήσεις που είχε με βουλευτές του κόμματός του, τους ζήτησε «να βγουν στον δρόμο, να προβάλουν το κυβερνητικό έργο». Κι εκείνοι του απάντησαν, επισημαίνοντας τις δυσκολίες, καθώς οι πολίτες διαρκώς ζητούν εξηγήσεις και ασκούν κριτική στην κυβέρνηση για την ακρίβεια και ανασφάλεια που αισθάνονται λόγω της έκρηξης της εγκληματικότητας. Εμ, άλλο να βλέπεις την κοινωνία μέσα από τους επικοινωνιακούς μηχανισμούς του Μ. Μαξίμου κι άλλο να έρχεσαι πρόσωπο με πρόσωπο απέναντί της. ",Γ.Π.,efsyn.gr,2024-05-03,Πολιτική
https://www.efsyn.gr/politiki/exoteriki-politiki/431636_taxidi-stin-agkyra-me-mikres-prosdokies-alla-kai-pagides,"Ταξίδι στην Αγκυρα με μικρές προσδοκίες, αλλά και παγίδες","Ταξίδι στην Αγκυρα με μικρές προσδοκίες, αλλά και παγίδες  Σε μια κρίσιμη καμπή για την πορεία των εξελίξεων στη Μ. Ανατολή και πριν κοπάσει ο θόρυβος για την αναβολή της επίσκεψης Ερντογάν στις ΗΠΑ, το ταξίδι Μητσοτάκη στην Αγκυρα στις 13 Μαΐου μπαίνει στην τελική φάση της προετοιμασίας, με στόχο από την πλευρά της Αθήνας να αποφευχθούν δυσάρεστες εκπλήξεις και να διατηρηθεί το σημερινό κλίμα στις ελληνοτουρκικές σχέσεις. Η συνάντηση της Αγκυρας θα έχει ελάχιστες ομοιότητες με τη συνάντηση της Αθήνας τον περασμένο Δεκέμβριο, τη διακήρυξη φιλίας με υποσχέσεις για ανάπτυξη της θετικής ατζέντας, του πολιτικού διαλόγου και των συνομιλιών για τα Μέτρα Οικοδόμησης Εμπιστοσύνης. Και στα τρία σκέλη, οι συζητήσεις που διεξήχθησαν τον προηγούμενο μήνα ήταν εστιασμένες στη διατήρηση της υφιστάμενης κατάστασης και τίποτε παραπάνω. Στο ίδιο μοτίβο κινήθηκαν και οι συνομιλίες Γεραπετρίτη-Φιντάν στο Λονδίνο πριν από μία εβδομάδα για την προετοιμασία του πλαισίου και των κοινών δηλώσεων Ερντογάν-Μητσοτάκη. Τη σκυτάλη από τους υπουργούς Εξωτερικών πήραν οι διπλωματικοί σύμβουλοι, πρέσβεις Α. Μ. Μπούρα και Α. Τ. Κιλίτς. Στη θετική ατζέντα όλες οι προσπάθειες εστιάζονται στα εξ αρχής 36 κεφάλαια συνεργασίας, να διατηρηθούν και να προωθηθούν έστω με αργό ρυθμό. Νέα κεφάλαια δεν προστέθηκαν, αντιθέτως με την εισαγωγή μαθήματος της «Γαλάζιας Πατρίδας» στα τουρκικά σχολικά εγχειρίδια το κεφάλαιο της εκπαιδευτικής συνεργασίας βαίνει αρνητικό. Ως προς το θέμα του περιβάλλοντος και εκεί με την τροπή που έχει πάρει η ελληνική πρωτοβουλία για θαλάσσια πάρκα, εγείρεται ερώτημα εάν μπορεί να επέλθει οποιαδήποτε συνεργασία, πλην εκτάκτων καταστάσεων, δηλαδή καταστροφών. Οι πληροφορίες πάντως και από τις δύο πλευρές επιμένουν ότι στη συνάντηση κορυφής θα υπογραφούν νέες συμφωνίες συνεργασίας στους τομείς της τεχνολογίας και της καινοτομίας. Το μείζον για την Αγκυρα αυτή την περίοδο είναι η θέση της στη Μέση Ανατολή και ο ρόλος που θα έχει στην πολιτική διευθέτηση η οποία συζητείται από ΗΠΑ και Ε.Ε. στις επαφές με τις χώρες του Αιγυπτιακού Συνδέσμου (με Αίγυπτο, Σ. Αραβία, Ιορδανία και Κατάρ όπου και η έδρα της Χαμάς). Ο Χ. Φιντάν βρέθηκε στη συνάντηση της Ε.Ε. με τις χώρες του Κόλπου, στο πλαίσιο της Ομάδας Επαφής για τη Γάζα, στο Ριάντ. Μία ημέρα μετά, κατά την υποδοχή του υπουργού Εξωτερικών της Ινδονησίας Ρ. Μανσούντι στην Αγκυρα, χαρακτήρισε ενθαρρυντικό ότι «πολλές χώρες της Ε.Ε. προτίθενται να προβούν σε αναγνώριση κράτους της Παλαιστίνης». Παράλληλα, όμως, η τουρκική διπλωματία έχει επεξεργαστεί, όπως δήλωσε ο Χ. Φιντάν, φάκελο προσφυγής κατά του Ισραήλ στο Διεθνές Ποινικό Δικαστήριο, συμπληρωματικό με εκείνον της Νότιας Αφρικής και αναμένεται η απόφαση του προέδρου Τ. Ερντογάν για την κατάθεση. Το «κατηγορώ» της Τουρκίας στρέφεται και προσωπικά κατά του Μπ. Νετανιάχου, σύμφωνα με τουρκικά μέσα ενημέρωσης, κάτι που δεν προκαλεί έκπληξη καθώς ο Τούρκος πρόεδρος παρομοιάζει τον Ισραηλινό πρωθυπουργό με τον Χίτλερ και από την άλλη εκθειάζει τον ρόλο της Χαμάς, αποκαλώντας την αντιστασιακή και όχι τρομοκρατική όπως οι ΗΠΑ και η Ε.Ε. Η στάση της Αγκυρας έναντι της Χαμάς αποτέλεσε τον κύριο λόγο της αναβολής του ταξιδιού Ερντογάν στης ΗΠΑ. Σε άλλα κρίσιμα θέματα όμως καταγράφηκε σημαντική σύγκλιση, όπως στο ενεργειακό με την υπογραφή προσυμφωνίας Τουρκίας-ExxonMobil για LNG αξίας 1,2 δισ. δολ. ετησίως από το Κατάρ, για 10 χρόνια, ώστε να μειωθεί η ενεργειακή εξάρτηση από τη Ρωσία. Η συνεργασία ανακοινώθηκε στις 28 Απριλίου, την ίδια ημέρα με την αναβολή της επίσκεψης. Τα ανοίγματα Ερντογάν στη Χαμάς προκαλούν και καθυστέρηση της επίσκεψης του προέδρου της Αιγύπτου Αλ Σίσι στην Αγκυρα, που αρχικά είχε προσδιοριστεί για τα τέλη Απριλίου, αλλά μέχρι και τώρα δεν υπάρχει ημερομηνία. Για το Κάιρο, το ενδεχόμενο να μετακομίσει η ηγεσία της Χαμάς από την Ντόχα στην Κωνσταντινούπολη συγκρούεται με τα σχέδια της αιγυπτιακής διπλωματίας η οποία προσπαθούσε επί μία δεκαετία να τερματίσει την παρουσία της Μουσουλμανικής Αδελφότητας στην Τουρκία. Η επάνοδος μέσω της Χαμάς εκλαμβάνεται ως οπισθοδρόμηση και υπό το πρίσμα αυτό η στρατηγική συνεργασία Αιγύπτου-Τουρκίας δεν θα έχει νόημα δίχως τη Γάζα και το Παλαιστινιακό. Η Ελλάδα κινείται στο πλαίσιο της πολιτικής της Ε.Ε. ακολουθώντας τις ΗΠΑ και βρίσκεται σε επικοινωνία με τις αραβικές χώρες οι οποίες τηρούν μέχρι τώρα μετριοπαθή στάση έναντι του Ισραήλ. Με ποιο τρόπο θα αποτυπωθεί η διάσταση στις δηλώσεις Μητσοτάκη-Ερντογάν μένει να φανεί στις 13 Μαΐου, αναλόγως και των εξελίξεων στη Γάζα. Ο προσφορότερος διπλωματικός δρόμος θα ήταν με δύο σύντομες τοποθετήσεις θέσεων, χωρίς έμφαση στις διαφορές, όμως ουδείς μπορεί να στοιχηματίσει από τώρα. Ως προς το θέμα των θαλάσσιων ζωνών στο Αιγαίο και στην Ανατολική Μεσόγειο, ο διάλογος δεν έχει προχωρήσει ώστε να εξεταστούν προτάσεις διευθέτησης με παραπομπή στο Διεθνές Δικαστήριο της Χάγης ή του Αμβούργου. Τα «ήρεμα νερά» για την Αθήνα αποτελούν μια θετική εξέλιξη που πρέπει να διατηρηθεί, όμως στο διπλωματικό επίπεδο η Αγκυρα με Navtex επαναφέρει συνεχώς τις «γκρίζες» αξιώσεις και θέματα κυριαρχίας των νησιών του ανατολικού Αιγαίου. Και στο τουρκολιβυκό μνημόνιο δεν διαφαίνεται διάθεση αλλαγών, όπως δείχνουν οι τελευταίες συναντήσεις μεταξύ κυβέρνησης Ντμπεϊμπά και αντιπροσωπειών ΗΠΑ και Ε.Ε., στην Τρίπολη. Στο ζήτημα των σχέσεων Ε.Ε.-Τουρκίας επίσης δεν υπάρχει εξέλιξη που θα μπορούσε να προβληθεί θετικά. Στη σύνοδο κορυφής της Ε.Ε. τα ευρωτουρκικά ετέθησαν υπό το πρίσμα της αιρεσιμότητας για κάθε βήμα και παράλληλα στο κείμενο των συμπερασμάτων έγινε αναφορά στο Κυπριακό και στην πρόθεση των Βρυξελλών για ενεργότερο ρόλο. Κρίσιμη για τη συνέχεια της πρωτοβουλίας Γκουτέρες θεωρείται η προσεχής εβδομάδα. Η απεσταλμένη του ΟΗΕ Μ. Α. Ολγκίν Κουέγιαρ θα συναντηθεί με τον Ν. Χριστοδουλίδη στις 8 Μαΐου και ακολούθως με τον Ε. Τατάρ. Η τουρκοκυπριακή πλευρά δηλώνει αντίθετη στην επανεκκίνηση του διαλόγου και ο κίνδυνος να τιναχθεί στον αέρα η νέα προσπάθεια του Οργανισμού είναι ορατός. Στην Αθήνα το Κυπριακό πέρασε εν συντομία από τις κοινές δηλώσεις, πλην όμως το ενδεχόμενο να επανέλθει αναλυτικά στην Αγκυρα είναι ανοιχτό, από τις συνακόλουθες εξελίξεις στη Λευκωσία. Παράλληλα η τουρκική κυβέρνηση εμφανίζεται ενοχλημένη από τις προχθεσινές συμφωνίες της Λευκωσίας με την ΕΝΙ (και την Total) για συνέργειες με την Αίγυπτο στη μεταφορά φυσικού αερίου από τα κυπριακά στα αιγυπτιακά πεδία. Τέλος, υπάρχει πάντα στο τραπέζι η τουρκική ενόχληση για την πρωτοβουλία «Αμάλθεια», εφόσον συνεχιστεί με την κατασκευή προβλήτα από τους Αμερικανούς στη Γάζα.",na,efsyn.gr,2024-05-03,Πολιτική
https://www.efsyn.gr/politiki/antipoliteysi/431680_antarsya-i-proklisi-me-ton-mihaloliako-den-tha-perasei,ΑΝΤΑΡΣΥΑ: Η πρόκληση με τον Μιχαλολιάκο δεν θα περάσει!,"ΑΝΤΑΡΣΥΑ: Η πρόκληση με τον Μιχαλολιάκο δεν θα περάσει!  «Το βούλευμα του Συμβούλιου Πλημμελειοδικών Λαμίας για τηναποφυλάκιση του φύρερ της Χρυσής Αυγής Νίκου Μιχαλολιάκου είναι ένα καραμπινάτο σκάνδαλο για το αντιφασιστικό κίνημα, για όλη την εργατική τάξη και τη νεολαία που μέσα από τους αγώνες τους πήγαν τη δολοφονική ηγεσία της ναζιστικής Χρυσής Αυγής σε δίκη και τους χώσανε στη φυλακή. Η καταδίκη του Μιχαλολιάκου ήταν για, μόλις, 13 χρόνια και 6 μήνες ενώ η δίκη που διεξάγεται στο Εφετείο θα εξεταστεί η αύξηση της ποινής του σε 15 χρόνια. Με αυτή την απόφαση ακόμα και αυτή ποινή - χάδι μειώνεται ενώ τα δύο τελευταία χρόνια δεν ήταν στη φυλακή αλλά στο Κέντρο Αποκατάστασης στους Αγίους Αναργύρους. Είναι προκλητικό ψέμα ότι η αποφυλάκιση, λόγω έκτισης μέρους της ποινής του, είναι υποχρεωτική. Αυτό θα συνέβαινε μόνο υπό την προϋπόθεση της μεταμέλειας και της μετάνοιας αλλά ο Μιχαλολιάκος όχι μόνο δεν έδειξε «μεταμέλεια και μετάνοια» αλλάεξακολούθησε να ηγείται της Χρυσής Αυγής η οποία δεν σταμάτησε ποτέ να οργανώνει επιθέσεις, να διατηρεί ανοικτά γραφεία-ορμητήρια ενώ πρώην μέλη της πρωταγωνιστούν σε επιθέσεις στην Σταυρούπολη, στον Εύοσμο, στο Ν. Ηράκλειο. Με αυτή την απόφαση - δώρο στους φασίστες δολοφόνους του Παύλου Φύσσα και του Σαχζάτ Λουκμάν, η «δικαιοσύνη» τους δίνει το έναυσμα ότι μπορούν ξανά να προχωράνε σε δολοφονικές επιθέσεις κατά των συνδικάτων, των φοιτητικών συλλόγων, των μεταναστών, των γυναικών, των ΛΟΑΤΚΙ και των Ρομά. Η κυβέρνηση της ΝΔ, με την ρατσιστική πολιτική της και με τα ανοίγματα στην ακροδεξιά, για να βγει από την απομόνωση στην οποία την έχει βάλει η οργή του κόσμου για την δολοφονική πολιτική της, για την συγκάλυψη των εγκλημάτων των Τεμπών και της Πύλου, για την ακρίβεια, την εμπλοκή στους πολέμους, τον σεξισμό, πριμοδότησε αυτή την απόφαση και μάλιστα παραμονές ευρωεκλογών. Είναι συνολικά η πορεία της αστικής πολιτικής και της Ευρωπαϊκής Ένωσης προς τον πόλεμο και τον μιλιταρισμό, την ένταση των ανταγωνισμών, τον ρατσισμό και την ισλαμοφοβία, τη φτωχοποίηση και την εκμετάλλευση των εργαζομένων, που δημιουργεί θερμοκήπια για την ακροδεξιά και τον φασισμό. Αυτή την πολιτική και αυτό το σύστημα οι εργαζόμενοι και η νεολαία αντιπαλεύουν και θα ανατρέψουν, πετώντας στα σκουπίδια τους νεοναζί και τις φασιστικές ομάδες. Θα μας βρούνε μπροστά τους! Η ΑΝΤΑΡΣΥΑ καλεί σε επαγρύπνησητο αντιφασιστικό κίνημα για να βάλει φραγμό στην αποφυλάκιση του Μιχαλολιάκου και απαιτεί την άμεση άσκηση έφεσης από την εισαγγελία ώστε να οδηγηθεί αμέσως στη φυλακή ο Μιχαλολιάκος. Ποτέ ξανά φασισμός! Στη φυλακή οι ναζί της Χρυσής Αυγής!» ",na,efsyn.gr,2024-05-03,Πολιτική
https://www.efsyn.gr/politiki/antipoliteysi/431643_eyroekloges-me-orizonta-ethnikon,Ευρωεκλογές με ορίζοντα εθνικών,"Ευρωεκλογές με ορίζοντα εθνικών  Tη μάχη των ευρωεκλογών με το ένα μάτι στραμμένο και στις εθνικές εκλογές δίνουν στο ΠΑΣΟΚ. «Την 9η Ιουνίου θα ανοίξει η πόρτα, ώστε στις επόμενες εθνικές εκλογές να είστε παρελθόν», δήλωσε απευθυνόμενος στην κυβέρνηση από τη Βουλή ο Νίκος Ανδρουλάκης, ενώ σε πρόσφατη συνέντευξή του είχε υποστηρίξει ότι ο μεγάλος στόχος για το κόμμα του είναι στις επόμενες εθνικές εκλογές «να υπάρχει αντίπαλος που θα μπορεί να κερδίσει τη Ν.Δ.». Για τη Χαριλάου Τρικούπη, η προσεχής αναμέτρηση για το Ευρωκοινοβούλιο σε λιγότερο από 40 ημέρες, πέρα από το αμιγώς ευρωπαϊκό σκέλος της ψήφου, αποκτά ένα διπλό διακύβευμα σε ό,τι αφορά τις εγχώριες εξελίξεις: Αφ’ ενός να σταλεί ένα ηχηρό μήνυμα αποδοκιμασίας της Ν.Δ., των πολιτικών που εφαρμόζει και της αλαζονείας που εκπέμπει ο λόγος του πρωθυπουργού και υπουργών. «Τον πέμπτο χρόνο της Ν.Δ. στην εξουσία, καμία σταθερότητα δεν κινδυνεύει στις ευρωπαϊκές εκλογές. Αυτό που βρίσκεται όμως σε κίνδυνο είναι το βιοτικό επίπεδο του ελληνικού λαού που χειροτερεύει λόγω της ακρίβειας και του κόστους ζωής, το αίσθημα ασφάλειας που διαρκώς συρρικνώνεται, η ποιότητα της δημοκρατίας και του κράτους δικαίου που τραυματίζεται από τα αλλεπάλληλα σκάνδαλα και τη συγκάλυψη που επιχειρείται από το μέγαρο Μαξίμου», είχε τονίσει με νόημα ο κ. Ανδρουλάκης. Αφ’ ετέρου να στηριχθεί και να ενισχυθεί το ΠΑΣΟΚ, ώστε να αναλάβει καθήκοντα «ισχυρής και σοβαρής» αξιωματικής αντιπολίτευσης, έναν ρόλο που -κατά τις ίδιες πηγές- αδυνατεί να εκπληρώσει με επάρκεια ο ΣΥΡΙΖΑ του Στέφανου Κασσελάκη. Πάντως, αν δεν πιαστούν η δεύτερη θέση και ποσοστό αρκετά υψηλότερο από την εκλογική διαδικασία του 2023, δεν αποκλείεται να υπάρξει εσωκομματική γκρίνια με ό,τι αυτό συνεπάγεται… Στο κομμάτι των προγραμματικών θέσεων, κεντρικοί πυλώνες της προεκλογικής εκστρατείας είναι η ακρίβεια, η Υγεία, η στεγαστική πολιτική, η Παιδεία και το κοινωνικό κράτος. «Είστε ταυτισμένοι με την ακρίβεια. Ακρίβεια στην Υγεία, ακρίβεια στα τρόφιμα, ακρίβεια στην ενέργεια, ακρίβεια στα ενοίκια. Η εποχή σας είναι μια εποχή ακρίβειας», ήταν η μομφή εναντίον της κυβέρνησης από τον πρόεδρο του ΠΑΣΟΚ, ο οποίος χθες περιόδευσε στη δημοτική αγορά της Καλλιθέας. «Για το μόνο που μπορεί να πανηγυρίζει ο Κυριάκος Μητσοτάκης είναι ότι έκανε την Ελλάδα πρωταθλήτρια Ευρώπης στην ακρίβεια. Είχαμε τον Μάρτιο υπερτετραπλάσια αύξηση του ρυθμού του πληθωρισμού στα τρόφιμα σε σχέση με τον μέσο όρο της Ε.Ε.», εξήγησε εξίσου επιθετικά ο κ. Ανδρουλάκης, καλώντας την κυβέρνηση να παραιτηθεί το συντομότερο δυνατό, «γιατί όσο μένετε σε θέσεις εξουσίας τόσο γρηγορότερα θα καταρρεύσει το κοινωνικό κράτος». Στο μεταξύ, ψηλά στην ατζέντα συντηρείται η πρόταση για διεξαγωγή ντιμπέιτ ανάμεσα στους πολιτικούς αρχηγούς, παρά την απόρριψή του από την πλευρά της Ν.Δ. και την αιδήμονα σιωπή του ΣΥΡΙΖΑ.",na,efsyn.gr,2024-05-03,Πολιτική
https://www.efsyn.gr/politiki/antipoliteysi/431683_na-yperaspistoyme-tis-axies-mas-kai-na-deixoyme-oti-yparhei,«Να υπερασπιστούμε τις αξίες μας και να δείξουμε ότι υπάρχει εναλλακτική»,"«Να υπερασπιστούμε τις αξίες μας και να δείξουμε ότι υπάρχει εναλλακτική»  Στο έγκλημα των Τεμπών, τις υποκλοπές και ολιγωρίες της κυβέρνησης στάθηκε, μεταξύ άλλων, ο Στέφανος Κασσελάκης, σε συνέντευξη στο Euractiv στην οποία παράλληλα μίλησε για το κόμμα του και τη μάχη των ευρωκλογών, με δεδομένη τη δυσπιστία των πολιτών στο πολιτικό σύστημα. «Ο νέος ΣΥΡΙΖΑ είναι αυτό που λέμε Σύγχρονη Αριστερά, που καλύπτει άνετα όλη την Κεντροαριστερά. Nομίζω ότι οι απτές διαφορές καταλήγουν στο πώς πιστεύουμε ότι χρειαζόμαστε ισχυρό το ρόλο του κράτους, αποτελεσματικό κράτος, αλλά κράτος για την επίλυση μεγάλων προβλημάτων. Δεν μπορούμε απλώς να έχουμε διοικητικές αλλαγές στο περιθώριο και να ελπίζουμε ότι τα πράγματα θα αλλάξουν όταν πάλι, σε αυτή τη χώρα, το 72% των ανθρώπων, 18 έως 35 ετών, εξακολουθούν να ζουν στην παιδική τους κρεβατοκάμαρα. Χρειαζόμαστε κυβέρνηση για να το διορθώσει αυτό» τόνισε ο πρόεδρος της αξιωματικής αντιπολίτευσης. Ο ίδιος υποστήριξε πως ο ΣΥΡΙΖΑ έχει ένα γενναιόδωρο στεγαστικό πρόγραμμα για να δημιουργήσει σχηματισμούς αποκέντρωσης όπου οι άνθρωποι μπορούν επίσης, οι Έλληνες του εξωτερικού μπορούν να επιστρέψουν και να πραγματοποιήσουν την έρευνά τους και να δημιουργήσουν μια θετική εξωτερικότητα στην κοινωνία, στην οικονομία. «Και μπορούμε να το έχουμε αυτό όχι απλώς ιδιωτικοποιώντας τα πάντα, όπως κάνει η σημερινή κυβέρνηση. Το ίδιο πράγμα με την υγειονομική περίθαλψη. Το 40% των δαπανών για την υγεία στην Ελλάδα είναι ιδιωτικές. Και υπάρχουν τεράστια ελλείμματα στο δημόσιο σύστημα υγείας» ανέφερε. Επίσης, επανέλαβε πως το κόμμα του βρίσκεται σε διαδικασία ανανέωσης του ΣΥΡΙΖΑ, επέκτασης βάσης. «Κάναμε πολύ καλή δουλειά, νομίζω, ανοίγοντας το κόμμα μας ώστε να εισέλθουν φρέσκα ταλέντα. Ψηφιοποιήσαμε τις διαδικασίες μας, ώστε ο κόσμος να μπορεί να ανατροφοδοτεί τις προτάσεις μας. Nομίζω ότι είναι απλώς θέμα χρόνου μέχρι να μας ανταμείψει ο κόσμος για αυτές τις αλλαγές που κάνουμε. Είναι ένα νέο παράδειγμα πολιτικής. Και νομίζω ότι η ιδεολογία μας, μαζί με τον επαγγελματισμό μας, θα αναγνωριστεί τελικά από τον ελληνικό λαό» ίσχυρίστηκε. Παράλληλα, εξέφρασε βαθιά ανησυχία για την άνοδο της ακροδεξιάς τονίζοντας την ανάγκη να συνειδητοποιήσει ο κόσμος ότι οι εκλογές έχουν συνέπειες και ότι η Ευρώπη ήταν επιτυχής λόγω της αλληλεγγύης τις προηγούμενες αρκετές δεκαετίες. Και αν εγκαταλείψουμε αυτή την αλληλεγγύη για να καταφύγουμε απλώς σε μια ρητορική μίσους και διχασμού, αυτό θα έρθει και θα μας βλάψει μακροπρόθεσμα, αν όχι μεσοπρόθεσμα. «Πρέπει, λοιπόν, να ενωθούμε και να υπερασπιστούμε τις αξίες μας και να δείξουμε ότι υπάρχει εναλλακτική λύση. Να δείξουμε ότι υπάρχει μια εναλλακτική. Και υπάρχουν παραδείγματα για αυτό. Η Ισπανία, για παράδειγμα, είναι μια καλή τέτοια περίπτωση. Νομίζω ότι ο Σύριζα στην Ελλάδα παρέχει μια καλή εναλλακτική. Και αυτό γίνεται όλο και πιο ξεκάθαρο στον κόσμο όσο περνάει ο χρόνος. Αλλά πρέπει να συντονιστούμε περισσότερο. Έχουμε πιο σύνθετα επιχειρήματα από τα σλόγκαν της δεξιάς. Και αυτό σημαίνει ότι πρέπει να τριπλασιάσουμε, να τετραπλασιάσουμε τις προσπάθειές μας για να μπορέσουμε να τα επικοινωνήσουμε αποτελεσματικά» είπε. «Νομίζω ότι υπάρχει μια γενική δυσπιστία απέναντι στο πολιτικό σύστημα, μια δυσπιστία στην ικανότητα του κατεστημένου να ικανοποιήσει τις κοινωνικές ανάγκες. Το βλέπουμε αυτό με το κόστος της ζωής που έχει αυξηθεί σε όλο τον κόσμο, την τεράστια εισοδηματική ανισότητα, την αδυναμία της Ευρώπης να έχει το δικό της ξεκάθαρο μήνυμα εξωτερικής πολιτικής, για παράδειγμα, ενάντια στις θηριωδίες που λαμβάνουν χώρα αυτή τη στιγμή στην Παλαιστίνη, η οποία, για άλλη μια φορά, δίνει την εντύπωση ότι τα ευρωπαϊκά ανώτερα κλιμάκια δεν εισακούουν πραγματικά τις ελπίδες και τις προσδοκίες του κόσμου» είπε για να προσθέσει τα εξής: «Και έτσι, όταν έχεις αυτού του είδους την ανασφάλεια και αυτού του τύπου έλλειψη ανταπόκρισης από τα πάνω, ο κόσμος συχνά δείχνει τους μετανάστες, τους πρόσφυγες , τον ""άλλο"", στην προσπάθεια να βρουν έναν αποδιοπομπαίο τράγο. Και η Αριστερα, και γενικά και οι Σοσιαλδημοκράτες και τα πράσινα κόμματα, πρέπει πραγματικά να κάτσουμε κάτω και να σχηματίσουμε ένα μήνυμα σύγχρονης διακυβέρνησης, ένα μήνυμα που δείχνει ότι υπάρχει τρόπος, έξω από τους περιορισμούς της λιτότητας, για τη δημιουργία υψηλής ποιότητας ανάπτυξης, ότι υπάρχει τρόπος να επενδύσουμε στην κλιματική προσαρμογή και να προστατέψουμε τα παιδιά μας». Σε ό,τι αφορά στο μέτωπο της οικονομίας και όχι μόνο ο κ. Κασσελάκης υποστήριξε πως «πρέπει να δείξουμε ότι κατανοούμε τον ρόλο των ανοιχτών αγορών, αλλά με τον σωστό τύπο ρύθμισης, έτσι ώστε οι άνθρωποι να μπορούν να συμμετέχουν και οι εισοδηματικές ανισότητες να εξαφανιστούν με την πάροδο του χρόνου. Στην αριστερά υπάρχει έλλειμμα όσον αφορά σε μια αξιοπιστη σύγχρονη διακυβέρνηση. Και πρέπει να το εξηγήσουμε με πολύ απλά λόγια στους Ευρωπαίους πολίτες. Πώς μπορούμε να κυβερνήσουμε με τρόπο που δεν αφορά μόνο στις μεγάλες εταιρείες και τις νεοφιλελεύθερες ιδεολογίες». Ερωτηθείς για τον στόχο του ΣΥΡΙΖΑ-Προοδευτική Συμμαχία απάντησε πως υπήρξε μεγάλη αστάθεια μέσα στο κόμμα μετά τις τελευταίες εθνικές εκλογές, όπου βρεθήκε 23 μονάδες πίσω από το κυβερνών κόμμα - από τη λεγόμενη κεντροδεξιά, παρόλο που πολλές από τις πολιτικές τους είναι σκληροπυρηνικές δεξιές, κατά την άποψή μου. Και πολλοί από τους υποψηφίους τους για τις Ευρωεκλογές είναι από την ακροδεξιά. Tέλος, αναφέρθηκε σε αξίες του κόμματος, όπως η αλληλεγγύη ή προστασία του περιβάλλοντος, «για να είμαστε ενεργητικοί όσον αφορά στην κλιματική κρίση με την οποία είμαστε όλοι αντιμέτωποι, διασφαλίζοντας ότι οι εργαζόμενοι μπορούν να συμμετάσχουν στην ανάπτυξη και να έχουν δικαιώματα και το δικαίωμα των συλλογικων διαπραγματεύσεων.Για παράδειγμα, ενώ η ευρωπαϊκή οδηγία προβλέπει 80% συλλογικές διαπραγματεύσεις στις σχέσεις εργαζόμενων/εργοδοτών, στην Ελλάδα είμαστε στο 25% ή και χαμηλότερα. Επομένως είμαστε πολύ πίσω σε αυτό» τόνισε.",efsyn.gr ,efsyn.gr,2024-05-03,Πολιτική
https://www.efsyn.gr/politiki/kybernisi/431628_spernei-akrodexioys-anemoys-o-mitsotakis,Σπέρνει ακροδεξιούς ανέμους ο Μητσοτάκης,"Σπέρνει ακροδεξιούς ανέμους ο Μητσοτάκης  Έκαναν λάθος όσοι πίστεψαν ότι η ψήφιση της ρύθμισης του γάμου για τα ομόφυλα ζευγάρια σηματοδοτεί κάποια ευρύτερη μετατόπιση του Κυριάκου Μητσοτάκη σε πιο προοδευτικές θέσεις. Ηταν απλώς μια προσπάθεια του πρωθυπουργού να πατήσει ταυτόχρονα σε δύο βάρκες και να απευθυνθεί και στο προοδευτικό αλλά και στο σκληρό δεξιό ακροατήριο. Το επιβεβαιώνουν όλες οι κινήσεις και οι μανούβρες που κάνει το τελευταίο διάστημα προσπαθώντας να συγκρατήσει δικές του διαρροές ψηφοφόρων προς τα (ακρο)δεξιά της Ν.Δ. και ερίζοντας για τις ψήφους της Ακροδεξιάς. Πρώτα απ’ όλα τώρα επιβεβαιώνεται για ποιο λόγο ο στενός πρωθυπουργικός συνεργάτης και υπουργός Επικρατείας Μάκης Βορίδης αφέθηκε να αντιταχθεί ανοιχτά στο νομοσχέδιο για τον γάμο των ομόφυλων ζευγαριών χωρίς να υποστεί τη συνέπεια της αποπομπής από το μέγαρο Μαξίμου. Είναι απολύτως σαφές ότι ο πρωθυπουργός ήθελε μέσω του κ. Βορίδη να κλείσει ταυτόχρονα το μάτι και σε όσους ήταν ενάντια στο συγκεκριμένο νομοσχέδιο που ο ίδιος και η κυβέρνησή του έφερναν. Κι έπειτα έπαψε να κλείνει απλώς το μάτι και έστειλε ένα ξεκάθαρο μήνυμα ότι στρέφει το βλέμμα προς τα ακροδεξιά, αναβαθμίζοντας τον κ. Βορίδη σε νούμερο 2 του μεγάρου Μαξίμου, μετά τις αποπομπές των επίσης μέχρι τότε στενών πρωθυπουργικών συνεργατών Στ. Παπασταύρου και Γ. Μπρατάκου. Στο ίδιο πλαίσιο ο κ. Μητσοτάκης θέλησε να φυλάξει τα νώτα του απέναντι σε μηχανισμούς της Εκκλησίας και έσπευσε να πάρει την ευλογία της εν όψει της εκλογικής αναμέτρησης της 9ης Ιουνίου, θέλοντας έτσι να απευθυνθεί στα εκλογικά ακροατήρια που η Εκκλησία επηρεάζει. Εξ ου και είδαμε τον πρωθυπουργό με τον αρχιεπίσκοπο Ιερώνυμο να επισκέπτονται μαζί δομές της Αρχιεπισκοπής. Στην πραγματικότητα από την πλευρά του Κυρ. Μητσοτάκη επρόκειτο για ακόμα μία προεκλογική του περιοδεία, στην οποία εξασφάλισε την κοινή του εμφάνιση με τον κ. Ιερώνυμο, αλλά και τη δημόσια δήλωση του Αρχιεπισκόπου ότι «δεν κάνουμε αυτό που θα μας πει ο κ. Βελόπουλος, ούτε αυτό που θα μας πει ο οποιοσδήποτε πολιτικός», με άλλα λόγια ότι δεν ταυτίζεται με τους εκ δεξιών πολιτικούς αντιπάλους του κ. Μητσοτάκη. Υπενθυμίζεται ότι είχαν προηγηθεί οι προτροπές του ακροδεξιού προέδρου της Ελληνικής Λύσης να μην πάνε στις εκκλησίες όσοι ψήφισαν τον γάμο για τα ομόφυλα ζευγάρια. Μάλιστα είναι χαρακτηριστική η δήλωση του Κυρ. Μητσοτάκη στη Βουλή, στη συζήτηση για το κυβερνητικό νομοσχέδιο για τον νέο Δικαστικό Χάρτη, πως «για τους εμπόρους της πίστης, νομίζω ότι η Εκκλησία απάντησε πολύ καλύτερα από εμένα. Δεν χρειάζεται να προσθέσω τίποτα άλλο», θέλοντας έτσι να απευθυνθεί ακριβώς στο ακροατήριο αυτό των «εμπόρων της πίστης». Αλλά ο Κυρ. Μητσοτάκης επωφελείται και από πολιτικούς του αντιπάλους όπως ο Στέφανος Κασσελάκης, ο οποίος με άτσαλο τρόπο ουσιαστικά νομιμοποιεί ακόμα και τα πιο σκληρά δεξιά και ακροδεξιά συνθήματα, όπως το «Πατρίς-Θρησκεία-Οικογένεια», διεκδικώντας έτσι να ανταγωνιστεί τον υποψήφιο ευρωβουλευτή του κ. Μητσοτάκη, Γιώργο Αυτιά, που ήταν ο πρώτος που ήρθε τώρα ξανά να το πλασάρει ανοιχτά στον δημόσιο διάλογο. Και με δεδομένο ότι το σύνθημα αυτό δεν είναι άλλο από το σύνθημα της δικτατορίας της 4ης Αυγούστου και της χούντας, το γεγονός ότι ο πρωθυπουργός το αγκαλιάζει, μέσω της υποψηφιότητας του κ. Αυτιά, αποτελεί άλλη μία επιβεβαίωση της δεξιάς-ακροδεξιάς στροφής του Κυρ. Μητσοτάκη. Και βέβαια σε αυτήν την πρωθυπουργική στροφή εντάσσεται και η επιλογή της συμμετοχής στο «γαλάζιο» ευρωψηφοδέλτιο του εκλεγμένου δημάρχου Χιμάρας Φρέντι Μπελέρη, με το γνωστό σκοτεινό και ακροδεξιό παρελθόν. Η υποψηφιότητα αυτή έχει μάλιστα προκαλέσει αντιδράσεις και κριτική και στο εσωτερικό της Ν.Δ. «Γαλάζια» στελέχη θεωρούν ότι με την ένταξη του κ. Μπελέρη στο ευρωψηφοδέλτιο της Ν.Δ. το ζήτημα της κράτησής του στις αλβανικές φυλακές, από ευρωπαϊκό και ευρω-αλβανικό, έχει μετατραπεί σε διμερές Ελλάδας - Αλβανίας. Σχετικές ενστάσεις εμφανίζεται επίσης να είχε και ο υπουργός Εξωτερικών Γιώργος Γεραπετρίτης. Αλλά η υπόθεση Μπελέρη έχει προκαλέσει και άλλου είδους παρενέργειες στο εσωτερικό της Ν.Δ., αφού «γαλάζια» στελέχη παρακολουθούν τη δραστηριότητα και τις εμφανίσεις στα ΜΜΕ του γιου του κ. Μπελέρη, ο οποίος έχει αναλάβει να τρέξει την προεκλογική εκστρατεία του πατέρα του, αλλά ο ίδιος δεν είναι υποψήφιος και ως εκ τούτου (σε αντίθεση με τον πατέρα του) δεν έχει περιορισμό εμφανίσεων. Πολλοί στη Ν.Δ. θεωρούν λοιπόν πως αυτό προκαλεί αθέμιτο ανταγωνισμό και κάποιοι συνυποψήφιοι του κ. Μπελέρη εμφανίζονται έτοιμοι, μετά το Πάσχα, να παρακινήσουν πολίτες να κάνουν ένσταση. Φυσικά η επιλογή του Κυριάκου Μητσοτάκη να προχωρά σε ακροδεξιές στροφές, οι οποίες είναι ακόμα μεγαλύτερες κάθε φορά που βρισκόμαστε σε προεκλογική περίοδο, δεν προκαλεί έκπληξη. Δεν παύει όμως να δίνει αέρα στα πανιά της Ακροδεξιάς, η οποία όχι μόνο στην Ελλάδα αλλά και στην Ευρώπη διεκδικεί την εξάπλωσή της. Και βέβαια για όποιον επιλέγει να φλερτάρει μαζί της, εξακολουθεί να ισχύει το ρητό ότι όποιος σπέρνει ανέμους θερίζει θύελλες.",na,efsyn.gr,2024-05-03,Πολιτική
https://www.efsyn.gr/politiki/431623_antidraseis-ek-ton-eso,Αντιδράσεις εκ των έσω,"Αντιδράσεις εκ των έσω  Εντονη κριτική, μαθαίνουμε, εκφράστηκε σε πρόσφατη Ολομέλεια του ΑΣΕΠ από συμβούλους της Αρχής ενάντια σε προ μηνός τροπολογία που προβλέπει την απόκρυψη («μη δημοσιοποίηση»), ερωτήσεων, θεμάτων και αποτελεσμάτων των λεγόμενων «ψυχομετρικών» τεστ δεξιοτήτων και εργασιακής αποτελεσματικότητας. Το αποτέλεσμα, μας εξηγήθηκε, θα είναι να μη γνωρίζουν οι υποψήφιοι τις επιδόσεις τους και να κάνουν τις συγκρίσεις τους, με τα τεστ αυτά να αξιοποιούνται ακόμα και για επιλογές σε θέσεις υψηλής ευθύνης. Κατά την Ολομέλεια, κάποιοι σύμβουλοι διαμαρτυρήθηκαν για παραβίαση των αρχών της μυστικότητας και της διαφάνειας, καθώς και για παραβίαση του Συντάγματος. «Βασική αρχή της Δικαιοσύνης είναι η δημοσίευση», τόνισε σε σχετικά υψηλούς τόνους, όπως μας περιγράφηκε, δικαστικός και μέλος του ΑΣΕΠ. Στη συνεδρίαση κυριάρχησε η ανταλλαγή νομικών επιχειρημάτων, αλλά δεν έλειψαν και οι εντάσεις. Μαθαίνουμε ότι με εντάσεις επίσης προκλήθηκε η σύγκληση της Ολομέλειας, κατόπιν αιτημάτων σημαντικού αριθμού στελεχών της Αρχής προς τον πρόεδρό της. Τι απόφαση ελήφθη για την τροπολογία; Καμία απόφαση. Το θέμα εισήχθη ως «συζήτηση» και όχι προς «λήψη απόφασης». Παράλληλα, κάποιοι εκτιμούν ότι δεν θα μπορούσε να διαμορφωθεί πλειοψηφία για πιθανό αίτημα απόσυρσης της διάταξης (είναι η σημερινή παράγραφος 3, άρθρου 11, νόμου 4765/2021) από το υπουργείο Εσωτερικών. Δεν έλειψαν, πάντως, και οι προειδοποιήσεις για πιθανές προσφυγές υποψηφίων κατά του νέου πλαισίου από τις πρώτες κιόλας προκηρύξεις, π.χ. αυτή για τους δασοπόνους. Κάποιοι μάλιστα βλέπουν ήδη να έρχεται «αναταραχή». ",ΣΤ.Ζ.,efsyn.gr,2024-05-03,Πολιτική
https://www.efsyn.gr/politiki/431702_kampanakia-apo-syriza-kai-nea-aristera-gia-tin-eleytheria-toy-typoy-stin-ellada,«Καμπανάκια» από ΣΥΡΙΖΑ και Νέα Αριστερά για την Ελευθερία του Τύπου στην Ελλάδα,"«Καμπανάκια» από ΣΥΡΙΖΑ και Νέα Αριστερά για την Ελευθερία του Τύπου στην Ελλάδα  Παγκόσμια ημέρα Ελευθερίας του Τύπου η 3η Μαΐου, με απόφαση της UNESCO. Φέτος η ημέρα είναι ειδικά αφιερωμένη στον κρίσιμο ρόλο της δημοσιογραφίας και της ελευθερίας της έκφρασης στο πλαίσιο της τρέχουσας παγκόσμιας περιβαλλοντικής κρίσης, καθώς το ζήτημα της κλιματικής αλλαγής αποκτά ολοένα και πιο τρομακτικές διαστάσεις. H Eλλάδα παραμένει για τρίτη συνεχή χρονιά στην τελευταία θέση των κρατών της Ε.Ε. ως προς την ελευθερία του Τύπου, και μάλιστα με διαφορά, σύμφωνα με την ετήσια έκθεση της οργάνωσης Δημοσιογράφοι Χωρίς Σύνορα (Reporters Without Borders), που δημοσιοποιείται σήμερα. Με αφορμή την Παγκόσμια Ημέρα, τα κόμματα εξέδωσαν ανακοινώσεις υπενθυμίζοντας την ανάγκη στήριξης της ελευθεροτυπίας και προστασίας του δημοσιογραφικού επαγγέλματος. Η 3η Μαΐου λειτουργεί ως υπενθύμιση στις κυβερνήσεις για την ανάγκη σεβασμού της δέσμευσής τους για την ελευθερία του Τύπου, σημειώνει ο Τομέας Ψηφιακής Διακυβέρνησης και ΜΜΕ του ΣΥΡΙΖΑ-ΠΣ. Τονίζει ότι «οι δημοσιογράφοι ανά τον κόσμο αντιμετωπίζουν σημαντικές προκλήσεις στην αναζήτηση και τη διάδοση πληροφοριών για σύγχρονα ζητήματα, όπως προβλήματα εφοδιαστικής αλυσίδας, κλιματική μετανάστευση, εξορυκτικές βιομηχανίες, παράνομη εξόρυξη, ρύπανση, λαθροθηρία, εμπορία ζώων, αποψίλωση δασών ή κλιματική αλλαγή» και πως «η διασφάλιση της προβολής αυτών των θεμάτων είναι ζωτικής σημασίας για την προώθηση της ειρήνης και των δημοκρατικών αξιών παγκοσμίως». Ο τομέας του ΣΥΡΙΖΑ αναφέρει ότι «στην Ελλάδα η κυβέρνηση Μητσοτάκη εδώ και 5 χρόνια έχει συστηματικά υπονομεύσει την ελευθερία του Τύπου όπως χαρακτηριστικά αναφέρεται και στην πρόσφατη έκθεση του State Department που επισημαίνει τις παρακολουθήσεις δημοσιογράφων, που έγιναν από την ΕΥΠ και το γραφείο του ίδιου του Πρωθυπουργού μέσω του κακόβουλου λογισμικού Predator, τη συγκέντρωση ιδιοκτησίας των μέσων ενημέρωσης σε λίγους, τον κυβερνητικό έλεγχο των δημοσίων μέσων ενημέρωσης αλλά και τη βία κατά δημοσιογράφων, κυρίως όσων καλύπτουν διαμαρτυρίες και το μεταναστευτικό». Προσθέτει ότι «ομοίως στο ψήφισμα του Ευρωπαϊκού Κοινοβουλίου με ευρεία πλειοψηφία τον Φεβρουάριο επισημάνθηκαν σοβαρές ανησυχίες για το κράτος δικαίου στην Ελλάδα, ενώ κλήθηκε η Κομισιόν να αναλάβει δράση». Αναφέρει ειδικότερα ότι «στο ψήφισμα καταγράφονται οι φυσικές και προφορικές απειλές, καθώς και οι καταχρηστικές αγωγές (SLAPPS) εναντίον δημοσιογράφων από υψηλά ιστάμενους πολιτικούς, συμπεριλαμβανομένων ανθρώπων του περιβάλλοντος του πρωθυπουργού, η παράνομη χρήση λογισμικού παρακολούθησης, όπως του Predador εναντίον πολιτικών αντιπάλων και δημοσιογράφων, ενώ επικρίνεται η παράνομη εργαλειοποίηση του όρου ‘απειλή για την εθνική ασφάλεια' και σημειώνεται η επιρροή του πρωθυπουργού στην ΕΥΠ, που τελεί υπό την άμεση εποπτεία του». Επιπλέον, επισημαίνει ότι «στο ψήφισμα καταγράφεται έλλειψη προόδου στην υπόθεση δολοφονίας του δημοσιογράφου Γιώργου Καραϊβάζ αλλά και το ‘σκάνδαλο της λίστας Πέτσα' που αποτέλεσε βέβαια σταγόνα στον ωκεανό της κρατικής διαφήμισης που προορίζεται με σκοπό τη χειραγώγηση της κοινής γνώμης». Αναφέρει ακόμη ότι «και ενόψει των ευρωεκλογών της 9ης Ιουνίου το υπουργείο Εσωτερικών ξόδεψε 5 εκατομμύρια ευρώ για την προβολή της επιστολικής ψήφου μολονότι σε όλα τα μέσα ενημέρωσης η προβολή της είδησης ήταν καθημερινή λόγω του εύλογου δημοσιογραφικού ενδιαφέροντος». Καταληκτικά τονίζει ότι «ο ΣΥΡΙΖΑ ΠΣ στηρίζει την αδέσμευτη δημοσιογραφία και την απόλυτη ελευθερία της έκφρασης που έχει υποστεί σοβαρά πλήγματα την τελευταία πενταετία. Η Δημοσίευση θα παραμένει πάντα η ψυχή της Δικαιοσύνης». —— «Ουραγός στην Ευρωπαϊκή Ένωση είναι για τρίτη συνεχόμενη χρονιά η Ελλάδα στον Παγκόσμιο Δείκτη Ελευθερίας του Τύπου που συντάσσει η διεθνής μη κυβερνητική οργάνωση Δημοσιογράφοι Χωρίς Σύνορα», αναφέρει η Νέα Αριστερά σε ανακοίνωσή της. Σημειώνει ειδικότερα ότι «στην έκθεση που καταγράφει περαιτέρω επιδείνωση της ελευθερίας του Τύπου διεθνώς, η Ελλάδα του κ. Μητσοτάκη καταγράφει στην ευρύτερη ζώνη της Ε.Ε. και των Βαλκανίων επίδοση καλύτερη μόνο από την Σερβία, την Αλβανία και τα κατεχόμενα της Κύπρου». Σχολιάζει ότι «σύμπτωση επαναλαμβανόμενη παύει να είναι σύμπτωση» και ότι «πλέον μιλάμε για συστημική κρίση διαρκείας». Αναφέρει ότι «το σκάνδαλο των υποκλοπών, το ολιγοπώλιο στα ΜΜΕ, τα SLAPPs, η νομοθεσία που διευκολύνει τις αγωγές σε βάρος δημοσιογράφων με ποινές που μπορεί να οδηγήσουν ακόμα και σε φυλάκιση, καθιστούν την χώρα μας μια προβληματική χώρα για την ελευθερία του Τύπου» και πως «ο κ. Μητσοτάκης και η κυβέρνησης της δεξιάς φέρουν ακέραια την ευθύνη».",efsyn.gr,efsyn.gr,2024-05-03,Πολιτική
https://www.efsyn.gr/politiki/antipoliteysi/431775_d-koytsoympas-psifo-sto-kke-giati-mono-ayto-einai-antitheto-me-tin-ee,"Δ. Κουτσούμπας: Ψήφο στο ΚΚΕ, γιατί μόνο αυτό είναι αντίθετο με την Ε.Ε.","Δ. Κουτσούμπας: Ψήφο στο ΚΚΕ, γιατί μόνο αυτό είναι αντίθετο με την Ε.Ε.  Την ανάγκη για δυνατό Κομμουνιστικό Κόμμα «εκεί που παίρνονται οι αντιλαϊκές αποφάσεις, στην ΕΕ των λόμπι, των πολέμων, της εκμετάλλευσης και εκεί που ανατρέπονται, στους δρόμους του αγώνα» υπογράμμισεο Δημήτρης Κουτσούμπας. Σε συνέντευξή του στην ιστοσελίδα «News247» επισήμανε ότι «υπάρχει πολύ μεγαλύτερη συσσωρευμένη πείρα στον λαό μας σχετικά με τον ρόλο και τη φύση της ΕΕ, την ουσία της αντιλαϊκής πολιτικής της, που συνδιαμορφώνουν οι κυβερνήσεις όλων των ""χρωμάτων""». Ο γενικός γραμματέας του ΚΚΕ υποστήριξε ότι «στις 9 Ιουνίου έχουμε την επιλογή είτε να πούμε ""φτάνει, ως εδώ"", που σημαίνει αποδυνάμωση των κομμάτων που υπηρετούν ή εξωραΐζουν την ΕΕ, είτε να τους δώσουμε το ""πράσινο φως"" για να συνεχίσουν ακάθεκτοι». Απαντώντας στο ερώτημα «γιατί να ψηφίσει κάποιος ΚΚΕ στις ευρωεκλογές» είπε «γιατί μόνο το ΚΚΕ είναι αντίθετο με την ΕΕ, άρα μόνο με την ψήφο στο ΚΚΕ μπορεί να εκφράσει την αντίθεσή του. Κάθε άλλη ψήφος σημαίνει επιβράβευση αυτής της πολιτικής». «Οι ευρωβουλευτές των άλλων κομμάτων ψηφίζουν τα ίδια στο ευρωκοινοβούλιο σε ποσοστό πάνω από 70%. Μόνο οι ευρωβουλευτές του ΚΚΕ σταθερά καταψηφίζουν κάθε αντιλαϊκή οδηγία, αποκαλύπτουν και ενημερώνουν τον λαό για αυτά που του ετοιμάζουν, ώστε να μην αιφνιδιάζεται, φέρνουν και στο ευρωκοινοβούλιο τη ""φωνή"" του και τα αιτήματά του» είπε ο κ. Κουτσούμπας. Ο Δ. Κουτσούμπας χαρακτήρισε «εγκληματικά επικίνδυνη για τον λαό μας και άδικη για τους άλλους λαούς» τη στάση της χώρας μας «έναντι της ρωσο-ουκρανικής σύγκρουσης και του Παλαιστινιακού ζητήματος», ενώ επισήμανε ότι «δεν είναι τυχαία η ""ομερτά"" που υπάρχει γύρω από αυτά τα πολύ σοβαρά ζητήματα στην προεκλογική περίοδο. Είναι όλοι τους ζυγισμένοι-στοιχισμένοι με τους ευρωατλαντικούς σχεδιασμούς, άρα δεν έχουν σε τι να διαφωνήσουν». «Εμείς θα συνεχίσουμε να τα θέτουμε ψηλά στην ατζέντα, να τα κάνουμε και βασικό κριτήριο ψήφου. Ξέρουμε ότι στον λαό μας υπάρχουν σοβαρές αντιστάσεις και η επιθυμία για απεμπλοκή της χώρας από τους ιμπεριαλιστικούς πολέμους, για να επιστρέψουν όλα τα ελληνικά στρατεύματα που βρίσκονται εκτός συνόρων, να κλείσουν όλες οι βάσεις του θανάτου» υπογράμμισε. Για ακροδεξιά και επιστολή ψήφο Σε ό,τι αφορά τηνάνοδο της ακροδεξιάς ισχυρίστηκε πως «""φραγμό"" στην άνοδο της ακροδεξιάς, δεν μπορεί να βάλει η ΕΕ που έχει για επίσημη ιδεολογία της το μεγαλύτερο ""ξέπλυμα"" της ακροδεξιάς και του φασισμού. Δεν μπορούν να βάλουν ούτε οι δυνάμεις εκείνες που άλλοτε ""ψαρεύουν"" ψηφαλάκια στα θολά νερά της ακροδεξιάς και άλλοτε την τροφοδοτούν μέσω της πολιτικής τους και με την απογοήτευση που σπέρνουν στον κόσμο που τους πιστεύει». Σημείωσε ακόμα ότι «και οι ""φιλελεύθερες"" και οι σοσιαλδημοκρατικές κυβερνήσεις έχουν αποδειχθεί ικανότατες στη διάλυση των εργασιακών δικαιωμάτων και στην Ελλάδα και σε ολόκληρη την ΕΕ. Αλλά και εκεί που έχουν αναδειχθεί ακροδεξιές κυβερνήσεις, όπως στην Ιταλία της Μελόνι, η ίδια πολιτική συνεχίστηκε απαρέγκλιτα σε όλους τους τομείς».«Κατά συνέπεια, μόνο οι λαοί με τον αγώνα τους και τις πολιτικές τους επιλογές θα κλείσουν αυτούς τους σκελετούς στο χρονοντούλαπο της ιστορίας» τόνισε. Σχετικά με την ψήφο των ομογενών σημείωσε ότι αιτία της χαμηλής συμμετοχής είναι «το γεγονός ότι μεγάλο μέρος των συμπατριωτών μας που ζουν στο εξωτερικό, με ευθύνη και των κυβερνήσεων, δεν έχουν κίνητρο για να ψηφίσουν γιατί δεν νιώθουν ότι το αποτέλεσμα θα επηρεάσει άμεσα τη ζωή τους». «Οι 50.000 ομογενείς που εγγράφηκαν τελικά, μπορούν, ισχυροποιώντας το ΚΚΕ, να δώσουν απάντηση σε αυτούς που τους αντιμετωπίζουν σαν ""κουκιά"", ενώ είναι αυτοί που με την πολιτική τους τούς έδιωξαν από τη χώρα και τους κρατάνε μακριά, που αρνούνται να δώσουν λύσεις στα προβλήματά τους για τα οποία εμείς παλεύουμε σταθερά» είπε, προσθέτοντας, επίσης, ότι «τα προβλήματα για τα οποία είχαμε προειδοποιήσει ως προς το αδιάβλητο δεν αφορούσαν την ψήφο της ομογένειας, αλλά συγκεκριμένα τη μέθοδο της επιστολικής ψήφου». Για τον εκφυλισμό του ΣΥΡΙΖΑ Κληθείς να τοποθετηθεί για τις εξελίξεις στον ΣΥΡΙΖΑ και στο ΠΑΣΟΚ, απάντησε «στον ΣΥΡΙΖΑ φαίνεται ο εκφυλισμός να μην έχει τελειωμό». Όπως είπε, «τα στελέχη που αποτελούν σήμερα τη Νέα Αριστερά, μόνο άμοιρα ευθυνών δεν είναι για αυτή την κατάσταση. Οι ""Κασσελάκηδες"" είναι και δικό τους δημιούργημα, αφού τόσα χρόνια ""επένδυσαν"" κι αυτοί στη λογική του μικρότερου κακού, της έκπτωσης των αξιών στο όνομα του εκλογικού οφέλους, ενώ η ουσία της πολιτικής του ΣΥΡΙΖΑ δεν ήταν φυσικά διαφορετική και με τον προηγούμενο πρόεδρό του». «Το ΠΑΣΟΚ από την άλλη δείχνει να δυσκολεύεται να καρπωθεί οτιδήποτε από τη λαϊκή δυσαρέσκεια προς την κυβέρνηση της ΝΔ. Και είναι λογικό. Πρόκειται για το κόμμα που έχει ταυτιστεί όσο κανένα άλλο με την πολιτική της ΝΔ, την αντιλαϊκή πολιτική που έχει ανάγκη το σύστημα» πρόσθεσε και τόνισε:«Ο λαός μας δεν πρέπει ούτε να συμβιβαστεί με την πολιτική κυριαρχία της ΝΔ, ούτε να επιδιώξει την ""νεκρανάσταση"" ενός δικομματισμού. Στις ευρωεκλογές μπορεί να ""κόψει τη φόρα"" και την αλαζονεία της ΝΔ και να ακυρώσει τα σχέδια της αμαρτωλής σοσιαλδημοκρατίας, με ένα πολύ πιο δυνατό ΚΚΕ». Ερωτηθείς για την «αίσθηση που αποκόμισε από την επίσκεψή του στο Κολούμπια» απάντησε:«Μας συνεπήρε η αγωνιστική φλόγα των φοιτητών αυτών των μεγάλων πανεπιστημίων που ζητούσαν να σταματήσει η σφαγή στη Γάζα, η στήριξη των ΗΠΑ στο Ισραήλ, αλλά και η συνεργασία των ιδρυμάτων τους με το κράτος-δολοφόνο και Ισραηλινές εταιρείες. Είναι απολύτως λογικό, όταν συμβαίνει μια τέτοια αγριότητα, η κρατική προπαγάνδα να μην πιάνει πλέον τόσο εύκολα, να αλλάζουν συνειδήσεις και αυτό αποτυπώνεται. Γι' αυτό και η ""προοδευτική"" κυβέρνηση Μπάιντεν προχώρησε, ξημερώματα Πρωτομαγιάς, σε μια πρωτοφανή επιχείρηση καταστολής στο Κολούμπια, με ελικόπτερα, πλαστικές σφαίρες και δακρυγόνα, που τη ζήλεψε και ο Τραμπ. Ματαιοπονούν όμως. Ο αγώνας για το δίκιο θα συνεχιστεί». ",efsyn.gr,efsyn.gr,2024-05-04,Πολιτική
https://www.efsyn.gr/politiki/prosopiki-ypothesi/431696_kalimera-sto-eyrokoinoboylio,«Καλημέρα» στο Ευρωκοινοβούλιο,"«Καλημέρα» στο Ευρωκοινοβούλιο  Ισως ήταν η πρώτη φορά που είχα έρθει τόσο μετωπικά σ’ επαφή με το τηλεοπτικό ταλέντο του Γιώργου Αυτιά. Ηταν πριν από πολλά χρόνια, όταν τον είχα παρακολουθήσει -μένοντας ενεή- να συνδιαλέγεται σε απευθείας μετάδοση με ομάδα ηλικιωμένων ενώ έκαναν λασπόλουτρο και, ξαπλωμένοι σ’ έναν λάκκο, του απευθύνονταν θερμά με την καρδιτσιώτικη -αν θυμάμαι καλά- προφορά στην οποία ο ίδιος ανταποκρινόταν άψογα. Φυσικά με την προσφώνηση «παππού, γιαγιά», αλλά και «τρώγοντας» καταλήξεις και φωνήεντα. Αργότερα, είδα ότι εξίσου αποτελεσματικά μιλούσε και στο κρητικό ιδίωμα. Κι εξ αυτής της απόψεως μπορεί να μην το έχει τόσο με τ’ αγγλικά, όπως επισημαίνουν οι «κακές γλώσσες» (και δη των «Ράδιο Αρβύλα» που, όμως, οι εκπομπές τους, έχοντάς του αδυναμία, πέτυχαν υπέρ του το αντίθετο αποτέλεσμα), έχει όμως την ικανότητα να απευθύνεται στο θυμικό, να υπεραπλουστεύει τα πράγματα και -όταν το επιλέγει- να ταυτίζεται απόλυτα με το θέμα ή το πρόσωπο που φιλοξενεί στην εκπομπή του, ακόμα κι αν αυτό είναι ο πρωθυπουργός ή οι υπουργοί της παρούσας κυβέρνησης. Μπορεί ωστόσο με την ίδια ευκολία να στέκεται και απέναντι, διαχωρίζοντας ωμά τη θέση του, ακόμα και μ’ ένα «μάτσο» κλείσιμο του ματιού στα πιο ταπεινά ένστικτα, αυτά που μπορεί να κακάρισαν με το σχόλιο εν όψει της στράτευσης του προέδρου του ΣΥΡΙΖΑ Στέφανου Κασσελάκη: «Φαντάζεστε τι έχει να γίνει στη Θήβα όταν παρουσιαστεί εκεί…», είχε πει στον ΣΚΑΪ ο κ. Αυτιάς, προσθέτοντας ότι «υπάρχει και γυμναστήριο για τους φαντάρους νεοσύλλεκτους». Κι αν τότε αυτό είχε προσκρούσει στο ΕΣΡ, πολλές άλλες φορές αυτή η άμεση λαϊκότητα (λαϊκισμός κατά άλλους) του «Γιώργη του Αυτιά», που είναι «πάντα με τους αδύναμους», έχει αυξήσει τη δημοφιλία του κατακόρυφα. Ο Αυτιάς έχει παρόμοια χαρακτηριστικά με την Αλίκη Βουγιουκλάκη. Ξεπερνάει σε δημόσια παρουσία κι επιτυχία τον μέσο όρο τόσο όσο χρειάζεται για να αισθανθείς μαζί του οικεία, σαν να είναι ο «γείτονας» που εν προκειμένω ξέρει να σου εκμυστηρευτεί κι ένα «παραθυράκι» για τους φόρους σου. Επιπλέον είναι ο άνθρωπος που συνδιαλέγεται με τον λαό επί ίσοις όροις. Αλλά όταν έρχεται η ώρα να κουβεντιάσουμε για το «μπόλικο ζαμπόν (κυρ Στέφανε)» ξέρει να βάζει όρια: πέρυσι αναφερόμενος σε μια γυναίκα που δήλωνε στην κάμερα πως «δεν τρώει για να πληρώσει το ρεύμα», σχολίασε ότι «υπάρχουν και φιλότιμοι άνθρωποι»! Τα τελευταία χρόνια και δεδομένου ότι ο κόσμος έχει μπαφιάσει από τα προβλήματα και δη τα οικονομικά, ο Αυτιάς ανέπτυξε κι ένα επιπλέον ταλέντο: αυτό της περιγραφής μιας virtual reality με την οποία «έρχονται μέτρα ελάφρυνσης», οι «μισθοί αυξάνονται», οι συντάξεις πολλαπλασιάζονται σαν το θαύμα της Κανά και «όλος ο πλανήτης ψηφίζει Νέα Δημοκρατία». Μετά το ταξίδι του στην αμερικανική ομογένεια αυτή ήταν η βασική του... διαπίστωση στην επίσημη παρουσίαση του ευρωψηφοδελτίου της Ν.Δ., όπου ο ίδιος -επιτέλους!- κατόρθωσε να περιληφθεί. Είχε προηγηθεί το σίριαλ του 2019, όταν η υποψηφιότητά του θεωρούνταν βέβαιη, μετά είχε μισοδιαψευστεί από την εκπρόσωπο της Ν.Δ. Μαρία Σπυράκη, αλλά παρ’ όλα αυτά ο ίδιος είχε πρωταγωνιστήσει σ’ ένα «χαριτωμένο» επεισόδιο με τον υποψήφιο τότε ακόμα περιφερειάρχη Αττικής Γιώργο Πατούλη να φωνάζει από μικροφώνου «γερά γερά ψηφίζουμε Αυτιά» και τον Αυτιά να απαντά «ούι ούι ούι με τον Πατούλη». Τελικά τότε πράγματι κόπηκε - από το περιβάλλον του διέρρεε ότι αρνήθηκε ο ίδιος, άλλοι έλεγαν ότι τον «έκοψε» ο Βαγγέλης Μεϊμαράκης, που αναγκάστηκε να κάνει δήλωση διάψευσης κ.λπ. κ.λπ. Εκτοτε ο Γιώργος Αυτιάς αφοσιώθηκε (από τον ΣΚΑΪ και το «Καλημέρα») με μεγαλύτερη ζέση στη δημοσιογραφία όπως ξέρει να την ασκεί. Και δεν εννοώ το πρωθύστερο επίτευγμά του να παίρνει επί 3ήμερο συνεντεύξεις από τον μαγνητοσκοπημένο Παναγιώτη Ψωμιάδη διατυπώνοντας δημοσιογραφικές ερωτήσεις για προ-βιντεοσκοπημένες απαντήσεις. Εννοώ να τοποθετείται για τις αντιδράσεις που νομιμοποιούνται να έχουν οι οικογένειες των θυμάτων των Τεμπών: «Ο σεβασμός στις οικογένειες είναι όχι απλά διαρκής, είναι ο ίδιος σε όλους, είτε σιωπούν είτε φωνάζουν. Κι αυτοί που σιωπούν μερικές φορές πονάνε περισσότερο». Ή να παίρνει συνέντευξη από τον πρωθυπουργό και στην τοποθέτηση του κ. Μητσοτάκη «ψηφίζεις Νέα Δημοκρατία, ψηφίζεις για κυβέρνηση. Ψηφίζεις για οτιδήποτε άλλο, είναι ασαφές για τι ψηφίζεις», να συνοψίζει σε μια αξιοσημείωτη επίδειξη δημοσιογραφικής αντικειμενικότητας: «Αρα ψηφίζουμε κυβέρνηση, οι Ελληνες ψηφίζουν κυβέρνηση και πρωθυπουργό που θα διαχειριστεί τα θέματα». Τι θέματα θα διαχειριστεί ο ίδιος στην Ευρωβουλή εφόσον εκλεγεί (κι απ’ ό,τι δείχνουν οι δημοσκοπήσεις, όχι μόνο θα εκλεγεί, αλλά θα είναι και μακράν ο πρώτος του ευρωψηφοδελτίου της Ν.Δ.); «Δεν είμαι πολιτικός, βρε παιδιά. Πρέπει όμως να πάει εκεί τουλάχιστον ένας που να ξέρει οικονομικά», είπε σε προεκλογική του ομιλία κατορθώνοντας να προσβάλει όλους τους συνυποψηφίους του. Σε άλλη αναφέρθηκε στην Κοινή Αγροτική Πολιτική, αλλά και στην Εθνική Αμυνα και σε «καλύτερους δρόμους, νοσοκομεία, σχολεία και στήριξη εισοδήματος»! Σε άλλες εμφανίσεις του και δη στην πολυσυζητημένη συνέντευξή του στον Γιώργο Παπαδάκη, από τον οποίο είχε ξεκινήσει και η δική του τηλεοπτική καριέρα, είπε: «Εγώ φιλοδοξώ να πάω στο Ευρωκοινοβούλιο με τη φανέλα της Εθνικής Ελλάδας». Στην ίδια συνέντευξη επανέφερε το επί χούντας σύνθημα «πατρίς, θρησκεία, οικογένεια», ανοίγοντας τον ασκό του Αιόλου στα social media αλλά και -κυρίως- δίνοντας εμμέσως και μια σαφή απάντηση σε όσους αναρωτιούνταν «από πού κι ώς πού ο Γιώργος Αυτιάς ευρωβουλευτής;». Εκείνος που υπήρξε και παρέμεινε τηλεοπτικό φαινόμενο, οδεύει τάχιστα προς την Ευρωβουλή, αφού ως υποψήφιος του κυβερνώντος κόμματος φαίνεται μέχρι στιγμής να εξασφαλίζει συντριπτική πρωτιά με 41,4% στην πρόθεση ψήφου, σε μεγάλη απόσταση από τον επόμενο υποψήφιο (Πύρρος Δήμας, 28,5%).",na,efsyn.gr,2024-05-04,Πολιτική
https://www.efsyn.gr/politiki/431772_megalo-sabbato-ton-politikon-arhigon-ta-minymata-ligo-prin-tin-anastasi,"Το Μεγάλο Σάββατο των πολιτικών αρχηγών, τα μηνύματα λίγο πριν την Ανάσταση UPD","Το Μεγάλο Σάββατο των πολιτικών αρχηγών, τα μηνύματα λίγο πριν την Ανάσταση UPD  Με το βλέμμα στραμμένο στη «μάχη» των ευρωεκλογών το φετινό Πάσχα για τους πολιτικούς αρχηγούς, που δεν χάνουν ευκαιρία να στέλνουν μηνύματα στους ψηφοφόρους έναν μήνα πριν τις κάλπες της 9ης Ιουνίου. Σήμερα, Μεγάλο Σάββατο, η Πρόεδρος της Δημοκρατίας Κατερίνα Σακελλαροπούλου παρακολούθησε την Ακολουθία του Επιταφίου στον Ιερό Ναό Κοιμήσεως Θεοτόκου, στην Καρδαμύλη. Ο πρωθυπουργός, Κυριάκος Μητσοτάκης, παρέστη τη Θεία Λειτουργία της πρώτης Αναστάσεως στον Ιερό Ναό Ευαγγελιστρίας Τήνου, όπου βρίσκεται με τη σύζυγό του, Μαρέβα Γκραμπόφσκι – Μητσοτάκη και την κόρη τους Σοφία. «Καθώς η Μεγάλη Εβδομάδα προσεγγίζει το τέλος της, η προσδοκία της Ανάστασης μας γεμίζει όλους ελπίδα, δύναμη και αισιοδοξία» τονίζει στο μήνυμά του ο πρωθυπουργός. «Η παράδοση επιβάλλει αυτές τις 'Αγιες μέρες του Πάσχα να τις περνάμε μαζί με τους αγαπημένους μας. Η σκέψη μας, όμως, πρέπει να τρέχει πρωτίστως στους πιο αδύναμους συμπολίτες μας, αυτούς που περισσότερο παρά ποτέ αυτές τις μέρες χρειάζονται τη στήριξή μας, αλλά και σε όλες και σε όλους τους ενστόλους μας, αυτούς που νύχτα μέρα, και αυτές τις 'Αγιες μέρες, αγωνίζονται προκειμένου όλες και όλοι να είμαστε ασφαλείς» υπογραμμίζει. «Εδώ, από τη Μεγαλόχαρη της Τήνου, αυτό το τόσο σημαντικό νησί για την Ορθοδοξία μας, θέλω να ευχηθώ σε κάθε Ελληνίδα, σε κάθε Έλληνα, όπου και αν αυτοί βρίσκονται, καλή Ανάσταση και καλό Πάσχα. Χρόνια πολλά» καταλήγει ο Κυριάκος Μητσοτάκης. Ο Στέφανος Κασσελάκης συμμετείχε στο έθιμο των μπότηδων στη Κέρυκρα ρίχνοντας ένα πήλινο δοχείο από μπαλκόνι στην Κέρκυρα. «Έχει έρθει η ώρα για την πρώτη ανάσταση εδώ στην Κέρκυρα 11 η ώρα το πρωί. Πάμε να σπάσουμε τους μπότηδες. Και μετά, πρώτα ο Θεός, θα σπάσουμε και αυγά, θα χαλάσουμε τη σούπα σε όλο το σύστημα το οποίο βάζει σκοτάδι αντί για φως στη χώρα μας» έγραψε ο πρόεδρος του ΣΥΡΙΖΑ-Π.Σ. στα μέσα κοινωνικής δικτύωσης. Ο Νίκος Ανδρουλάκης θα παραστεί στην Ακολουθία της Αναστάσεως στον Καθεδρικό Ιερό Ναό Αθηνών, ενώ χθες παρέστη σε περιφορά του Επιταφίου στο Αιγάλεω. Ο κ. Ανδρουλάκης επισημαίνει πώς πολλές οικογένειες αδυνατούν λόγω της ανεξέλεγκτης ακρίβειας να απολαύσουν ένα γεμάτο πασχαλινό τραπέζι. «Χρειάζεται πολιτική βούληση και σχέδιο για να προστατεύσουμε τα εισοδήματα των πιο ευάλωτων νοικοκυριών και της μεσαίας τάξης, ώστε να ξεβαλτώσει η αγοραστική δύναμη του ελληνικού λαού από την τελευταία θέση στην ευρωζώνη», προσθέτει. Ο πρόεδρος του ΠΑΣΟΚ-ΚΙΝΑΛ υπογραμμίζει την υποχρέωση «να ξανακάνουμε εθνικό στόχο τη σύγκλιση της πατρίδας μας με τα πιο ανεπτυγμένα κράτη της Ευρώπης. Το πετύχαμε στο παρελθόν, μπορούμε να το πετύχουμε και σήμερα μέσα από ένα άλλο υπόδειγμα διακυβέρνησης, που θα έχει περισσότερη διαφάνεια, δημοκρατική συμμετοχή και σεβασμό στο κράτος δικαίου. Μπορούμε καλύτερα, διότι την ελπίδα την φτιάχνουμε με τα υλικά που εμείς επιλέγουμε». Επίσης σημειώνει πώς το μήνυμα της Ανάστασης του Χριστού σηματοδοτεί τη νίκη της αλήθειας κατά του ψεύδους, της αγάπης κατά της μισαλλοδοξίας και του θριάμβου της ζωής πάνω στον θάνατο κι είναι διαρκές και πανανθρώπινο. «Το φετινό Πάσχα ας αγωνιστούμε για να μετατραπεί σε πέρασμα από έναν κόσμο πολέμων, δοκιμασιών και ανισοτήτων σε μια κοινωνία συμπερίληψης, ειρήνης και αλληλεγγύης. Η αγωνία μας βρίσκεται στον άμαχο πληθυσμό που θυσιάζεται στη Γάζα, αλλά και σε όλη τη Μέση Ανατολή και την Ουκρανία. Η ανθρωπότητα οφείλει να διασφαλίσει τη νίκη της καταλλαγής εις βάρος της ισχύος των όπλων», αναφέρει και εύχεται «από καρδιάς σε όλες τις Ελληνίδες και όλους τους Έλληνες, χρόνια πολλά». Ο γενικός γραμματέας του ΚΚΕ, Δημήτρης Κουτσούμπας, βρίσκεται στη Λαμία για ολιγοήμερες οικογενειακές διακοπές.«Το τέλος του Γολγοθά, η Ανάσταση, βρίσκεται στα δικά μας χέρια. Με ένα πολύ πιο δυνατό ΚΚΕ και εκεί που παίρνονται οι αποφάσεις, δηλαδή στην ΕΕ των πολέμων, των λόμπι, της εκμετάλλευσης, και εκεί που τελικά ανατρέπονται στην πράξη, στους δρόμους του αγώνα. Χρόνια πολλά σε όλες και όλους!» δήλωσε ο γ.γ. της ΚΕ του ΚΚΕ. O επικεφαλής της Νέας Αριστεράς, Αλέξης Χαρίτσης, θα κάνει Πάσχα στην Καλαμάτα. ",efsyn.gr,efsyn.gr,2024-05-04,Πολιτική
https://www.efsyn.gr/politiki/antipoliteysi/431768_boles-pappa-kata-tis-kybernisis-ekei-pane-ta-hrimata-ton-katanaloton,«Βολές» Παππά κατά της κυβέρνησης: Εκεί πάνε τα χρήματα των καταναλωτών,"«Βολές» Παππά κατά της κυβέρνησης: Εκεί πάνε τα χρήματα των καταναλωτών  Επίθεση του κοινοβουλευτικού εκπροσώπου και τομεάρχη Οικονομικών του ΣΥΡΙΖΑ-ΠΣ,Νίκου Παππάπρος την κυβέρνηση και το οικονομικό επιτελείο. «Η κυβέρνηση Μητσοτάκη εφαρμόζει το δόγμα ""μισό αρνί, μισή τιμή"" ως άμυνα του καταναλωτή στην ακρίβεια, αφού η ίδια αρνείται να μειώσει τους έμμεσους φόρους», σημειώνει ο βουλευτής ΣΥΡΙΖΑ. «4 δις υπερ​πλεόνασμα στο κράτος, 10 δις κέρδη στο χρηματιστήριο. Εκεί πάνε τα χρήματα των καταναλωτών», προσθέτει και σημειώνει: «Ο κ. Χατζηδάκης μιλά για «λεφτόδεντρα» του ΣΥΡΙΖΑ-Προοδευτική Συμμαχία, όταν υπάρχουν: Μισή βούληση να είχε ο κ. Χατζηδάκης, μισό βήμα θα το έκανε για τη στήριξη της κοινωνίας και της οικονομίας», καταλήγει στην ανακοίνωσή του ο Νίκος Παππάς. 4 δισ. ευρώ υπερπλεόνασμα του 2022 και του 2023. 10,3 δισ. ευρώ κέρδη των εισηγμένων στο χρηματιστήριο στο «απυρόβλητο».",efsyn.gr,efsyn.gr,2024-05-04,Πολιτική
https://www.efsyn.gr/politiki/antipoliteysi/431810_efyge-apo-ti-zoi-sta-88-o-proin-ypoyrgos-foibos-ioannidis,Έφυγε από τη ζωή στα 88 ο πρώην υπουργός Φοίβος Ιωαννίδης UPD,"Έφυγε από τη ζωή στα 88 ο πρώην υπουργός Φοίβος Ιωαννίδης UPD  Ο δικηγόρος, πρώην υπουργός και βουλευτής Λασιθίου του ΠΑΣΟΚ, Φοίβος Ιωαννίδης, έφυγε από τη ζωή σε ηλικία 88 ετών. Την είδηση του θανάτου του έκανε γνωστή ο γιος του Γιάννης, με ανάρτησή του στα μέσα κοινωνικής δικτύωσης, στην οποία σημείωσε: «Μια ζωή γεμάτη τελείωσε λίγο πριν το “Χριστός Ανέστη”. Ο πατέρας μας Φοίβος Ιωαννίδης πέθανε χθες το βράδυ. Όπως είχε επιλέξει θα κηδευθεί στη γενέθλια πόλη του Σητεία σε χρόνο που θα ανακοινωθεί προσεχώς». Ο Φοίβος Ιωαννίδης είχε γεννηθεί στη Σητεία στις 14 Μαρτίου 1936, υπηρέτησε ως βουλευτής Λασιθίου με το ΠΑΣΟΚ από το 1989 έως το 2004 με το και χρημάτισε αρκετές υφυπουργός σε διάφορες θέσεις. Είχε από πολύ πλούσια συνδικαλιστική δράση, ενώ στην περίοδο της δικτατορίαςσυνελήφθη και φυλακίστηκε λόγω της δράσης του ενάντια στη χούντα των συνταγματαρχών. Εξελέγη για πρώτη φορά βουλευτής Λασιθίου με το ΠΑΣΟΚ τον Ιούνιο του 1989. Επανεξελέγη στις εκλογές του 1990, του 1993, του 1996 και του 2000. Για πρώτη φορά έγινε υφυπουργός Υγείας, Πρόνοιας και Κοινωνικών Ασφαλίσεων) στην κυβέρνηση του Ανδρέα Παπανδρέου από τις 13 Οκτωβρίου 1993 ως τις 15 Σεπτεμβρίου 1995. Στην πρώτη κυβέρνηση Σημίτη, τον Ιανουάριο του 1996, ανέλαβε υφυπουργός Βιομηχανίας, Ενέργειας και Τεχνολογίας, για βραχύβιο χρονικό διάστημα, από τις 22 Ιανουαρίου έως την 1η Φεβρουαρίου 1996. Επίσης υπηρέστησε ως υφυπουργός Εργασίας και Κοινωνικών ασφαλίσεων στην κυβέρνηση Σημίτη την περίοδο 30 Οκτωβρίου 1998 - 13 Απριλίου 2000. Το 2004 αποσύρθηκε από την πολιτική. Ο Πρόεδρος της Βουλής, Κωνσταντίνος Τασούλας, εξέφρασε τη θλίψη του για την εκδημία του πρώην βουλευτή του ΠΑΣΟΚ και υπουργού Φοίβου Ιωαννίδη. Αναφέρει στην ανακοίνωσή του «Μια πολυσχιδής πολιτική προσωπικότητα ""έφυγε"" λίγο πριν την Ανάσταση του Κυρίου. Ο Φοίβος Ιωαννίδης, περήφανος Κρητικός, γεννήθηκε στη Σητεία, σπούδασε δικηγόρος και υπήρξε ηγετικό στέλεχος του αντιδικτατορικού αγώνα στην Κρήτη, δράση για την οποία συνελήφθη και φυλακίστηκε. Υπηρέτησε πιστά τον τόπο που τόσο αγαπούσε ως βουλευτής Λασιθίου με το ΠΑΣΟΚ από το 1989 έως το 2004. Διετέλεσε υφυπουργός Κοινωνικών Ασφαλίσεων στην κυβέρνηση του Α. Παπανδρέου, καθώς και υφυπουργός Βιομηχανίας, Ενέργειας και Τεχνολογίας και υφυπουργός Εργασίας και Κοινωνικών Ασφαλίσεων στις κυβερνήσεις του Κ. Σημίτη. Στη Βουλή των Ελλήνων επέδειξε ιδιαίτερα ενεργή παρουσία και δράση διατελώντας, μεταξύ άλλων, Κοινοβουλευτικός Εκπρόσωπος του ΠΑΣΟΚ το 1997-1998, Πρόεδρος της Επιτροπής Αναθεώρησης του Συντάγματος της Ζ’ Αναθεωρητικής Βουλής το 2000 και Πρόεδρος της Επιτροπής Θεσμών και Διαφάνειας της Βουλής το 2002. Ο Φοίβος Ιωαννίδης, με τη πολύπλευρη πολιτική του προσωπικότητα, τη δράση και την εμπειρία του, θα λείψει από την πολιτική ζωή του τόπου. Στην οικογένεια και στους οικείους του εκφράζω τα ειλικρινή μου συλλυπητήρια». «Ένας από τους πιο σημαντικούς πρωταγωνιστές του αντιδικτατορικού αγώνα, ο Φοίβος Ιωαννίδης δεν είναι πια κοντά μας» αναφέρει στη συλλυπητήρια δήλωσή του ο πρόεδρος του ΠΑΣΟΚ–Κνήματος Αλλαγής. Ο Νίκος Ανδρουλάκης επισημαίνει ότι ο Φοίβος Ιωαννίδης: «Υπηρέτησε με αφοσίωση τη δημοκρατική παράταξη και η πολιτική του διαδρομή χαρακτηρίστηκε από τη γενναιότητα, την ανιδιοτέλεια και την πίστη του σε υψηλά ιδανικά και αξίες. Καταδικάστηκε σε κάθειρξη έντεκα χρόνων από το Έκτακτο Στρατοδικείο Χανίων, για την αντιστασιακή του δράση κατά της χούντας και μετά την αποκατάσταση της Δημοκρατίας υπήρξε ιδρυτικό μέλος των Νέων Πολιτικών Δυνάμεων. Το 1989 εκλέχτηκε για πρώτη φορά βουλευτής Λασιθίου. Διετέλεσε Υφυπουργός Κοινωνικών Ασφαλίσεων και Υφυπουργός Βιομηχανίας, Ενέργειας και Τεχνολογίας στις κυβερνήσεις του Ανδρέα Παπανδρέου και του Κώστα Σημίτη». Και καταλήγει εκφράζοντας: «Τα ειλικρινή μου συλλυπητήρια στην οικογένειά του». ",efsyn.gr,efsyn.gr,2024-05-05,Πολιτική
https://www.efsyn.gr/politiki/exoteriki-politiki/431824_pieseis-mono-sta-logia-apo-ton-gerapetriti-gia-tin-aimatohysia,Πιέσεις μόνο «στα λόγια» από τον Γεραπετρίτη για την αιματοχυσία στη Γάζα,"Πιέσεις μόνο «στα λόγια» από τον Γεραπετρίτη για την αιματοχυσία στη Γάζα  Σε ευχολόγια περιορίστηκε για ακόμα μια φορά ο υπουργός Εξωτερικών Γιώργος Γεραπετρίτης, σχετικά με όσα τραγικά συμβαίνουν στη Λωρίδα της Γάζας, όπου οι νεκροί έχουν ήδη ξεπεράσει τους 34.600, από τις 7 Οκτωβρίου του 2023 (όταν δηλαδή η Χαμάς εξαπέλυσε την αιφνιδιαστική επίθεση κατά του Ισραήλ). Ο υπουργός βρέθηκε σε δύσκολη θέση όταν –σε συνέντευξή του στο Al Jazeera–κλήθηκε να υπερασπιστεί ουσιαστικά την απραξία των χωρών της Ευρώπης (και της Ελλάδας) αναφορικά με τον τεράστιο φόρο αίματος αμάχων στη Μέση Ανατολή. Ο κ. Γεραπετρίτης, λοιπόν, περιορίστηκε να δηλώσει γενικόλογα πως «πρέπει να κάνουμε πιο πολλά πράγματα..., να είμαστε πιο πιεστικοί προς όλες τις πλευρές» για την επίτευξη εκεχειρίας και για να δοθεί η αναγκαία ανθρωπιστική βοήθεια στους άμαχους Παλαιστινίους. «Είμαστε εναντίον σε κάθε μορφής επιθετικότητας», είπε ο υπουργός που απέρριψε τα περί δύο μέτρων και δύο σταθμών, όσον αφορά την αντιμετώπιση των εμπόλεμων μετώπων σε Ουκρανία και Γάζα. Στην ερώτηση που του έγινε για το εάν τα όπλα που έρχονται στο Ισραήλ από την Ευρώπη, θα πρέπει να χρησιμοποιούνται στον πόλεμο, ο κ. Γεραπετρίτης υποστήριξε «το δικαίωμα του Ισραήλ να αμυνθεί», ισχυριζόμενος πως τα όπλα θα πρέπει να χρησιμοποιούνται για αμυντικούς σκοπούς. Έσπευσε να τονίσει πως «δεν μπορούμε να δεχθούμε την όποια δυσανάλογη αντίδραση». Όταν όμως του επισημάνθηκε πως ανθρωπιστικές οργανώσεις κάνουν λόγο για ασύμμετρη και αδιάκριτη χρήση των όπλων από το Ισραήλ, ο Έλληνας υπουργός, καταφεύγοντας σε διπλωματική γλώσσα, μίλησε για «ασύμμετρη άμυνα», αναγνώρισε πως «ο φόρος θανάτου είναι υψηλός», όμως υιοθέτησε το ισραηλινό επιχείρημα πως χρησιμοποιούνται άμαχοι ως ασπίδες. Στο πλαίσιο αυτό, λοιπόν, αίσθηση προκάλεσε το γεγονός ότι αν και ο κ. Γεραπετρίτης υποστήριξε πως η Αθήναυπερασπίζεται το διεθνές δίκαιο στη Γάζα και ενώ αναγνώρισε την «ασύμμετρη άμυνα» από πλευράς του ισραηλινού στρατού, εντούτοις ξεκαθάρισε κυνικά πως τώρα δεν είναι η ώρα να επανεξετάσει η Αθήνα τις αμυντικές συμφωνίες που έχει συνάψει με το Ισραήλ. Ωστόσο, μια τέτοια ενέργεια ενδεχομένως θα αποτελούσε μια μορφή πίεσης στην ακραία επιθετικότητα του Ισραήλ: και θα αποδείκνυε στην πράξη ότι η Ελλάδα ασκεί πιο έντονες πιέσεις, όπως ο ίδιος ο υπουργός ισχυρίστηκε λίγο νωρίτερα, πως θα πρέπει να συμβεί. Σε κάθε περίπτωση, ο Γεραπετρίτης αναγνώρισε τους ισχυρούς πλέον δεσμούς της Αθήνας με το Ισραήλ εν μέσω του πολέμου στη Γάζα, ενώ σε ερώτηση για το εάν έχει διαφοροποιηθεί η στάση της Αθήνας σε σχέση με το παρελθόν, όσον αφορά την αντιμετώπιση των Παλαιστινίων, δήλωσε διπλωματικά ότι η Ελλάδα συνομιλεί με όλες τις πλευρές και ότι έχει άριστες σχέσεις με τον αραβικό κόσμο. → Ο κ. Γεραπετρίτης επανέλαβε τον προβληματισμό της ελληνικής κυβέρνησης σε τυχόν εισβολή του ισραηλινού στρατού στην πόλη Ράφα, κάνοντας λόγο για ενδεχόμενη «δραματική ανθρωπιστική καταστροφή». Όπως είπε, «θα πρέπει να αποτραπεί» η εισβολή.",efsyn.gr,efsyn.gr,2024-05-05,Πολιτική
https://www.efsyn.gr/politiki/infonews/431682_perimenontas-tin-anatasi,Περιμένοντας την... Ανάταση,Περιμένοντας την... Ανάταση  ,Πάνος Κωνσταντόπουλος,efsyn.gr,2024-05-05,Πολιτική
https://www.efsyn.gr/politiki/exoteriki-politiki/431803_ieroysalim-eleytheros-o-ellinas-froyros-meta-epeisodio,Ιερουσαλήμ: Ελεύθερος ο Έλληνας φρουρός μετά το επεισόδιο,"Ιερουσαλήμ: Ελεύθερος ο Έλληνας φρουρός μετά το επεισόδιο  Μετά από παρέμβαση του ελληνικού υπουργείου Εξωτερικών αφέθηκε ελεύθερος ο Έλληνας φρουρός που είχε συλληφθεί έπειτα από επεισόδιο στην Ιερουσαλήμ κατά τη διάρκεια της τελετής για το Άγιο Φως. Σύμφωνα με διπλωματικές πηγές το ΥΠΕΞ διερευνά τις συνθήκες υπό τις οποίες σημειώθηκε το περιστατικό και αναμένεται να προβεί σε όλες τις σχετικές ενέργειες. Το επεισόδιο καταγράφηκε χθες κατά την τελετή αφής του Αγίου Φωτός στον Πανάγιο Τάφο, ενώ ο συλληφθείς είναι ο φρουρός του Έλληνα προξένου στην Ιερουσαλήμ. Αυτόπτες μάρτυρες είπαν στο Anadolu ότι υπήρξε διαπληκτισμός μεταξύ της αστυνομίας και της φρουράς του Έλληνα προξένου. Israeli police violently arrested Greek Consul's guard at the Church of the Holy Sepulchre in occupied Jerusalem, during celebrations for Holy Saturday by thousands of Christians ahead of Orthodox Easter Sunday.Israeli forces previously set up iron barriers around the church to… pic.twitter.com/cFUEOACg19",efsyn.gr,efsyn.gr,2024-05-05,Πολιτική
https://www.efsyn.gr/politiki/431806_ta-minymata-politeiakis-kai-politikis-igesias-gia-pasha,Τα μηνύματα πολιτειακής και πολιτικής ηγεσίας για το Πάσχα,"Τα μηνύματα πολιτειακής και πολιτικής ηγεσίας για το Πάσχα  Ευχές για την ημέρα του Πάσχα και την Ανάσταση από την Πρόεδρο της Δημοκρατίας, ενώ οι Στέφανος Κασσελάκης και Νίκος Ανδρουλάκης έσπευσαν να στείλουν μήνυμα με το βλέμμα στις ευρωεκλογές. Η Κατερίνα Σακελλαροπούλου παρακολούθησε την Ακολουθία της Αναστάσεως στον Καθεδρικό Ναό Αθηνών και αμέσως μετά δήλωσε: Με την Ανάσταση του Κυρίου η ελπίδα γεμίζει και πάλι τις ψυχές μας. Εύχομαι το αναστάσιμο φως να γίνει οδηγός όλων μας προς έναν κόσμο χωρίς πολέμους, συγκρούσεις και μίση, με αγάπη και κατανόηση προς τον συνάνθρωπο. Χριστός Ανέστη! Χρόνια πολλά!. Ο πρόεδρος του ΣΥΡΙΖΑ έστειλε το μήνυμά του από την Κέρκυρα επισημαίνοντας: Γεια σας από την Κέρκυρα, το νησί των Φαιάκων, εδώ που βρίσκομαι για τις μέρες του Πάσχα, να γιορτάσουμε την πιο σημαντική γιορτή της Ορθοδοξίας. Την Ανάσταση, τη μετάβαση από το σκοτάδι στο φως. Δηλαδή ακριβώς αυτό που έχω δει τόσο κόσμο να μου λέει. Είμαστε μαζί για ν’ αλλάξουμε τη χώρα μας. Πρέπει να αλλάξουμε. Από το σκοτάδι της αναξιοκρατίας και της ατιμωρησίας, στο φως της ελπίδας, της αξιοκρατίας, της δικαιοσύνης, της δημοκρατίας και της ειρήνης. Εύχομαι ολόψυχα σε όλες και όλους σας, όπου και να βρίσκεστε στον κόσμο, Χρόνια Πολλά, Καλό Πάσχα και Χριστός Ανέστη Από την πλευρά του ο Νίκος Ανδρουλάκης δημοσίευε στα μέσα κοινωνικής δικτύωσης το μήνυμά του υπογραμμίζοντας: Το φετινό Πάσχα ας αγωνιστούμε για να μετατραπεί σε πέρασμα από έναν κόσμο πολέμων, δοκιμασιών και ανισοτήτων σε μια κοινωνία συμπερίληψης, ειρήνης και αλληλεγγύης. Το μήνυμα της Ανάστασης του Χριστού σηματοδοτεί τη νίκη της αλήθειας κατά του ψεύδους, της αγάπης κατά της μισαλλοδοξίας και του θριάμβου της ζωής πάνω στον θάνατο. Το μήνυμα αυτό είναι διαρκές και πανανθρώπινο.Το φετινό Πάσχα ας αγωνιστούμε για να μετατραπεί σε πέρασμα από… pic.twitter.com/YzkTDmLuF9",efsyn.gr,efsyn.gr,2024-05-05,Πολιτική
https://www.efsyn.gr/politiki/exoteriki-politiki/431872_diloseis-kalis-geitonias-apo-erntogan,Δηλώσεις... καλής γειτονίας από Ερντογάν,"Δηλώσεις... καλής γειτονίας από Ερντογάν  Λίγες ημέρες πριν από τη συνάντηση με τον Έλληνα πρωθυπουργό Κυριάκο Μητσοτάκη, ο Τούρκος πρόεδρος Ταγίπ Ερντογάν επιχείρησε να δείξει πόσο καλός γείτονας είναι η Τουρκία. Έτσι, μετά τουπουργικό συμβούλιο της Δευτέρας, ο Ερντογάν δήλωσε πως «εμείς προσπαθούμε να αυξήσουμε τους φίλους μας», προσθέτοντας πως «δεν έχουμε κανένα πρόβλημα που δεν μπορούμε να λύσουμε με τις χώρες της περιοχής μας». Συνεχίζοντας στο ίδιο πνεύμα, ο πρόεδρος της Τουρκίας σημείωσε πως «πιστεύουμε ότι δεν υπάρχει πόρτα που δεν μπορεί να ανοίξει ο διάλογος και οι διαπραγματεύσεις, αρκεί να υπάρξει προσέγγιση με καλή πρόθεση και να δοθεί ευκαιρία στη διπλωματία. Η συνέχεια σίγουρα θα έρθει με λίγη προσπάθεια και λίγη θυσία». Αναφερόμενος και στην επίσκεψη Μητσοτάκη στην Άγκυρα, ανέφερε: «Αύριο θα φιλοξενήσουμε στη χώρα μας τον αδελφό μου εμίρη του Κουβέιτ σεΐχη Σαμπάχ. Την επόμενη εβδομάδα, τη Δευτέρα, ο πρωθυπουργός της Ελλάδας κύριος Μητσοτάκης θα έρθει στην Άγκυρα στο πλαίσιο επίσημης επίσκεψης. Σαν τον δικέφαλο αετό των Σελτζούκων, θα αναζητήσουμε τον τρόπο να αναπτύξουμε τις σχέσεις μας με την Ανατολή και της Δύση στη βάση των κοινών συμφερόντων μας». Πάντως, οι παραπάνω δηλώσεις Ερντογάν έρχονται την ίδια μέρα που εγκαινιάστηκε η λειτουργία ως τζαμί, της Μονής της Χώρας, του περικαλλούς βυζαντινού ναού της Κωνσταντινούπολης. Μάλιστα, τα εγκαίνια έκανε ο ίδιος ο Ερντογάν, σε ειδική τελετή.",efsyn.gr,efsyn.gr,2024-05-06,Πολιτική
https://www.efsyn.gr/politiki/exoteriki-politiki/431875_ypex-proklisi-i-leitoyrgia-tis-monis-os-tzami,ΥΠ.ΕΞ.: «Πρόκληση» η λειτουργία της Μονής ως τζαμί,"ΥΠ.ΕΞ.: «Πρόκληση» η λειτουργία της Μονής ως τζαμί  Έντονη είναι η αντίδραση του ελληνικού Υπουργείου Εξωτερικών στην απόφαση της Άγκυρας να λειτουργήσει ως τζαμί η Μονή της Χώρας. Σημειώνεται μάλιστα, πως τα εγκαίνια τα έκανε ο ίδιος ο Τούρκος πρόεδρος, Ταγίπ Ερντογάν, ο οποίος σε λίγες ημέρες θα υποδεχθεί τον Έλληνα πρωθυπουργό Κυριάκο Μητσοτάκη, στην Άγκυρα. «H απόφαση των Τουρκικών Αρχών για την έναρξη της λειτουργίας της Μονής της Χώρας ως μουσουλμανικού τεμένους συνιστά πρόκληση για τη διεθνή κοινότητα καθώς αλλοιώνει και προσβάλλει τον χαρακτήρα της ως μνημείου παγκόσμιας πολιτιστικής κληρονομιάς της UNESCO ανήκον στην ανθρωπότητα.Η διατήρηση του οικουμενικού χαρακτήρα μνημείων και η τήρηση των διεθνών προτύπων προστασίας της θρησκευτικής και πολιτιστικής κληρονομιάς αποτελεί σαφή διεθνή υποχρέωση που δεσμεύει όλα τα κράτη», τονίζεται στη σχετική ανακοίνωση του ελληνικού ΥΠ.ΕΞ. Σημειώνεται ότι η Μονή αποτελεί το μνημείο με τα πλέον περίτεχνα βυζαντινά ψηφιδωτά που διασώζεται στην Κωνσταντινούπολη, μαζί με την Αγία Σοφία και τη Μονή της Παμμακάριστου, η οποία επίσης λειτουργεί ως τζαμί.",efsyn.gr,efsyn.gr,2024-05-06,Πολιτική
https://www.efsyn.gr/politiki/antipoliteysi/431870_katadikazei-o-syriza-tin-entoli-ekkenosis-sti-rafa,Καταδικάζει ο ΣΥΡΙΖΑ την εντολή εκκένωσης στη Ράφα,"Καταδικάζει ο ΣΥΡΙΖΑ την εντολή εκκένωσης στη Ράφα  Με τις εξελίξεις να είναι ραγδαίες στη Μέση Ανατολή, οΣΥΡΙΖΑ - ΠΣ εξέδωσε ανακοίνωση, στην οποία «καταδικάζει απερίφραστα την ισραηλινή εντολή εκκένωσης της Ράφα και τα συνεπακόλουθα αεροπορικά πλήγματα, τα οποία οδηγούν σε νέους θανάτους αμάχων αυξάνοντας τον ήδη τραγικό απολογισμό». Όπως τονίζει, η ίδια η εντολή εκκένωσης, όπως και τα πλήγματα σε μη στρατιωτικές υποδομές «συνιστούν νέες σοβαρότατες παραβιάσεις του διεθνούς δικαίου από πλευράς Ισραήλ, οι οποίες επιδεινώνουν την ήδη τραγική ανθρωπιστική κρίση» στη Λωρίδα της Γάζας. Στην ίδια ανακοίνωση, το κόμμα της αξιωματικής αντιπολίτευσης κατηγορεί την κυβέρνηση Μητσοτάκη για «πρωτοφανή» αδράνεια, η οποία «ζημιώνει το διεθνές κύρος της χώρας». Ο ΣΥΡΙΖΑ - ΠΣ καταδικάζει απερίφραστα την ισραηλινή εντολή εκκένωσης της Ράφα και τα συνεπακόλουθα αεροπορικά πλήγματα, τα οποία οδηγούν σε νέους θανάτους αμάχων αυξάνοντας τον ήδη τραγικό απολογισμό. Η ίδια δε η εντολή εκκένωσης, όπως και τα πλήγματα σε μη στρατιωτικές υποδομές, συνιστούν νέες σοβαρότατες παραβιάσεις του διεθνούς δικαίου από πλευράς Ισραήλ, οι οποίες επιδεινώνουν την ήδη τραγική ανθρωπιστική κρίση στη Γάζα. Δυστυχώς, η διεθνής κοινότητα αποφεύγει να πράξει τα εκ του διεθνούς δικαίου δέοντα επιτρέποντας να συνεχίζεται ανεμπόδιστη η αιματοχυσία στη Γάζα. Καλούμε έστω και την ύστατη στιγμή, το Συμβούλιο Ασφαλείας των ΗΕ, την Ευρωπαϊκή Ένωση και όλους τους διεθνείς και περιφερειακούς εταίρους να εγκαταλείψουν την στάση επιλεκτικής αφωνίας και να παρέμβουν προκειμένου να επιτευχθεί η άμεση και μόνιμη κατάπαυση του πυρός, η επιστροφή όλων των ομήρων, η απρόσκοπτη παροχή ανθρωπιστικής βοήθειας, καθώς και η άμεση επανεκκίνηση αξιόπιστων συνομιλιών στο Παλαιστινιακό, στη βάση των συνόρων του 1967, για λύση δύο κρατών που συμβιώνουν ειρηνικά, με την Ανατολική Ιερουσαλήμ πρωτεύουσα της Παλαιστίνης. Σε αυτήν την κατεύθυνση θα όφειλε και να κινηθεί η κυβέρνηση Μητσοτάκη, δρώντας ως αξιόπιστος μεσολαβητής μεταξύ των δύο πλευρών. Δυστυχώς όμως η κυβέρνηση δρώντας υπό τη λογική του προκεχωρημένου φυλακίου της Δύσης, θυσιάζει την ενεργητική και πολυδιάστατη εξωτερική πολιτική που άσκησε ο ΣΥΡΙΖΑ για χάρη του δόγματος του ''δεδομένου συμμάχου'', με αποτέλεσμα να φοβάται να αρθρώσει τις λέξεις ''κατάπαυση πυρός'' και να αρκείται σε μια πρωτοφανή για την ελληνική εξωτερική πολιτική αδράνεια, η οποία ζημιώνει το διεθνές κύρος της χώρας. Ο ΣΥΡΙΖΑ - ΠΣ στέκεται και θα συνεχίσει να στέκεται στο πλευρό του δοκιμαζόμενου φίλου παλαιστινιακού λαού, καθώς και των δημοκρατικών, φιλειρηνικών φωνών του Ισραήλ.​",efsyn.gr,efsyn.gr,2024-05-06,Πολιτική
https://www.efsyn.gr/politiki/antipoliteysi/431854_kasselakis-apo-paxoys-tha-pame-eyro-eyro-gia-na-doyme-poy-ta-eklepsan,Κασσελάκης από Παξούς: Θα πάμε ευρώ ευρώ για να δούμε πού τα έκλεψαν,"Κασσελάκης από Παξούς: Θα πάμε ευρώ ευρώ για να δούμε πού τα έκλεψαν  Μετά την Κέρκυρα, η επόμενη στάση του προέδρου του ΣΥΡΙΖΑ ήταν οι Παξοί, με τον Στέφανο Κασσελάκη να συνομιλεί με πολίτες και επιχειρηματίες και να ανταλλάσει ευχές. Ο αρχηγός της αξιωματικής αντιπολίτευσης, σύμφωνα με την «Αυγή», έγινε δέκτης παραπόνων με επιχειρηματία να του λέει πως «είστε η μοναδική μας ελπίδα» γιατί είναι πολλοί αυτοί «που παίρνουν λεφτά χαράμικα από το κράτος». Η απάντηση του Στέφανου Κασσελάκη ήταν πως «θα πάμε ευρώ-ευρώ, γραμμή-γραμμή για να δούμε πού τα έκλεψαν και θα το μάθουν όλοι οι Έλληνες». Σε άλλο σημείο, συζητώντας με τους πολίτες επανέλαβε την προσπάθεια νέας στελέχωσης του ΣΥΡΙΖΑ λέγοντας: «Πρέπει να χτίσουμε μια ομάδα με ανθρώπους που θέλουν να προσφέρουν στον τόπο, όχι να κάνουν καριέρα από την πολιτική». ",efsyn.gr,efsyn.gr,2024-05-06,Πολιτική
https://www.efsyn.gr/politiki/exoteriki-politiki/431909_gerapetritis-gia-rafa-kai-gia-ellinotoyrkika,Γεραπετρίτης για Ράφα και για ελληνοτουρκικά,"Γεραπετρίτης για Ράφα και για ελληνοτουρκικά  Για την κατάσταση στη Γάζα ο κ. Γεραπετρίτης επανέλαβε τις θέσεις αρχής της Ελλάδας και τις βασικές θέσεις της Ε.Ε. και σημείωσε ότι «θα πρέπει να κάνουμε πιο πολλά πράγματα, να είμαστε πιο πιεστικοί και προς όλες τις πλευρές» για την επίτευξη εκεχειρίας και τη μεταφορά ανθρωπιστικής βοήθειας στους Παλαιστινίους. Σε ερώτηση ως προς τα όπλα που παίρνει το Ισραήλ και από την Ε.Ε. ο υπουργός σημείωσε «το δικαίωμα του Ισραήλ να αμυνθεί» και πρόσθεσε πως «τα όπλα θα πρέπει να χρησιμοποιούνται για αμυντικούς και όχι για επιθετικούς σκοπούς». Εσπευσε δε να τονίσει πως «δεν μπορούμε να δεχθούμε την όποια δυσανάλογη αντίδραση» και υπογράμμισε ότι θα «πρέπει να αποτραπεί μια χερσαία εισβολή στη Ράφα». Στο Παλαιστινιακό τόνισε την πάγια θέση για δύο κράτη στη βάση των ψηφισμάτων του ΟΗΕ. Ο κ. Γεραπετρίτης αρνήθηκε ότι τηρούνται δύο μέτρα και δύο σταθμά για τον πόλεμο στην Ουκρανία και τον πόλεμο στη Γάζα, ως προς το θέμα της αναλογικής αντίδρασης και σημείωσε ότι από θέση αρχής «είμαστε εναντίον σε κάθε μορφής επιθετικότητας». Δέχτηκε και την ερώτηση εάν η Ελλάδα προτίθεται να επανεξετάσει τις συμφωνίες στρατιωτικής συνεργασίας που έχει με το Ισραήλ και επιπλέον εάν αυτές οι συμφωνίες προέκυψαν εξ αντανακλάσεως από την πολιτική της Τουρκίας και απάντησε αρνητικά και στα δύο σκέλη. Η συνέντευξη Γεραπετρίτη συνέπεσε με τις πυκνές εξελίξεις γύρω από τη Ράφα και τις απειλές κλιμάκωσης τόσο από το Ισραήλ όσο και από τη Χαμάς που την προηγουμένη είχε εξαπολύσει επίθεση στο πέρασμα Κερέμ Σαλόμ, με αποτέλεσμα να σταματήσει η αποστολή ανθρωπιστικής βοήθειας μέσω της Αιγύπτου και να διακοπούν οι διαπραγματεύσεις για κατάπαυση του πυρός. Στο κάδρο της συνέντευξης μπήκαν και οι ελληνοτουρκικές σχέσεις, με το ερώτημα που εγείρεται από τους τουρκικούς ισχυρισμούς πως η Ελλάδα προχώρησε σε στρατιωτικοποίηση του Αιγαίου (με αναφορά στην Κω, ως εάν η εγγύτητα ενός μέρους με άλλη χώρα να είναι λόγος αποστρατιωτικοποίησης) και ο υπουργός Εξωτερικών επανέλαβε τις πάγιες ελληνικές θέσεις. Απέρριψε επίσης τις τουρκικές αιτιάσεις για τα υπό σχεδιασμό θαλάσσια περιβαλλοντικά πάρκα, λέγοντας ότι δεν αφορούν γεωπολιτικούς σκοπούς και επανέλαβε την προσδοκία ότι η επικείμενη επίσκεψη Μητσοτάκη στην Αγκυρα θα είναι παραγωγική.",na,efsyn.gr,2024-05-07,Πολιτική
https://www.efsyn.gr/politiki/431911_dimarhoi-apo-oli-tin-eyropi-heri-heri-enantia-stin-akrodexia,Δήμαρχοι από όλη την Ευρώπη χέρι-χέρι ενάντια στην Ακροδεξιά,"Δήμαρχοι από όλη την Ευρώπη χέρι-χέρι ενάντια στην Ακροδεξιά  Βάσεις για ένα ευρύ προοδευτικό μέτωπο απέναντι στην Ακροδεξιά θέτουν δήμαρχοι ευρωπαϊκών πόλεων. Σε σχετική συνάντηση που οργάνωσε η δήμαρχος του Παρισιού, Αν Ινταλγκό, στην γαλλική πρωτεύουσα, βασικό θέμα συζήτησης αποτέλεσε το πώς οι προοδευτικές δυνάμεις μπορούν να συνασπιστούν απέναντι στην άνοδο της Ακροδεξιάς. Πέρα από την κ. Ινταλγκό, συμμετείχαν ο δήμαρχος Αθηναίων Χάρης Δούκας, ο δήμαρχος Κωνσταντινούπολης Εκρέμ Ιμάμογλου, καθώς και οι δήμαρχοι Κοπεγχάγης, Κιέβου, Σαράγεβο, Τιράνων, Ζάγκρεμπ και Ρέικιαβικ. Ολοι οι προσκεκλημένοι έχουν αναφορά στον χώρο της σοσιαλδημοκρατίας. Στόχος των δημάρχων αποτελεί η συγκρότηση ενός «προοδευτικού τόξου δυνάμεων», ώστε «να χτυπηθεί ο λαϊκισμός και η Ακροδεξιά μέσα στις πόλεις», όπως τονίστηκε, υπό τη διαπίστωση ότι στο συγκεκριμένο μέτωπο οι κεντρικές εξουσίες δείχνουν να αποτυγχάνουν. Η συνάντηση έγινε και ενόψει των επικείμενων ευρωπαϊκών εκλογών. Παρών ήταν και ο σοσιαλιστής επίτροπος για τα εργασιακά και κοινωνικά θέματα και υποψήφιος των σοσιαλιστών για την προεδρία της Κομισιόν, Νίκολας Σμίθ, καθώς και ο Ραφαέλ Γκλικσμάν, ευρωβουλευτής των σοσιαλιστών. Ενδιαφέρον έχει ότι κατά τη συνάντηση η δήμαρχος του Παρισιού έκανε ειδική αναφορά στον κ. Δούκα και στην εκλογική του νίκη στις πρόσφατες αυτοδιοικητικές εκλογές. Σύμφωνα με πληροφορίες, τον προσφώνησε λέγοντας ότι «κέρδισε το σύστημα, το κατεστημένο» και έγινε δήμαρχος «χωρίς χορηγούς και επενδυτές». Μεταξύ άλλων, στο πλαίσιο του European Mayors Summit, ο δήμαρχος Αθηναίων συζήτησε με ομολόγους του θέματα κλιματικής αλλαγής και ενέργειας, καθώς και το πώς η πράσινη μετάβαση, θα είναι δίκαιη και θα δημιουργεί προστιθέμενη αξία στην Ευρώπη. Σχετικά πρωτοβουλίες αναμένεται να ανακοινωθούν το αμέσως επόμενο διάστημα. Τέλος, ο δήμαρχος Αθηναίων μεταβαίνει στην Κωνσταντινούπολη, κατόπιν πρόσκλησης του Εκρέμ Ιμάμογλου. Σήμερα θα συναντήσει τον οικουμενικό Πατριάρχη Βαρθολομαίο και για αύριο είναι προγραμματισμένη η συνάντησή του με τον δήμαρχο Κωνσταντινούπολης.",na,efsyn.gr,2024-05-07,Πολιτική
https://www.efsyn.gr/politiki/antipoliteysi/431913_periodeia-kasselaki-stin-ipeiro,Περιοδεία Κασσελάκη στην Ηπειρο,"Περιοδεία Κασσελάκη στην Ηπειρο  Πασχαλινές διακοπές τέλος και επιστροφή στις περιοδείες για τον Στέφανο Κασσελάκη. Σχεδόν έναν μήνα πριν από τις κάλπες των ευρωεκλογών, ο πρόεδρος του ΣΥΡΙΖΑ-Π.Σ. άφησε την Κέρκυρα, όπου πέρασε το Πάσχα, έκανε μια στάση στους Παξούς και από σήμερα θα πραγματοποιήσει τριήμερη περιοδεία στην Ηπειρο, ξεκινώντας από την Πρέβεζα, ενώ αύριο και μεθαύριο θα επισκεφτεί την Αρτα και τα Ιωάννινα. Οπως ήταν αναμενόμενο, τα πασχαλινά μηνύματα του κ. Κασσελάκη είχαν πολιτική χροιά εν όψει της εκλογικής μάχης. Aπό την Κέρκυρα την Κυριακή του Πάσχα έκανε λόγο για την «Ανάσταση, την πιο σημαντική γιορτή της Ορθοδοξίας. Την Ανάσταση, τη μετάβαση από το σκοτάδι στο φως. Δηλαδή ακριβώς αυτό που έχω δει τόσο κόσμο να μου λέει. Είμαστε μαζί για ν’ αλλάξουμε τη χώρα μας. Πρέπει να αλλάξουμε. Από το σκοτάδι της αναξιοκρατίας και της ατιμωρησίας, στο φως της ελπίδας, της αξιοκρατίας, της δικαιοσύνης, της δημοκρατίας και της ειρήνης». Αξίζει να σημειωθεί ότι τελικά δεν σημειώθηκε κανένα «περίεργο» περιστατικό με τον μητροπολίτη του νησιού, ο οποίος εδώ και καιρό είχε ταχθεί κατά των γάμων των ομόφυλων ζευγαριών, απειλώντας τους πολιτικούς που ψήφισαν το σχετικό νομοσχέδιο με απαγόρευση εισόδου τους στους ναούς. Οπως φαίνεται όμως και μετά τις επαφές που είχαν ο πρωθυπουργός με τον αρχιεπίσκοπο Ιερώνυμο, η Εκκλησία δείχνει να έχει ρίξει νερό στο κρασί της και οι αντιδράσεις να έχουν ελαχιστοποιηθεί, αν όχι εξαφανιστεί πλήρως από την καθημερινότητα. Μάλιστα, στην περίπτωση της Κέρκυρας, ο μητροπολίτης πλησίασε τον κ. Κασσελάκη και του ευχήθηκε για τη μέρα. Κατά τη διάρκεια της χθεσινής του επίσκεψης στους Παξούς ο πρόεδρος του ΣΥΡΙΖΑ-Π.Σ. ακολούθησε τη λιτάνευση της εικόνας της Αναστάσεως στον Γάη και συνομίλησε με επιχειρηματίες που του μετέφεραν τα προβλήματα της περιοχής σε υποδομές, αλλά και στη συγκοινωνιακή σύνδεση του νησιού, καθώς αρκετά συχνά βρίσκονται αποκλεισμένοι. Κάτοικοι του νησιού τον υποδέχθηκαν με θέρμη, με κάποιον να του αναφέρει πως αποτελεί «τη μοναδική ελπίδα», καθώς όπως είπε είναι πολλοί αυτοί «που παίρνουν λεφτά χαράμικα από το κράτος». Ο πρόεδρος του ΣΥΡΙΖΑ απάντησε πως «θα πάμε ευρώ ευρώ, γραμμή γραμμή για να δούμε πού τα έκλεψαν και θα το μάθουν όλοι οι Ελληνες». Σε άλλο σημείο, συζητώντας με τους πολίτες επανέλαβε την προσπάθεια νέας στελέχωσης του ΣΥΡΙΖΑ λέγοντας: «Πρέπει να χτίσουμε μια ομάδα με ανθρώπους που θέλουν να προσφέρουν στον τόπο, όχι να κάνουν καριέρα από την πολιτική». Χθες, αργά το βράδυ στο Open επρόκειτο να μεταδοθεί μια διαφορετική συνέντευξη του προέδρου του ΣΥΡΙΖΑ, καθώς ήταν καλεσμένος στην πρεμιέρα της εκπομπής της Αννας Δρούζα, η οποία επέστρεψε στα τηλεοπτικά δρώμενα έπειτα από πολύ καιρό.",na,efsyn.gr,2024-05-07,Πολιτική
https://www.efsyn.gr/politiki/kybernisi/431987_i-nd-katigorei-ton-st-kasselaki-gia-polakismo-epeita-apo-diloseis-stin,Η Ν.Δ. κατηγορεί τον Στ. Κασσελάκη για «πολακισμό» έπειτα από δηλώσεις στην Ηγουμενίτσα,"Η Ν.Δ. κατηγορεί τον Στ. Κασσελάκη για «πολακισμό» έπειτα από δηλώσεις στην Ηγουμενίτσα  «Χυδαιότητα, αθλιότητα και κατηφόρα» αποδίδει η Νέα Δημοκρατία στον πρόεδρο του ΣΥΡΙΖΑ-Προοδευτική Συμμαχία, έπειτα από διάλογο που είχε με πολίτες στην Ηγουμενίτσα κατά την περιοδεία του στην πόλη. Σύμφωνα με τον εκπρόσωπο Τύπου της Νέας Δημοκρατίας, Νίκο Ρωμανό, στον ΣΥΡΙΖΑ «ο πολακισμός δεν είναι μια συνιστώσα, αλλά επίσημα η νέα ταυτότητα του κόμματος». Ο Στέφανος Κασσελάκης, σε συνομιλία που είχε με κάτοικο της Ηγουμενίτσα, ο οποίος του ζήτησε να είναι πατριώτης, και όχι πατριδοκάπηλος, τον διαβεβαιωσε ότι θα είναι πατριώτης στην πράξη και όχι στα λόγια. Είπε μάλιστα: «Πατριδοκάπηλοι υπάρχουν πάρα πολλοί... Κάποιοι που το παίζουν πατριώτες και θρησκευόμενοι συγκαλύπτουν εγκλήματα. Κυριολεκτικά εγκλήματα. Πάνε και φιλάνε τα χέρια μέσα στο Πάσχα αλλά ψηφίζουν και συγκαλύπτουν υπουργούς που σκοτώνουν παιδιά...». «Η χυδαιότητα, η αθλιότητα και η κατηφόρα δεν έχουν τελειωμό», ανέφερε στην ανακοίνωσή του ο Νίκος Ρωμανός. Όπως είπε: «Μετά από τη μικρή ανάπαυλα των άγιων ημερών, ο κ. Κασσελάκης το πιάνει από εκεί που το άφησε!Ο Πρόεδρος του ΣΥΡΙΖΑ δήλωσε σε βίντεο, που ανήρτησε ο ίδιος στα σόσιαλ μίντια, ότι “Υπουργοί σκοτώνουν παιδιά”. Η χυδαιότητα, η αθλιότητα και η κατηφόρα δεν έχουν τελειωμό!Κάποτε τέτοιες δηλώσεις έκανε ο κ. Πολάκης και ζητούσαμε μάταια από την ηγεσία του ΣΥΡΙΖΑ να πάρει αποστάσεις. Τώρα πια τις δηλώσεις αυτές τις κάνει η ίδια η ηγεσία, επιβεβαιώνοντας ότι στον ΣΥΡΙΖΑ του Κασσελάκη ο Πολακισμός δεν είναι μια συνιστώσα, αλλά είναι επίσημα η νέα ταυτότητα του κόμματος. Να τον χαίρονται». Να αποδοθούν ευθύνες για τα Τέμπη και να πάψει να κρύβεται ο πρωθυπουργός, ζητά ο ΣΥΡΙΖΑ, με ανακοίνωση-απάντηση προς τη Ν.Δ. Καλό θα ήταν η «ευαισθησία» της Νέας Δημοκρατίας να μην περιορίζεται στις συζητήσεις που έχει με πολίτες ο πρόεδρος του ΣΥΡΙΖΑ ΠΣ, Στέφανος Κασσελάκης, αλλά στο να αποδοθούν οι ευθύνες που αναλογούν σε όσους συντέλεσαν στο έγκλημα των Τεμπών. Θα ήταν πραγματικά πολύ διαφωτιστικό για τον κ. Μητσοτάκη να σταματήσει να κρύβεται στο Μαξίμου και να συνομιλεί με πολίτες αποκλειστικά και μόνο σε απόλυτα ελεγχόμενο περιβάλλον και να ακολουθήσει το παράδειγμα του Προέδρου του ΣΥΡΙΖΑ ΠΣ. Να μιλήσει αδιαμεσολάβητα με τον κόσμο και να κατανοήσει τον θυμό που υπάρχει από την συγκάλυψη του εγκλήματος. Τότε ίσως καταλάβει πως πρέπει επιτέλους να σταματήσει να συγκαλύπτει το άλλο τζάκι του κόμματος του.​ ",efsyn.gr,efsyn.gr,2024-05-07,Πολιτική
https://www.efsyn.gr/politiki/431907_trypa-gdpr-sto-ypoyrgeio-esoterikon,«Τρύπα» GDPR στο υπουργείο Εσωτερικών,"«Τρύπα» GDPR στο υπουργείο Εσωτερικών  Θυμίζουμε ότι η διαρροή προσωπικών δεδομένων αποκαλύφθηκε στις αρχές Μαρτίου φέτος, μετά από μαζική αποστολή χιλιάδων προεκλογικών μηνυμάτων στις καταχωρισμένες διευθύνσεις email και οδήγησε τη Νέα Δημοκρατία στην απόσυρση της υποψηφιότητας της Αννας-Μισέλ Ασημακοπούλου για την Ευρωβουλή, στην παραίτηση του γενικού γραμματέα του υπουργείου Εσωτερικών, Μιχάλη Σταυριανουδάκη, στην αποπομπή του γραμματέα αποδήμων του κόμματος, Νίκου Θεοδωρόπουλου, και στην εκκίνηση έρευνας της Αρχής Προστασίας Δεδομένων Προσωπικού Χαρακτήρα και της Εισαγγελίας, τόσο στο υπουργείο Εσωτερικών και στους άμεσα εμπλεκόμενους όσο και στο κόμμα της Νέας Δημοκρατίας. Το υπουργείο Εσωτερικών ανακοίνωσε στις 26 Απριλίου ότι η εσωτερική έρευνά του ολοκληρώθηκε και προέκυψαν συγκεκριμένα πορίσματα, μεταξύ των οποίων: Η διαρροή των προσωπικών δεδομένων όντως συνέβη στο ΥΠΕΣ, παρά την κάθετη άρνηση που αρχικά διατυπώθηκε στις 3.3.2024 από τον γεν. γραμματέα Εσωτερικών και Οργάνωσης. Στα δεδομένα που διέρρευσαν διαπιστώθηκε ότι όντως περιλαμβάνονται και τα καταχωρισμένα email των εκλογέων, παρότι αρχικά από το ΥΠΕΣ υπήρξε η διατύπωση ότι στα δεδομένα πολιτών που εκχωρούνται σε υποψηφίους εκλογών σύμφωνα με τον νόμο δεν θα πρέπει να υπάρχουν προσωπικά στοιχεία επικοινωνίας. Η διαρροή αφορά ξεκάθαρα εσωτερική παραβίαση και όχι εξωτερικό παράγοντα ή τεχνική παραβίαση μέτρων ασφαλείας («...μη θεσμικά προβλεπόμενης διακίνησης, εντός του Υπουργείου Εσωτερικών, προσωπικών δεδομένων...», «...συστήνονται πειθαρχικές ενέργειες στη βάση των ευρημάτων...»). Ομως, το υπουργείο δεν διευκρινίζει σχετικά με το ποιος, πώς και πότε ακριβώς συμμετείχε ενεργά ή παθητικά στη συγκεκριμένη παραβίαση, ούτε τα τεκμήρια που βρέθηκαν κατά την εσωτερική έρευνα και που προφανώς οδήγησαν στον πειθαρχικό έλεγχο, ενώ έγινε προσπάθεια να επιρριφθούν ευθύνες στην περσινή υπηρεσιακή κυβέρνηση. Σύμφωνα με σχετικά δημοσιεύματα, «...ο υπάλληλος γνώριζε ότι ήταν λάθος όταν του ζήτησαν προσωπικά στοιχεία των εκλογέων εξωτερικού από τους καταλόγους που είχαν καταρτιστεί στις περσινές εθνικές εκλογές –αλλά τα έδωσε (σύμφωνα με το πόρισμα) επειδή θεώρησε ότι οφείλει να ανταποκριθεί στην εντολή του προϊσταμένου του...». Εφόσον επιβεβαιωθεί, αυτό πρακτικά σημαίνει ότι όχι μόνο οι προβλέψεις του κανονισμού GDPR δεν εφαρμόζονται στο υπουργείο Εσωτερικών (αρμόδιο για τη διασφάλιση της εκλογικής διαδικασίας), αλλά παραβιάζονται πρόδηλα και σκόπιμα αντί από υποτιθέμενη άγνοια ή αβλεψία. Το διοικητικό συμβούλιο της Ενωσης Πληροφορικών τονίζει ότι τυπικά θα ανέμενε την ολοκλήρωση της εισαγγελικής διερεύνησης και των σχετικών ενεργειών εκ μέρους της Αρχής Προστασίας Δεδομένων Προσωπικού Χαρακτήρα προτού σχολιάσει το ζήτημα της διαρροής προσωπικών δεδομένων, όμως, μετά την ανακοίνωση του υπουργείου Εσωτερικών, έγινε γνωστό ότι την ίδια μέρα με την ανακοίνωση (26/4) υπήρξε διάρρηξη στο ΥΠΕΣ και μάλιστα στο γραφείο του προϊσταμένου της Διεύθυνσης Εκλογών. Επισημαίνεται ότι μόλις στις 26.5.2021, δύο χρόνια νωρίτερα από την επίμαχη υπόθεση και μετά από μια σειρά άλλων παρόμοιων υποθέσεων σε υπουργεία και φορείς του ευρύτερου Δημοσίου, τα οποία είχαν επισημανθεί και από την «Εφ.Συν.»), εκδόθηκε απόφαση με τίτλο «Υποστηρικτικές Υπηρεσίες προς δημόσιους φορείς με στόχο τη συμμόρφωση προς τον Ευρωπαϊκό Κανονισμό για την Προστασία Δεδομένων GDPR [...]» και προϋπολογισμό 15 εκατ. ευρώ, με τελική ημερομηνία υποβολής προτάσεων στις 31.5.2021. Μεταξύ άλλων, στις δράσεις προβλέπονταν: Διενέργεια Μελέτης Εκτίμησης Αντικτύπου για όποιες δραστηριότητες απαιτείται και ανάπτυξη / επικαιροποίηση κειμένων πληροφόρησης, συγκατάθεσης του πολίτη. Ανάπτυξη / επικαιροποίηση πολιτικών και διαδικασιών προσωπικών δεδομένων, εκπαίδευση προσωπικού και έλεγχος εφαρμογής στην πράξη μέσω εσωτερικής επιθεώρησης. Μελέτη και εφαρμογή μέτρων αυτοματοποιημένης επικαιροποίησης των εγγράφων συμμόρφωσης (DPIA, πολιτικές και διαδικασίες προσωπικών δεδομένων και ασφάλειας, αρχείο δραστηριοτήτων επεξεργασίας, κ.λπ.). Σύμφωνα με την Ενωση Πληροφορικών Ελλάδας, οι συγκεκριμένες δράσεις θα επέτρεπαν ήδη από τις πρώτες ώρες διαπίστωσης της διαρροής των προσωπικών δεδομένων (σίγουρα πριν από τις 3.3.2024) να έχουν τεκμηριώσει πλήρως το γεγονός, μέσω των προβλεπόμενων διαδικασιών ελέγχου (auditing) που προβλέπεται σε ανάλογα περιστατικά πιθανής παραβίασης ασφάλειας. Παρ’ όλα αυτά, η παραδοχή εκ μέρους του υπουργείου Εσωτερικών καθυστέρησε οκτώ ολόκληρες εβδομάδες, τονίζει η ανακοίνωση του Δ.Σ. της Ενωσης Πληροφορικών, σημειώνοντας ότι τα τελευταία χρόνια έχουν καταγραφεί σοβαρά προβλήματα ασφαλείας στην πλατφόρμα gov.gr και ελλιπή τεχνικά μέτρα ασφαλείας σε ιστοτόπους δημόσιων φορέων (ενδεικτικά πολλοί παραμένουν χωρίς ασφαλή σύνδεση https και όχι μόνο), υπήρξαν σοβαρά περιστατικά με τη σύμβαση Cisco-Webex με το υπουργείο Παιδείας, ένα περιστατικό πιθανής παραβίασης ασφαλείας στο Κτηματολόγιο, προβλήματα στην εφαρμογή του Γενικού Κανονισμού Προστασίας Δεδομένων (GDPR), αλλά και προβλήματα ασφαλείας στις διαδικτυακές υπηρεσίες του TAXIS. Η εμπειρία της Ενωσης Πληροφορικών Ελλάδας δείχνει ότι «το ζήτημα της ασφάλειας των πληροφοριακών συστημάτων και η προστασία των προσωπικών δεδομένων των πολιτών δεν ήταν ποτέ, ούτε είναι σήμερα στις προτεραιότητες των αρμόδιων φορέων στον ευρύτερο δημόσιο τομέα. Οσο τα ζητήματα αυτά δεν αντιμετωπίζονται με την αρμόζουσα σοβαρότητα και επαγγελματισμό, δυστυχώς είναι απολύτως βέβαιο ότι θα συνεχίζονται περιστατικά όπως τα παραπάνω».",na,efsyn.gr,2024-05-07,Πολιτική
https://www.efsyn.gr/politiki/antipoliteysi/431916_efyge-o-agonistis-tis-dimokratias-foibos-ioannidis,Εφυγε ο αγωνιστής της δημοκρατίας Φοίβος Ιωαννίδης,"Εφυγε ο αγωνιστής της δημοκρατίας Φοίβος Ιωαννίδης  Μια σπουδαία μορφή του αντιδικτατορικού αγώνα, ο Φοίβος Ιωαννίδης, έφυγε το βράδυ του Μεγάλου Σαββάτου, λίγο πριν από την Ανάσταση, σε ηλικία 88 ετών. Ενας άνθρωπος που αφιέρωσε το μεγαλύτερο μέρος της ζωής του στους αγώνες για τη δημοκρατία, τα ανθρώπινα δικαιώματα και το κράτος δικαίου, ενώ σημαντική ήταν και η συνεισφορά του στη δημοκρατική παράταξη, την οποία υπηρέτησε ως βουλευτής του ΠΑΣΟΚ για δεκαπέντε χρόνια. Ο Φοίβος Ιωαννίδης γεννήθηκε στις 14 Μαρτίου του 1936 στη Σητεία. Ο παππούς του, Γεώργιος Ιωαννίδης, υπήρξε δήμαρχος Ιεράπετρας και ο πατέρας του, ο αντιστασιακός Γιάννης Ιωαννίδης, σκοτώθηκε τον Μάιο του 1944. Ακολούθησε νομικές σπουδές στο Πανεπιστήμιο Αθηνών. Από πολύ νέος ασχολήθηκε με τον συνδικαλισμό και στις αρχές του 1960 εντάχθηκε στη νεολαία της Ενωσης Κέντρου. Την περίοδο της δικτατορίας ανέπτυξε έντονη αντιστασιακή δράση, συνελήφθη και φυλακίστηκε. Το 1974 κατήλθε υποψήφιος βουλευτής με την Ενωση Κέντρου - Νέες Δυνάμεις στο Ηράκλειο, χωρίς να εκλεγεί. Το 1976 συμμετείχε μαζί με τον Αλέξανδρο Μαγκάκη στη Σοσιαλιστική Πρωτοβουλία. Το 1978 έγινε μέλος του ΠΑΣΟΚ και προάγεται σε δικηγόρο παρ’ Αρείω Πάγω. Το 1982 εξελέγη δημοτικός σύμβουλος Ηρακλείου και το 1987 ανέλαβε διοικητής του ΙΚΑ. Εξελέγη για πρώτη φορά βουλευτής Λασιθίου με το ΠΑΣΟΚ τον Ιούνιο του 1989. Επανεξελέγη στις εκλογές του 1990, του 1993, του 1996 και του 2000. Διατέλεσε υφυπουργός Υγείας, Πρόνοιας και Κοινωνικών Ασφαλίσεων στην κυβέρνηση του Ανδρέα Παπανδρέου από τις 13 Οκτωβρίου 1993 έως τις 15 Σεπτεμβρίου 1995. Στις κυβερνήσεις του Κώστα Σημίτη θήτευσε (για βραχύβιο χρονικό διάστημα) τον Ιανουάριο του 1996 ως υφυπουργός Βιομηχανίας, Ενέργειας και Τεχνολογίας και αργότερα (30 Οκτωβρίου 1998 - 13 Απριλίου 2000) ως υφυπουργός Εργασίας και Κοινωνικών Ασφαλίσεων. Το 2004 αποχώρησε από την πολιτική. Ηταν παντρεμένος με την αρχιτέκτονα Μαρία Λυγιδάκη και απέκτησαν έναν γιο και μία κόρη. Ο γιος του, Γιάννης, ήταν εκείνος που έκανε γνωστή την τραγική είδηση του θανάτου του. Στο συλλυπητήριο μήνυμά του ο πρόεδρος του ΠΑΣΟΚ, Νίκος Ανδρουλάκης, τον χαρακτήρισε αφοσιωμένο υπηρέτη της δημοκρατικής παράταξης, τονίζοντας ότι στην πολιτική του διαδρομή πορεύτηκε με γενναιότητα, ανιδιοτέλεια και πίστη σε υψηλά ιδανικά και αξίες. Μια πολύπλευρη πολιτική προσωπικότητα, με δράση και εμπειρία που θα λείψουν από την πολιτική ζωή του τόπου, τον αποκάλεσε στον αποχαιρετισμό του ο πρόεδρος της Βουλής, Κωνσταντίνος Τασούλας. «Ο Φοίβος Ιωαννίδης ήταν ένας ακέραιος πολιτικός, μια προσωπικότητα με ήθος και ευγένεια. Η απώλειά του αφήνει ένα κενό ποιότητας στο πολιτικό προσωπικό της χώρας μας», ανέφερε στο μήνυμά του ο πρώην πρωθυπουργός Κώστας Σημίτης, ενώ ο Ευάγγελος Βενιζέλος έκανε λόγο για μια ηρωική προσωπικότητα της Αντίστασης και έναν πολιτικό ο οποίος έθεσε με τη στάση του το μέτρο του πολιτικού ήθους. Η κηδεία του Φοίβου Ιωαννίδη θα γίνει στη γενέθλια γη, τη Σητεία, σε χρόνο που θα ανακοινώσει η οικογένειά του.",na,efsyn.gr,2024-05-07,Πολιτική
https://www.efsyn.gr/politiki/paraskinia/431986_gine-ki-esy-royfianos-na-bgaleis-hrimata,Γίνε κι εσύ «ρουφιάνος» να βγάλεις χρήματα,"Γίνε κι εσύ «ρουφιάνος» να βγάλεις χρήματα  Μπράβο στην κυβέρνηση που προτρέπει τους πολίτες να γίνουν «καρφιά» με το αζημίωτο και μπράβο και στα ΝΕΑ, την εφημερίδα, που εξηγεί στους αναγνώστες της «πώς μπορείτε κι εσείς να βγάλετε λεφτά»! Όπως σημειώνουν τα ΝΕΑ λοιπόν, «χρηματική αμοιβή έως 3.000 ευρώ θα λάβουν οι πολίτες που ""κάρφωσαν"" περιπτώσεις φοροδιαφυγής με αποδείξεις-μαϊμού και παραποιημένες ταμειακές μηχανές»! Μάλιστα «ο διοικητής της ΑΑΔΕ Γιώργος Πιτσιλής αναμένεται τις επόμενες ημέρες να υπογράψει τις πρώτες αποφάσεις με τις οποίες θα επιβραβεύονται οι πολίτες που συνέβαλαν στην αντιμετώπιση της φοροδιαφυγής». Θα πληρώνονται δηλαδή για να «καρφώσουν», για να «ρουφιανέψουν» αν θέλουμε να μιλήσουμε με απλά ελληνικά. «3.000 ευρώ σε όσους καρφώνουν φοροφυγάδες» λέει ο παραπλανητικός τίτλος, μιας και θα είναι έως 3.000 ευρώ. Η χρηματική επιβράβευση του καρφώματος, θα είναι στο δεκαπλάσιο της αξίας της απόδειξης. Δηλαδή αν πάρεις τρία σουβλάκια αξίας 11 ευρώ και η απόδειξη είναι μαϊμού και πας και το καταγγείλεις, θα πάρεις 110 ευρώ αμοιβή. Αλλά όχι αμέσως. Θα πρέπει πρώτα να τελεσιδικήσει η υπόθεση, να «διενεργηθεί φορολογικός έλεγχος και να επιβληθεί πρόστιμο για παραβίαση ή παραποίηση ή επέμβαση στη λειτουργία των ταμειακών μηχανών». Επομένως, θα πρέπει αυτός που θα «καρφώσει», πρώτα να ελέγξει και να διαπιστώσει ότι η απόδειξη είναι πειραγμένη, μετά να κάνει επώνυμη καταγγελία και τέλος να παρακολουθεί την υπόθεση, ώστε να δει αν θα λάβει την αμοιβή του! Εννοείται πως η κυβέρνηση προστατεύει τα «καρφιά», μιας και «η απόφαση για την καταβολή της χρηματικής επιβράβευσης δεν αναρτάται στο Διαδίκτυο στο Πρόγραμμα Διαύγεια». Έως τώρα έχουν φτάσει στην ΑΑΔΕ 165.149 καταγγελίες, με τις 74.892 να είναι από άτομα «με επώνυμο» και τις 90.257 από ανώνυμους. Με κουκούλα, με άλλα λόγια. Για την αθλιότητα του επιτελικού κράτους να δημιουργεί στρατιές «καρφιών», προκειμένου να καλύψει την ανικανότητά του να πιάσει τη φοροδιαφυγή, δεν θα πω κάτι. Από τους ανίκανους δεν περιμένεις τίποτε και τα περιμένεις όλα. Μέχρι και να δημιουργούν δωσίλογους. → Εννοείται ότι οι φοροφυγάδες θα πρέπει να πιαστούν και να τιμωρηθούν. Ούτε συζήτηση. Αλλά το θέμα μας είναι το κράτος και οι μέθοδοι που χρησιμοποιεί.",na,efsyn.gr,2024-05-07,Πολιτική
https://www.skai.gr/news/world/to-vatikano-symmetexei-se-eirineytiki-apostoli-gia-tin-oukrania,Το Βατικανό συμμετέχει σε ειρηνευτική αποστολή για την Ουκρανία -Τι δήλωσε ο Πάπας Φραγκίσκος,"Το Βατικανό εμπλέκεται σε μια ειρηνευτική αποστολή σε μια προσπάθεια να τερματιστεί ο πόλεμος μεταξύ Ρωσίας και Ουκρανίας, δήλωσε χθες Κυριακή ο Πάπας Φραγκίσκος, αρνούμενος ωστόσο να δώσει περισσότερες λεπτομέρειες. «Είμαι πρόθυμος να κάνω ό,τι πρέπει να γίνει. Υπάρχει μια αποστολή που βρίσκεται τώρα σε πορεία, αλλά αυτή η αποστολή δεν είναι ακόμη δημόσια. Όταν γίνει δημόσια, θα την αποκαλύψω», είπε ο πάπας μιλώντας σε δημοσιογράφους στο αεροπλάνο κατά την επιστροφή του στο Βατικανό μετά από μια τριήμερη επίσκεψη που πραγματοποίησε στην Ουγγαρία. «Νομίζω ότι η ειρήνη επιτυγχάνεται πάντα με το να ανοίγεις διαύλους. Δεν μπορείς ποτέ να επιτύχεις ειρήνη μέσω αποκλεισμών... Αυτό δεν είναι εύκολο», τόνισε. Ο ποντίφικας πρόσθεσε ότι συνομίλησε για την κατάσταση στην Ουκρανία με τον Ούγγρο πρωθυπουργό Βίκτορ Όρμπαν και με τον Μητροπολίτη Ιλαρίωνα, εκπρόσωπο της Ρωσικής Ορθόδοξης Εκκλησίας στη Βουδαπέστη. «Σε αυτές τις συναντήσεις (...) μιλήσαμε για όλα αυτά τα πράγματα. Όλοι ενδιαφέρονται για τον δρόμο προς την ειρήνη», ανέφερε. Από την έναρξη της ρωσικής εισβολής στην Ουκρανία πριν από 14 μήνες, ο Φραγκίσκος απευθύνει, σχεδόν κάθε εβδομάδα, έκκληση για ειρήνη και έχει επανειλημμένα εκφράσει την επιθυμία να ενεργήσει ως ένας μεσολαβητής μεταξύ Κιέβου και Μόσχας, χωρίς ωστόσο η προσφορά του να έχει οδηγήσει σε κάποια σημαντική πρόοδο. Ο πρωθυπουργός της Ουκρανίας Ντένις Σμιχάλ συναντήθηκε την Πέμπτη με τον πάπα στο Βατικανό και ανέφερε ότι συζήτησε με τον ποντίφικα μια «φόρμουλα ειρήνης» που πρότεινε ο Ουκρανός πρόεδρος Βολοντίμιρ Ζελένσκι. Ο Ουκρανός πρωθυπουργός τόνισε ότι προσκάλεσε επίσης τον Φραγκίσκο να επισκεφθεί την ουκρανική πρωτεύουσα. Ο 86χρονος πάπας έχει δηλώσει στο παρελθόν ότι θέλει να επισκεφθεί το Κίεβο αλλά και τη Μόσχα σε μια ειρηνευτική αποστολή. Ο Φραγκίσκος μίλησε επίσης σήμερα για την περιπέτεια της υγείας του μετά τη νοσηλεία του στα τέλη Μαρτίου. Όπως γνωστοποίησε ο ίδιος, στο τέλος του γενικού ακροατηρίου την Τετάρτη 29 Μαρτίου ένιωσε έναν έντονο πόνο. «Δεν έχασα τις αισθήσεις μου αλλά είχα υψηλό πυρετό και στις 3 το μεσημέρι ο γιατρός μου είπε να πάω αμέσως στο νοσοκομείο», είπε. «Ήταν μια οξεία πνευμονία στο κάτω τμήμα του πνεύμονα. (...) Ο οργανισμός μου ανταποκρίθηκε καλά στη θεραπεία, δόξα τω Θεώ», ανέφερε ο πάπας. Πήρε εξιτήριο από το νοσοκομείο την 1η Απριλίου. Διαβάστε τις Ειδήσεις σήμερα και ενημερωθείτε για τα πρόσφατα νέα. Ακολουθήστε το Skai.gr στο Google News και μάθετε πρώτοι όλες τις ειδήσεις. Περίπου 6.000 πρόσφυγες στην Κεντροαφρικανική Δημοκρατία από το Σουδάν Σουδάν: Οι ΗΠΑ απομάκρυναν σχεδόν 1.000 Αμερικανούς Μεξικό: Τουλάχιστον 18 τουρίστες νεκροί σε δυστύχημα στο οποίο ενεπλάκη λεωφορείο",ΑΠΕ-ΜΠΕ,skai.gr,2023-05-01,Κόσμος
https://www.skai.gr/news/world/meksiko-18-touristes-nekroi-se-dystyxima-sto-opoio-eneplaki-leoforeio,Μεξικό: Τουλάχιστον 18 τουρίστες νεκροί σε δυστύχημα στο οποίο ενεπλάκη λεωφορείο,"Τουλάχιστον δεκαοκτώ μεξικανοί τουρίστες σκοτώθηκαν και άλλοι 25 τραυματίστηκαν τη νύχτα του Σαββάτου προς Κυριακή όταν λεωφορείο έπεσε σε χαράδρα στο βορειοδυτικό Μεξικό, δήλωσε χθες Κυριακή στο Γαλλικό Πρακτορείο αξιωματικός της πυροσβεστικής. «Είχαμε τροχαίο δυστύχημα στο οποίο ενεπλάκη λεωφορείο ιδιωτικής εταιρείας που μετέφερε τουρίστες από τη Γουαδαλαχάρα, στην πολιτεία Χαλίσκο [δυτικά], στη Γουαγιαμπίτος», στην πολιτεία Ναγιαρίτ, προορισμό φημισμένο για τις παραλίες του, στις μεξικανικές ακτές στον Ειρηνικό, εξήγησε ο Πέδρο Νούνιες, ο επικεφαλής της πυροσβεστικής στην περιοχή. Διενεργείται έρευνα για να εξακριβωθούν οι λόγοι που το λεωφορείο έπεσε σε χαράδρα και για να αναγνωριστούν τα θύματα, όλα «ημεδαποί τουρίστες», διευκρίνισε. Διαβάστε τις Ειδήσεις σήμερα και ενημερωθείτε για τα πρόσφατα νέα. Ακολουθήστε το Skai.gr στο Google News και μάθετε πρώτοι όλες τις ειδήσεις. Ερντογάν: Ο «φερόμενος ηγέτης» του Ισλαμικού Κράτους «εξουδετερώθηκε» ΟΗΕ: «Άνευ προηγουμένου» η κατάσταση στο Σουδάν -Μεταβαίνει ο επικεφαλής για ανθρωπιστικές υποθέσεις Καλός ο Μπάιντεν, αλλά μόνο ως... αντίπαλος του Τραμπ - Ετοιμάζεται η νέα γενιά των Ρεπουμπλικανών",ΑΠΕ-ΜΠΕ,skai.gr,2023-05-01,Κόσμος
https://www.skai.gr/news/greece/eortologio-poioi-giortazoun-simera-protomagia,"Ποιοι γιορτάζουν σήμερα, Πρωτομαγιά","Του Προφήτου Ιερεμία, του Αγίου Πανάρετου, της Οσίας Ισιδώρας, της Αγίας Ταμάρας και του Αγίου Φιλοσόφου είναι σήμερα, Πρωτομαγιά. Τα ονόματα που γιορτάζουν σήμερα είναι: ΙερεμίαςΠανάρετος, ΠαναρέτηΙσιδώρα, ΔώραΤάμαρα, ΤαμάραΦιλόσοφος, Σοφός, Φιλοσοφία, Φιλοσοφή Σήμερα είναι η Εργατική Πρωτομαγιά / Διεθνής Ημέρα Εργατών και η Παγκόσμια Ημέρα για τη Νομιμοποίηση της Κάνναβης. Διαβάστε τις Ειδήσεις σήμερα και ενημερωθείτε για τα πρόσφατα νέα. Ακολουθήστε το Skai.gr στο Google News και μάθετε πρώτοι όλες τις ειδήσεις. Φωτιά τα ξημερώματα σε καφετέρια στην Αρτέμιδα Εργατική Πρωτομαγιά: Πώς θα κινηθούν σήμερα τα μέσα μεταφοράς - Ποια δρομολόγια τροποποιούνται Κυκλοφοριακές ρυθμίσεις στην Αθήνα την Πρωτομαγιά - Ποιοι δρόμοι θα κλείσουν και πότε",skai.gr,skai.gr,2023-05-01,Ελλάδα
https://www.skai.gr/news/world/soudan-i-vretania-anakoinose-epipleon-ptisi-gia-tin-apomakrynsi-amaxon,Σουδάν: Η Βρετανία ανακοίνωσε επιπλέον πτήση για την εσπευσμένη απομάκρυνση αμάχων,"Μολονότι επισήμως η βρετανική κυβέρνηση ολοκλήρωσε την επιχείρησή της για την εσπευσμένη απομάκρυνση πολιτών της χώρας και άλλων από το Σουδάν, ανακοίνωσε χθες Κυριακή πως θα γίνει ακόμη μια πτήση για τον σκοπό αυτό. Μεταγωγικό αεροσκάφος της RAF θα απογειωθεί σήμερα από το διεθνές αεροδρόμιο του Πορτ Σουδάν, διευκρίνισε το υπουργείο Εξωτερικών στο Λονδίνο. Μέχρι στιγμής, απομακρύνθηκαν εσπευσμένα από το Σουδάν 2.122 άνθρωποι με 23 πτήσεις που αναχώρησαν από τη στρατιωτική βάση Ουάντι Σαΐντνα, στην πρωτεύουσα Χαρτούμ. Εκατομμύρια Σουδανοί έχουν παγιδευτεί εν μέσω βομβαρδισμών και πυρών αφότου ξέσπασε την 15η Απριλίου ο ανελέητος πόλεμος για εξουσία ανάμεσα στα στρατεύματα του επικεφαλής των ένοπλων δυνάμεων, του στρατηγού Άμπντελ Φάταχ αλ Μπουρχάν, και του δεύτερου τη τάξει του στρατιωτικού καθεστώτος, του στρατηγού Μοχάμεντ Χαμντάν Ντάγκλο, ή «Χαμέτι», αρχηγού των επίφοβων Δυνάμεων Ταχείας Υποστήριξης (ΔΤΥ). Οι μάχες συνεχίζονταν χθες στο Χαρτούμ, παρότι ο στρατός και οι παραστρατιωτικοί ανακοίνωσαν παράταση της κατάπαυσης του πυρός, που γενικά δεν τηρείται. «Συνεχίζουμε να κάνουμε το παν εντός των δυνάμεων για να εξασφαλίσουμε πως θα κηρυχθεί μακροπρόθεσμη κατάπαυση του πυρός, [θα ξαναρχίσει] σταθερή διαδικασία μετάβασης σε πολιτική κυβέρνηση και [θα λάβει] τέλος η βία στο Σουδάν», ανέφερε ο βρετανός ΥΠΕΞ Τζέιμς Κλέβερλι. Η κυβέρνηση της Ιρλανδίας εξάλλου ανακοίνωσε πως απομάκρυνε εσπευσμένα 209 πολίτες της από το Σουδάν. Διαβάστε τις Ειδήσεις σήμερα και ενημερωθείτε για τα πρόσφατα νέα. Ακολουθήστε το Skai.gr στο Google News και μάθετε πρώτοι όλες τις ειδήσεις. Ρωσία: 4 άμαχοι νεκροί στον ουκρανικό βομβαρδισμό χωριού στη Μπριάνσκ Πόλεμος στην Ουκρανία: Η Ρωσία υποστηρίζει ότι κατέλαβε άλλα 4 τμήματα της Μπαχμούτ Παραγουάη: Ο υποψήφιος του κυβερνώντος δεξιού κόμματος Colorado Σαντιάγο Πένια εκλέγεται πρόεδρος",ΑΠΕ-ΜΠΕ,skai.gr,2023-05-01,Κόσμος
https://www.skai.gr/news/greece/fotia-ta-ksimeromata-se-kafeteria-stin-artemida,Καταστράφηκε ολοσχερώς από φωτιά καφετέρια στην Αρτέμιδα,"Υπό μερικό έλεγχο βρίσκεται πυρκαγιά που ξέσπασε στις 4 τα ξημερωματα σε καφετέρια στη Λεωφόρο Αρτέμιδος, στην Αρτέμιδα Αττικής. Στο σημείο επιχειρούν 20 πυροσβέστες με 6 οχήματα. Από τη φωτιά καταστράφηκε ολοσχερώς ο αίθριος χώρος της καφετέριας, ενώ οι υπόλοιποι χώροι έχουν υποστεί εκτεταμένες ζημιές. Διαβάστε τις Ειδήσεις σήμερα και ενημερωθείτε για τα πρόσφατα νέα. Ακολουθήστε το Skai.gr στο Google News και μάθετε πρώτοι όλες τις ειδήσεις. Εργατική Πρωτομαγιά: Πώς θα κινηθούν σήμερα τα μέσα μεταφοράς - Πού θα γίνουν οι συγκεντρώσεις Κυκλοφοριακές ρυθμίσεις στην Αθήνα την Πρωτομαγιά - Ποιοι δρόμοι θα κλείσουν και πότε Χωρίς μετρό, ηλεκτρικό και τραμ την Πρωτομαγιά - 24ωρη απεργία των εργαζομένων ",skai.gr,skai.gr,2023-05-01,Ελλάδα
https://www.skai.gr/news/world/polemos-stin-oukrania-rosikes-dynameis-katelavan-4-tmimata-tis-mpaxmout,Πόλεμος στην Ουκρανία: Η Ρωσία υποστηρίζει ότι κατέλαβε άλλα 4 τμήματα της Μπαχμούτ,"Ο εκπρόσωπος του ρωσικού υπουργείου Άμυνας Ιγκόρ Κονασένκοφ δήλωσε χθες Κυριακή ότι στρατεύματα της Ρωσίας κατέλαβαν άλλα τέσσερα τμήματα της –σχεδόν ολοκληρωτικά κατεστραμμένης– πόλης Μπαχμούτ, στην ανατολική Ουκρανία, η μάχη για την οποία μαίνεται από το καλοκαίρι του 2022. Οι εχθροπραξίες στην πόλη εντάθηκαν τις τελευταίες εβδομάδες. Το Κίεβο διαψεύδει ρωσικές ανακοινώσεις πως το 85-90% της Μπαχμούτ βρίσκεται πλέον στα χέρια των δυνάμεων της Μόσχας. Προχθές Σάββατο εκπρόσωπος του ουκρανικού στρατού διαβεβαίωνε πως οι ρωσικές δυνάμεις δεν έχουν κόψει τις οδούς ανεφοδιασμού μονάδων που επιχειρούν στην πόλη. Οι ανακοινώσεις των αντιμαχόμενων πλευρών είναι αδύνατο να επαληθευτούν με ανεξάρτητο τρόπο. Διαβάστε τις Ειδήσεις σήμερα και ενημερωθείτε για τα πρόσφατα νέα. Ακολουθήστε το Skai.gr στο Google News και μάθετε πρώτοι όλες τις ειδήσεις. Παραγουάη: Ο υποψήφιος του κυβερνώντος δεξιού κόμματος Colorado Σαντιάγο Πένια εκλέγεται πρόεδρος Το Βατικανό συμμετέχει σε ειρηνευτική αποστολή για την Ουκρανία -Τι δήλωσε ο Πάπας Φραγκίσκος Περίπου 6.000 πρόσφυγες στην Κεντροαφρικανική Δημοκρατία από το Σουδάν",ΑΠΕ-ΜΠΕ,skai.gr,2023-05-01,Κόσμος
https://www.skai.gr/news/world/paragouai-o-ypopsifios-tou-kyvernontos-kommatos-penia-eklegetai-proedros,Παραγουάη: Ο υποψήφιος του κυβερνώντος δεξιού κόμματος Colorado Σαντιάγο Πένια εκλέγεται πρόεδρος,"Ο Σαντιάγο Πένια, ο υποψήφιος του κυβερνώντος κόμματος Colorado (δεξιά) –στην εξουσία επί σχεδόν οκτώ δεκαετίες στην Παραγουάη–, εξελέγη πρόεδρος της χώρας επικρατώντας του βασικού αντιπάλου του, του κεντροαριστερού Εφραίν Αλέγκρε, σύμφωνα με τα επίσημα αποτελέσματα. Ο κ. Πένια, οικονομολόγος 44 ετών, άλλοτε υπουργός Οικονομικών (2015-2017) της κυβέρνησης του προέδρου Οράσιο Καρτές (2013-2018), ανακηρύχθηκε νικητής από το εκλογοδικείο (την εθνική εφορευτική επιτροπή), καθώς συγκέντρωνε το 42% και πλέον των ψήφων, έναντι 27,5% του εξηντάρη κ. Αλέγκρε, με το 96% των ψηφοδελτίων να έχει καταμετρηθεί. Θα διαδεχθεί τον Αύγουστο τον Μάριο Άμπντο Μπενίτες. Η προεδρική θητεία είναι πενταετής. Διαβάστε τις Ειδήσεις σήμερα και ενημερωθείτε για τα πρόσφατα νέα. Ακολουθήστε το Skai.gr στο Google News και μάθετε πρώτοι όλες τις ειδήσεις. Το Βατικανό συμμετέχει σε ειρηνευτική αποστολή για την Ουκρανία -Τι δήλωσε ο Πάπας Φραγκίσκος Περίπου 6.000 πρόσφυγες στην Κεντροαφρικανική Δημοκρατία από το Σουδάν Σουδάν: Οι ΗΠΑ απομάκρυναν σχεδόν 1.000 Αμερικανούς",ΑΠΕ-ΜΠΕ,skai.gr,2023-05-01,Κόσμος
https://www.skai.gr/news/greece/kykloforiakes-rythmiseis-stin-athina-tin-protomagia-poioi-dromoi-tha-kleisoun-kai-pote-1,Κυκλοφοριακές ρυθμίσεις στην Αθήνα την Πρωτομαγιά - Ποιοι δρόμοι θα κλείσουν και πότε,"Κυκλοφοριακές ρυθμίσεις θα πραγματοποιηθούν τη Δευτέρα (1-5-2023) στο κέντρο της Αθήνας, λόγω διεξαγωγής εορταστικών εκδηλώσεων για την Εργατική Πρωτομαγιά. Συγκεκριμένα θα πραγματοποιηθεί προσωρινή και σταδιακή διακοπή της κυκλοφορίας από 08.00 ώρα και απαγόρευση της στάσης και στάθμευσης των οχημάτων από 06.00 ώρα, μέχρι το πέρας των εκδηλώσεων στις παρακάτω λεωφόρους και οδούς ως εξής: -Σταδίου, σε όλο το μήκος της, καθώς και στις καθέτους αυτής. -Ελ. Βενιζέλου (Πανεπιστημίου), σε όλο το μήκος της, καθώς και στις καθέτους αυτής. -Λ. Βασ. Αμαλίας, σε όλο το μήκος της, καθώς και στις καθέτους αυτής. -Αθ. Διάκου, σε όλο το μήκος της, καθώς και στις καθέτους αυτής. -Φιλελλήνων, σε όλο το μήκος της, καθώς και στις καθέτους αυτής. -Λ. Συγγρού, στο τμήμα της μεταξύ της οδού Αθ. Διάκου και της Λ. Βασ. Όλγας και στα δύο (2) ρεύματα κυκλοφορίας. -Πατησίων (28ης Οκτωβρίου), στο τμήμα της μεταξύ της Λ. Αλεξάνδρας και της οδού Ελ. Βενιζέλου (Πανεπιστημίου) και στα δύο (2) ρεύματα κυκλοφορίας, καθώς και στις καθέτους αυτής έως την πρώτη παράλληλη οδό. -Λ. Βασ. Σοφίας, στο τμήμα της μεταξύ της Λ. Βασ. Κων/νου έως την Λ. Βασ. Αμαλίας, ρεύμα κυκλοφορίας προς την Πλ. Συντάγματος καθώς και στις καθέτους αυτής έως την πρώτη παράλληλη οδό.Ανάλογα με τις επικρατούσες κυκλοφοριακές συνθήκες τα χρονικά διαστήματα των παραπάνω κυκλοφοριακών ρυθμίσεων δύναται να παραταθούν ή μειωθούν πέραν των καθορισμένων ωρών, καθώς και να μην εφαρμοστούν. Η ΕΛΑΣ απευθύνει έκκληση στους οδηγούς για την καλύτερη εξυπηρέτησή τους και την αποφυγή πρόσθετων κυκλοφοριακών προβλημάτων, να αποφύγουν τη διέλευση των οχημάτων τους στις παραπάνω οδούς κατά τα αναφερόμενα χρονικά διαστήματα και να ακολουθούν τα σήματα και τις υποδείξεις των ρυθμιστών τροχονόμων. Διαβάστε τις Ειδήσεις σήμερα και ενημερωθείτε για τα πρόσφατα νέα. Ακολουθήστε το Skai.gr στο Google News και μάθετε πρώτοι όλες τις ειδήσεις. Χωρίς μετρό, ηλεκτρικό και τραμ την Πρωτομαγιά - 24ωρη απεργία των εργαζομένων Στο σκοτάδι για 2 περίπου ώρες βυθίστηκαν περιοχές στο κέντρο της Θεσσαλονίκης - Φωτό-Βίντεο Αιματηρό επεισόδιο στο Hotspot Θερμοπυλών - Μαχαίρωσαν γυναίκα",ΑΠΕ-ΜΠΕ,skai.gr,2023-05-01,Ελλάδα
https://www.skai.gr/news/world/erntogan-o-feromenos-igetis-tou-islamikou-kratous-eksoudeterothike,Ερντογάν: Ο «φερόμενος ηγέτης» του Ισλαμικού Κράτους «εξουδετερώθηκε»,"Ο «φερόμενος ηγέτης» της τζιχαντιστικής οργάνωσης Ισλαμικό Κράτος (ΙΚ) «εξουδετερώθηκε» το Σάββατο στη Συρία σε μια επιχείρηση στην οποία ηγήθηκαν οι τουρκικές μυστικές υπηρεσίες, δήλωσε την Κυριακή το βράδυ ο Τούρκος πρόεδρος Ρετζέπ Ταγίπ Ερντογάν. «Ο φερόμενος ηγέτης του Ντάες (σ.σ. αραβικό ακρωνύμιο του ΙΚ) , που έφερε το όνομα Αμπού Χουσέιν αλ-Κουράσι, εξουδετερώθηκε κατά τη διάρκεια μιας επιχείρησης που διεξήχθη χθες από τη MIT (τουρκικές μυστικές υπηρεσίες) στη Συρία», τόνισε ο Ερντογάν σε μια συνέντευξη που παραχώρησε στο τουρκικό τηλεοπτικό δίκτυο TRT. Διαβάστε τις Ειδήσεις σήμερα και ενημερωθείτε για τα πρόσφατα νέα. Ακολουθήστε το Skai.gr στο Google News και μάθετε πρώτοι όλες τις ειδήσεις. ΟΗΕ: «Άνευ προηγουμένου» η κατάσταση στο Σουδάν -Μεταβαίνει ο επικεφαλής για ανθρωπιστικές υποθέσεις Καλός ο Μπάιντεν, αλλά μόνο ως... αντίπαλος του Τραμπ - Ετοιμάζεται η νέα γενιά των Ρεπουμπλικανών Τουρκία: Το «κόκκινο ποτάμι της δημοκρατίας» του Κιλιτσντάρογλου και η «γκιαούρισα Σμύρνη» της Ακσενέρ - Βίντεο",ΑΠΕ-ΜΠΕ,skai.gr,2023-05-01,Κόσμος
https://www.skai.gr/news/world/soudan-oi-ipa-apomakrynan-sxedon-1000-amerikanous,Σουδάν: Οι ΗΠΑ απομάκρυναν σχεδόν 1.000 Αμερικανούς,"Σχεδόν χίλιοι Αμερικανοί εγκατέλειψαν το Σουδάν με τη βοήθεια της κυβέρνησής τους αφότου ξέσπασαν μάχες ανάμεσα στον στρατό και τους παραστρατιωτικούς, ανακοίνωσε χθες Κυριακή το Στέιτ Ντιπάρτμεντ, διευκρινίζοντας πως δεύτερη οχηματοπομπή έφθασε στο Πορτ Σουδάν, στην Ερυθρά Θάλασσα. «Στο πλαίσιο πολυεθνικής προσπάθειας, η αμερικανική κυβέρνηση, σε συντονισμό με συμμάχους και εταίρους [της], διευκόλυνε την αποχώρηση σχεδόν 1.000 αμερικανών πολιτών από το Σουδάν αφότου άρχισαν οι βιαιότητες», διευκρίνισε εκπρόσωπος του Στέιτ Ντιπάρτμεντ, ο Μάθιου Μίλερ, μέσω Twitter. Εξήγησε πως δεύτερη οχηματοπομπή που οργανώθηκε από την Ουάσιγκτον έφθασε στην παραθαλάσσια πόλη Πορτ Σουδάν, από όπου άμαχοι που φεύγουν εσπευσμένα μπορούν να επιβιβαστούν σε πλοία για την Τζέντα, στη Σαουδική Αραβία. Μια πρώτη επιχείρηση αυτής της φύσης διεξήχθη το Σάββατο. Ο εκπρόσωπος της αμερικανικής διπλωματίας αναφέρθηκε επίσης σε «διπλωματική προσπάθεια και συνεχή επικοινωνία για να φθάσουμε στους λιγότερους από 5.000 αμερικανούς πολίτες που ζήτησαν συμβουλές» από την κυβέρνησή τους. Εκατομμύρια Σουδανοί έχουν παγιδευτεί ανάμεσα σε βομβαρδισμούς και πυρά αφότου ξέσπασε την 15η Απριλίου ο ανελέητος πόλεμος για εξουσία ανάμεσα στις δυνάμεις του επικεφαλής των ένοπλων δυνάμεων, του στρατηγού Άμπντελ Φάταχ αλ Μπουρχάν, και του δεύτερου τη τάξει του στρατιωτικού καθεστώτος, του στρατηγού Μοχάμεντ Χαμντάν Ντάγκλο, ή «Χαμέτι», αρχηγού των ιδιαίτερα επίφοβων Δυνάμεων Ταχείας Υποστήριξης (ΔΤΥ). Οι μάχες συνεχίζονταν χθες στο Χαρτούμ, παρότι ο στρατός και οι παραστρατιωτικοί ανακοίνωσαν παράταση της κατάπαυσης του πυρός, που γενικά δεν τηρείται. Μπροστά στην κατάσταση «άνευ προηγουμένου» στο Σουδάν, ο Γενικός Γραμματέας του ΟΗΕ Αντόνιο Γκουτέρες στέλνει «άμεσα» στην περιοχή τον κορυφαίο αξιωματούχο του οργανισμού για τις ανθρωπιστικές υποθέσεις, τον Μάρτιν Γκρίφιθς, ανακοίνωσε ο εκπρόσωπός του. Διαβάστε τις Ειδήσεις σήμερα και ενημερωθείτε για τα πρόσφατα νέα. Ακολουθήστε το Skai.gr στο Google News και μάθετε πρώτοι όλες τις ειδήσεις. Μεξικό: Τουλάχιστον 18 τουρίστες νεκροί σε δυστύχημα στο οποίο ενεπλάκη λεωφορείο Ερντογάν: Ο «φερόμενος ηγέτης» του Ισλαμικού Κράτους «εξουδετερώθηκε» ΟΗΕ: «Άνευ προηγουμένου» η κατάσταση στο Σουδάν -Μεταβαίνει ο επικεφαλής για ανθρωπιστικές υποθέσεις",ΑΠΕ-ΜΠΕ,skai.gr,2023-05-01,Κόσμος
https://www.skai.gr/news/world/rosia-4-amaxoi-nekroi-ston-oukraniko-vomvardismo-xoriou-sti-mpriansk,Ρωσία: 4 άμαχοι νεκροί στον ουκρανικό βομβαρδισμό χωριού στη Μπριάνσκ ,"Ο απολογισμός των θυμάτων του ουκρανικού βομβαρδισμού τη νύχτα του Σαββάτου προς Κυριακή εναντίον χωριού στη ρωσική περιφέρεια Μπριάνσκ αυξήθηκε σε τέσσερις νεκρούς, ανακοίνωσε ο κυβερνήτης της Αλεξάντερ Μπογκομάζ. Ουκρανικοί πύραυλοι έπληξαν το χωριό Σουζέμκα, περίπου δέκα χιλιόμετρα από τα ρωσοουκρανικά σύνορα, σύμφωνα με τον κ. Μπογκομάζ. «Τέσσερις άμαχοι σκοτώθηκαν», ανέφερε ο κυβερνήτης μέσω Telegram. Ο αρχικός απολογισμός έκανε λόγο για δύο νεκρούς. Σωστικά συνεργεία ανέσυραν δυο πτώματα από τα συντρίμμια σπιτιού που καταστράφηκε, εξήγησε ο κ. Μπογκομάζ. Κοινότητες και υποδομές σε ρωσικές περιοχές κατά μήκος των συνόρων με την Ουκρανία, ιδίως στην Μπριάνσκ και στην Μπιέλγκοροντ, υφίστανται συχνά πλήγματα που αποδίδονται από τη Μόσχα στο Κίεβο. Προχθές Σάββατο, το ηλεκτρικό ρεύμα κόπηκε σε πέντε χωριά στην Μπιέλγκοροντ εξαιτίας πυρών του ουκρανικού πυροβολικού. Η Ουκρανία σπανίως αναλαμβάνει δημόσια την ευθύνη για επιθέσεις στη Ρωσία ή τομείς της επικράτειάς της που κυρίευσαν ρωσικά στρατεύματα αφότου εισέβαλαν, πριν από 14 και πλέον μήνες. Τα δύο μέρη διαψεύδουν πως βάζουν στο στόχαστρο αμάχους. Διαβάστε τις Ειδήσεις σήμερα και ενημερωθείτε για τα πρόσφατα νέα. Ακολουθήστε το Skai.gr στο Google News και μάθετε πρώτοι όλες τις ειδήσεις. Πόλεμος στην Ουκρανία: Η Ρωσία υποστηρίζει ότι κατέλαβε άλλα 4 τμήματα της Μπαχμούτ Παραγουάη: Ο υποψήφιος του κυβερνώντος δεξιού κόμματος Colorado Σαντιάγο Πένια εκλέγεται πρόεδρος Το Βατικανό συμμετέχει σε ειρηνευτική αποστολή για την Ουκρανία -Τι δήλωσε ο Πάπας Φραγκίσκος",ΑΠΕ-ΜΠΕ,skai.gr,2023-05-01,Κόσμος
https://www.skai.gr/news/world/peripou-6000-prosfyges-stin-kentroafrikaniki-dimokratia-apo-to-soudan,Περίπου 6.000 πρόσφυγες στην Κεντροαφρικανική Δημοκρατία από το Σουδάν,"Περίπου 6.000 άνθρωποι, στη μεγάλη πλειονότητά τους γυναίκες, εγκατέλειψαν το Σουδάν και προσέφυγαν στην Κεντροαφρικανική Δημοκρατία τις δυο εβδομάδες αφότου ξέσπασαν πολύνεκρες εχθροπραξίες ανάμεσα στον στρατό και τους παραστρατιωτικούς, ανακοίνωσε χθες Κυριακή η Ύπατη Αρμοστεία των Ηνωμένων Εθνών για τους Πρόσφυγες (UNHCR). «Ο αριθμός αυτός αποτελείται κατά 70% από γυναίκες, 15% από κορίτσια και 10% από άνδρες και περίπου 400 επαναπατρισθέντες», διευκρίνισε η UNHCR το Σάββατο. Μια αντιπρόσωπός της στην Κεντροαφρικανική Δημοκρατία επιβεβαίωσε τους αριθμούς αυτούς στο Γαλλικό Πρακτορείο χθες Κυριακή. Εκατομμύρια Σουδανοί έχουν παγιδευτεί ανάμεσα σε βομβαρδισμούς και πυρά αφότου ξέσπασε την 15η Απριλίου ο ανελέητος πόλεμος για εξουσία ανάμεσα στις δυνάμεις του επικεφαλής των ένοπλων δυνάμεων, του στρατηγού Άμπντελ Φάταχ αλ Μπουρχάν, και του δεύτερου τη τάξει του στρατιωτικού καθεστώτος, του στρατηγού Μοχάμεντ Χαμντάν Ντάγκλο, ή «Χαμέτι», αρχηγού των ιδιαίτερα επίφοβων Δυνάμεων Ταχείας Υποστήριξης (ΔΤΥ). Το σουδανικό υπουργείο Υγείας έκανε λόγο προχθές Σάββατο για τουλάχιστον 528 νεκρούς και 4.599 τραυματίες – ο επίσημος απολογισμός όμως θεωρείται εκ των πραγμάτων πολύ υποτιμημένος. Η Κεντροαφρικανική Δημοκρατία, μια από τις φτωχότερες χώρες στον κόσμο, όπου μαίνεται εμφύλιος πόλεμος εδώ και χρόνια, γειτονεύει με το Σουδάν στην επαρχία Βακαγκά (βορειοανατολικά). Την Πέμπτη, το Γραφείο Συντονισμού Ανθρωπιστικών Υποθέσεων (OCHA) του ΟΗΕ ανέφερε ότι σχεδόν 3.000 άνθρωποι μπήκαν στη χώρα αυτή και έστησαν «αυτοσχέδιους καταυλισμούς» κοντά στην παραμεθόρια κοινότητα Αμ Νταφόκ. «Η κίνηση ανάμεσα στο Σουδάν και την Κεντροαφρικανική Δημοκρατία αντιμετωπίζει πολλά προβλήματα, κάτι που προκάλεσε τη μεγάλη αύξηση των τιμών των προϊόντων πρώτης ανάγκης», επισήμαναν τα Ηνωμένα Έθνη, την ώρα που «120.000 άνθρωποι έχουν ανάγκη βοήθεια σε τρόφιμα» στο βόρειο τμήμα της χώρας. Στην Μπιραό, την πρωτεύουσα της Βακαγκά, η τιμή του σακιού ζάχαρης (50 κιλά) διπλασιάστηκε αφότου ξέσπασαν οι συγκρούσεις στο Σουδάν κι έχει φθάσει τα 80.000 φράγκα Κεντροαφρικανικής Δημοκρατίας (ή περίπου 122 ευρώ), τόνισε το OCHA. Σύμφωνα με τον ΟΗΕ, 75.000 άμαχοι εκτοπίστηκαν εντός Σουδάν, ενώ τουλάχιστον 20.000 κατέφυγαν στο Τσαντ, 4.000 στο Νότιο Σουδάν, 3.500 στην Αιθιοπία. Εκτιμάται πως τουλάχιστον 270.000 άνθρωποι θα εγκαταλείψουν τη χώρα αν η σύρραξη συνεχιστεί. Διαβάστε τις Ειδήσεις σήμερα και ενημερωθείτε για τα πρόσφατα νέα. Ακολουθήστε το Skai.gr στο Google News και μάθετε πρώτοι όλες τις ειδήσεις. Σουδάν: Οι ΗΠΑ απομάκρυναν σχεδόν 1.000 Αμερικανούς Μεξικό: Τουλάχιστον 18 τουρίστες νεκροί σε δυστύχημα στο οποίο ενεπλάκη λεωφορείο Ερντογάν: Ο «φερόμενος ηγέτης» του Ισλαμικού Κράτους «εξουδετερώθηκε»",ΑΠΕ-ΜΠΕ,skai.gr,2023-05-01,Κόσμος
https://www.skai.gr/news/world/erntogan-anakoinose-tin-eksoudeterosi-tou-igeti-tou-islamikou-kratous,Ο Ερντογάν ανακοίνωσε την εξουδετέρωση του ηγέτη του Ισλαμικού Κράτους,"Ο «φερόμενος ως ηγέτης» της τζιχαντιστικής οργάνωσης Ισλαμικό Κράτος «εξουδετερώθηκε» προχθές Σάββατο στη Συρία, κατά τη διάρκεια επιχείρησης που διεξήγαγε η υπηρεσία πληροφοριών της Τουρκίας, δήλωσε χθες, Κυριακή, ο πρόεδρος της Τουρκίας Ρετζέπ Ταγίπ Ερντογάν. «Ο φερόμενος ως αρχηγός του ISIS, που είχε ψευδώνυμο Αμπού Χουσέιν αλ Κουράσι, εξουδετερώθηκε κατά τη διάρκεια επιχείρησης που διεξήχθη χθες [σ.σ. προχθές Σάββατο] από τη MIT [την τουρκική υπηρεσία πληροφοριών] στη Συρία», είπε ο αρχηγός του τουρκικού κράτους κατά τη διάρκεια συνέντευξης που παραχώρησε στο κρατικό τηλεοπτικό δίκτυο TRT Türk. Ο κ. Ερντογάν διευκρίνισε πως η τουρκική υπηρεσία κατασκοπείας παρακολουθούσε τον ηγέτη του ΙΚ «εδώ και πολύ καιρό», πάντως απέφυγε να υπεισέλθει σε περισσότερες λεπτομέρειες για την επιχείρηση. Το ISIS ανακοίνωνε την 30ή Νοεμβρίου τον θάνατο του προηγούμενου ηγέτη του, του Αμπού Χασάν αλ Χασίμι αλ Κουράσι, χωρίς να διευκρινίσει πώς πέθανε. Αντικαταστάθηκε από τον Αμπού Αλ Χουσέιν αλ Χουσέινι αλ Κουράσι, είχε προσθέσει την εποχή η τζιχαντιστική οργάνωση. Σύμφωνα με ανταποκριτή του Γαλλικού Πρακτορείου στη βόρεια Συρία, η τουρκική υπηρεσία κατασκοπείας και τοπική ένοπλη οργάνωση που υποστηρίζεται από την Άγκυρα απέκλεισε το Σάββατο περιοχή βόρεια της κοινότητας Τζαντάιρις, στην περιφέρεια της Αφρίν (βορειοδυτικά), περίπου δέκα χιλιόμετρα από τα συροτουρκικά σύνορα. Κάτοικοι της περιοχής που ερωτήθηκαν σχετικά είπαν πως έγινε επιχείρηση με στόχο εγκαταλελειμμένο αγρόκτημα όπου παλαιότερα λειτουργούσε ισλαμικό ιεροδιδασκαλείο. Η Τουρκία έχει αναπτύξει στρατεύματα σε διάφορους τομείς της βόρειας Συρίας από το 2020, ενώ ελέγχει μεγάλες περιοχές μέσω σύρων βοηθητικών του τουρκικού στρατού, οργανώσεων που συμμετείχαν στον πόλεμο εναντίον του καθεστώτος του Μπασάρ αλ Άσαντ από το 2011. Ο αμερικανικός στρατός έχει διεξαγάγει τα τελευταία χρόνια αρκετές επιχειρήσεις εναντίον ηγετών του ΙΚ στη Συρία. Ανακοίνωσε στα μέσα Απριλίου πως «πιθανόν» σκότωσε σε επιχείρησή του στη βόρεια Συρία ηγετικό στέλεχος της τζιχαντιστικής οργάνωσης που σχεδίαζε επιθέσεις στην Ευρώπη και στη Μέση Ανατολή. Το μεικτό διοικητήριο του αμερικανικού στρατού που είναι αρμόδιο για τη Μέση Ανατολή, η «κεντρική διοίκηση» (CENTCOM) διευκρίνισε πως επρόκειτο για τον Άμπντελ Χάντι Μαχμούντ αλ Χατζί Αλί, κατ’ αυτήν ηγετικό στέλεχος του ΙΚ εγκατεστημένο στη συριακή επικράτεια. Παρά τις αλλεπάλληλες στρατιωτικές ήττες που υπέστη δεχόμενο επιθέσεις πανταχόθεν και την απώλεια των εδαφών που κατείχε στη Συρία και στο Ιράκ, το ΙΚ συνεχίζει να διαπράττει φονικές επιθέσεις. Τουλάχιστον 41 άνθρωποι, ανάμεσά τους 24 άμαχοι, δολοφονήθηκαν τη 16η Απριλίου στη Συρία, σε δυο επιθέσεις που αποδόθηκαν στην τζιχαντιστική οργάνωση, εναντίον ανθρώπων που μάζευαν τρούφες και κτηνοτρόφων. Στις αρχές Απριλίου, ο στρατός των ΗΠΑ ανακοίνωνε πως σκότωσε άλλο ηγετικό στέλεχος του ΙΚ υπεύθυνο για επιθέσεις στην Ευρώπη, που κατονόμασε ως Χαλέντ Άιντ Άχμαντ αλ Τζαμπούρι. Το ISIS είχε αναλάβει την ευθύνη για σειρά πολύνεκρων επιθέσεων στην Ευρώπη όταν είχε φθάσει στην κορύφωση της δύναμής του, όταν το «χαλιφάτο» του εκτεινόταν σε αχανείς εκτάσεις της Συρίας και του Ιράκ. Τον Οκτώβριο του 2019, η Ουάσιγκτον ανακοίνωνε τον θάνατο του ηγέτη του ISIS, του Αμπού Μπακρ αλ Μπαγκντάντι, σε αμερικανική επιχείρηση. Δυο διάδοχοί του σκοτώθηκαν στη Συρία τον Φεβρουάριο και τον Νοέμβριο του 2022. Διαβάστε τις Ειδήσεις σήμερα και ενημερωθείτε για τα πρόσφατα νέα. Ακολουθήστε το Skai.gr στο Google News και μάθετε πρώτοι όλες τις ειδήσεις. Συναγερμός για νέα ρωσικά πυραυλικά πλήγματα στην περιφέρεια του Κιέβου Κούβα: Οι εορτασμοί για την Πρωτομαγιά αναβάλλονται λόγω καταιγίδων Σουδάν: Η Βρετανία ανακοίνωσε επιπλέον πτήση για την εσπευσμένη απομάκρυνση αμάχων",ΑΠΕ-ΜΠΕ,skai.gr,2023-05-01,Κόσμος
https://www.skai.gr/news/world/kouva-oi-eortasmoi-gia-tin-protomagia-anavallontai-logo-kataigidon,Κούβα: Οι εορτασμοί για την Πρωτομαγιά αναβάλλονται λόγω καταιγίδων ,"Οι αρχές της Κούβας ανακοίνωσαν χθες Κυριακή την αναβολή των σημερινών εορτασμών για την Πρωτομαγιά, εξαιτίας κύματος κακοκαιρίας που πλήττει τη χώρα, αφού τις είχαν ήδη περιορίσει λόγω των ελλείψεων καυσίμων. «Λόγω του ασταθούς καιρού που φέρνει ισχυρές βροχοπτώσεις σε διάφορες περιοχές, και λόγω των [μετεωρολογικών] προβλέψεων για τις επόμενες ώρες, αποφασίστηκε να αναβληθούν σε όλη τη χώρα οι εκδηλώσεις για την εργατική Πρωτομαγιά», ανέφερε στην ψηφιακή της έκδοση η επίσημη εφημερίδα Granma. Οι εορτασμοί αναβάλλονται για την Παρασκευή 5η Μαΐου, ημέρα που «θα κηρυχθεί αργία», εξήγησε η εφημερίδα. Την περασμένη Τρίτη, οι αρχές ανακοίνωναν πως η παραδοσιακή μεγάλη συγκέντρωση στην Πλατεία της Επανάστασης στην Αβάνα δεν θα γίνει φέτος, λόγω των ελλείψεων καυσίμων στη νήσο εδώ και αρκετές εβδομάδες. Κάθε χρόνο, δεκάδες χιλιάδες άνθρωποι πάνε με λεωφορεία από όλη την πόλη στην εμβληματική πλατεία στο κέντρο της Αβάνας και συμμετέχουν σε συγκέντρωση και πορεία. Φέτος, οι κάτοικοι του κέντρου κλήθηκαν να πάνε πεζή στη λεωφόρο Μαλεκόν, ενώ άλλοι να συμμετάσχουν σε εκδηλώσεις που θα οργανωθούν στις συνοικίες τους. Η νήσος με κομμουνιστική κυβέρνηση βιώνει τη σοβαρότερη οικονομική κρίση των τελευταίων τριάντα χρόνων, που αποδίδεται στον συνδυαστικό αντίκτυπο της πανδημίας του νέου κορονοϊού, της σκλήρυνσης του εμπάργκο των ΗΠΑ και την αναποτελεσματικότητα των μεταρρυθμίσεων. Η κρίση σημαδεύεται από ελλείψεις τροφίμων, φαρμάκων και καυσίμων, κατάσταση που επιδεινώνει ο ραγδαία αυξανόμενος πληθωρισμός. Διαβάστε τις Ειδήσεις σήμερα και ενημερωθείτε για τα πρόσφατα νέα. Ακολουθήστε το Skai.gr στο Google News και μάθετε πρώτοι όλες τις ειδήσεις. Σουδάν: Η Βρετανία ανακοίνωσε επιπλέον πτήση για την εσπευσμένη απομάκρυνση αμάχων Ρωσία: 4 άμαχοι νεκροί στον ουκρανικό βομβαρδισμό χωριού στη Μπριάνσκ Πόλεμος στην Ουκρανία: Η Ρωσία υποστηρίζει ότι κατέλαβε άλλα 4 τμήματα της Μπαχμούτ",ΑΠΕ-ΜΠΕ,skai.gr,2023-05-01,Κόσμος
https://www.skai.gr/news/world/oie-aney-proigoumenou-i-katastasi-sto-soudan,ΟΗΕ: «Άνευ προηγουμένου» η κατάσταση στο Σουδάν -Μεταβαίνει ο επικεφαλής για ανθρωπιστικές υποθέσεις,"Μπροστά σε μια «πρωτοφανή» κατάσταση στο Σουδάν, όπου ο πόλεμος μαίνεται, ο Αντόνιο Γκουτέρες αποφάσισε χθες Κυριακή να στείλει «αμέσως» στην περιοχή τον επικεφαλής του Γραφείου Συντονισμού Ανθρωπιστικών Υποθέσεων του ΟΗΕ (OCHA) Μάρτιν Γκρίφιθς, ανακοίνωσε χθες ο εκπρόσωπος του Γενικού Γραμματέα του ΟΗΕ. «Η κλίμακα και η ταχύτητα με την οποία εκτυλίσσονται τα γεγονότα στο Σουδάν είναι άνευ προηγουμένου», δήλωσε ο Στεφάν Ντούτζαρικ σε μια ανακοίνωσή του, δηλώνοντας «εξαιρετικά ανήσυχος». Για αυτό τον λόγο ο Γκουτέρες αποφάσισε να στείλει «αμέσως στην περιοχή» τον Γκρίφιθς «λόγω της ταχείας επιδείνωσης της ανθρωπιστικής κρίσης στο Σουδάν». Το Σουδάν βυθίστηκε στο χάος στα μέσα του μήνα, όταν η σύγκρουση για εξουσία ανάμεσα στον επικεφαλής της στρατιωτικής χούντας, τον στρατηγό Άμπντελ Φάταχ αλ Μπουρχάν, και τον δεύτερο τη τάξει του στρατιωτικού καθεστώτος, τον στρατηγό Μοχάμεντ Χαμντάν Ντάγκλο, ή «Χαμέτι», επικεφαλής των επίφοβων Δυνάμεων Ταχείας Υποστήριξης ((RSF), μετατράπηκε σε ανοικτό πόλεμο. Στις εχθροπραξίες έκτοτε έχουν σκοτωθεί τουλάχιστον 528 άνθρωποι και έχουν τραυματιστεί άλλοι 4.599, σύμφωνα με τα πιο πρόσφατα επίσημα δεδομένα του υπουργείου Υγείας, που δημοσιοποιήθηκαν χθες Σάββατο. Πρόκειται όμως για απολογισμό πολύ υποτιμημένο. «Ανησυχούμε πολύ για τον άμεσο και μακροπρόθεσμο αντίκτυπο (αυτής της κρίσης) σε όλους τους Σουδανούς και στην περιοχή συνολικά», πρόσθεσε ο Ντούτζαρικ. «Για ακόμη μια φορά, καλούμε όλα τα εμπόλεμα μέρη να προστατεύσουν τους αμάχους και τις υποδομές, να επιτρέψουν την ασφαλή διέλευση όσων εγκαταλείπουν τις ζώνες μαχών, να σεβαστούν τους εργαζόμενους στον τομέα ανθρωπιστικής βοήθειας, να διευκολύνουν τις επιχειρήσεις βοήθειας και να προστατέψουν το ιατρικό προσωπικό, τις ιατρικές εγκαταστάσεις» συνέχισε ο αξιωματούχος του ΟΗΕ. Από την έναρξη των εμπόλεμων συρράξεων δεκάδες χιλιάδες Σουδανοί, καθώς και ξένοι, έχουν τραπεί σε φυγή, πήγαν σε γειτονικά κράτη, ιδίως στην Αίγυπτο, στην Αιθιοπία, στο Τσαντ και στο Νότιο Σουδάν, ενώ ξένες κυβερνήσεις συνεχίζουν τις αγωνιώδεις επιχειρήσεις για να απομακρύνουν εσπευσμένα εκατοντάδες υπηκόους τους. Οι βίαιες συγκρούσεις συνεχίζονται στο Χαρτούμ, ενώ στρατός και RSF ανακοίνωσαν χθες Κυριακή την παράταση μιας εκεχειρίας που έχει κατ' ελάχιστον τηρηθεί, αλλά έχει επιτρέψει την απομάκρυνση από την χώρα ξένων υπηκόων και τη συνέχιση των διαπραγματεύσεων. Σύμφωνα με τον ΟΗΕ, 75.000 άνθρωποι έχουν εκτοπιστεί στο εσωτερικό της χώρας και έως και 270.000 άνθρωποι ενδέχεται να αναγκαστούν να τραπούν σε φυγή από μάχες που επηρεάζουν 12 από τις 18 πολιτείες αυτής της χώρας των 45 εκατομμυρίων κατοίκων, μιας από τις φτωχότερες στον κόσμο. Την Κυριακή το Παγκόσμιο Επισιτιστικό Πρόγραμμα (ΠΕΠ) του ΟΗΕ προειδοποίησε πως ο πόλεμος στη χώρα απειλεί να βυθίσει ολόκληρη την περιφέρεια της ανατολικής Αφρικής σε ανθρωπιστική κρίση. Διαβάστε τις Ειδήσεις σήμερα και ενημερωθείτε για τα πρόσφατα νέα. Ακολουθήστε το Skai.gr στο Google News και μάθετε πρώτοι όλες τις ειδήσεις. Καλός ο Μπάιντεν, αλλά μόνο ως... αντίπαλος του Τραμπ - Ετοιμάζεται η νέα γενιά των Ρεπουμπλικανών Τουρκία: Το «κόκκινο ποτάμι της δημοκρατίας» του Κιλιτσντάρογλου και η «γκιαούρισα Σμύρνη» της Ακσενέρ - Βίντεο Πέθανε σε ηλικία 85 ετών ο διάσημος Ρώσος σχεδιαστής μόδας Βιάτσεσλαβ Ζάιτσεφ",ΑΠΕ-ΜΠΕ,skai.gr,2023-05-01,Κόσμος
https://www.skai.gr/news/greece/ergatiki-protomagia-pos-tha-kinithoun-simera-ta-mesa-metaforas-poia-dromologia-tropopoioun,Εργατική Πρωτομαγιά: Πώς θα κινηθούν σήμερα τα μέσα μεταφοράς - Πού θα γίνουν οι συγκεντρώσεις,"Χωρίς τα μέσα σταθερής τροχιάς θα μείνει σήμερα, 1η Μαΐου, η πρωτεύουσα, καθώς οι εργαζόμενοι σε Mετρό, Tραμ και ΗΣΑΠ κατέρχονται σε 24ωρη απεργία για να συμμετάσχουν στις συγκεντρώσεις της εργατικής Πρωτομαγιάς, ενώ με στάσεις εργασίας συμμετέχουν στις κινητοποιήσεις οι εργαζόμενοι στα λεωφορεία και τα τρόλεϊ. Ως εκ τούτου, θα παραμείνουν ακινητοποιημένοι για 24 ώρες οι συρμοί του Μετρό και του HΣΑΠ στις Γραμμές 1, 2, και 3 αλλά και το Τραμ. Όπως αναφέρουν σε ανακοίνωσή του το σωματείο εργαζομένων στην ΣΤΑΣΥ, «οι εργαζόμενοι στις Σταθερές Συγκοινωνίες, συμμετέχουμε καθολικά στην 24ωρη Απεργία, που κήρυξαν για την ΠΡΩΤΟΜΑΓΙΑ η ΓΣΕΕ και το ΕΚΑ και συμμετέχουμε, επίσης, στην απεργιακή συγκέντρωση στην ΠΛΑΤΕΙΑ ΚΛΑΥΘΜΩΝΟΣ στις 11:00 π.μ.» Τα λεωφορεία και τα τρόλεϊ είναι ακινητοποιημένα από την έναρξη της βάρδιας έως τις 9:00 το πρωί, και από τις 21:00 το βράδυ μέχρι τη λήξη της βάρδιας. Κανονικά αναμένεται να κινηθούν τα αστικά λεωφορεία στις γραμμές, τις οποίες έχουν αναλάβει τα ΚΤΕΛ. Ματαιώσεις και τροποποιήσεις δρομολογίων αναμένονται και στο σιδηροδρομικό δίκτυο λόγω της γενικής απεργίας για την Εργατική Πρωτομαγιά, στην οποία συμμετέχει η Πανελλήνια Ομοσπονδία Σιδηροδρομικών (ΠΟΣ). Σύμφωνα με ανακοίνωση της Hellenic Train σήμερα θα κυκλοφορήσουν οι παρακάτω επιβατικές αμαξοστοιχίες:  Οι υπόλοιπες επιβατικές αμαξοστοιχίες της Hellenic Train καθώς και τα λεωφορεία που εκτελούν εσωτερικές διαδρομές εντός του Δικτύου δεν θα πραγματοποιήσουν δρομολόγια. Οι συγκεντρώσεις θα ξεκινήσουν στην Αθήνα από τις 11 το πρωί, ενώ κάλεσμα για συμμετοχή έχουν απευθύνει και ΠΟΕΔΗΝ και ΕΙΝΑΠ. Οι προσυγκεντρώσεις για τη συγκέντρωση της Πρωτομαγιάς στο Σύνταγμα έχουν οριστεί για τις 10 π.μ. στα εξής σημεία: Επίσης, στις 10.30 π.μ.: Συμβολή λεωφόρων Αλεξάνδρας και Κηφισίας: Διανομείς στον επισιτιστικό κλάδο και στις ταχυμεταφορές. Στη Θεσσαλονίκη οι προσυγκεντρώσεις για την Πρωτομαγιάτικη συγκέντρωση στο Αγαλμα Βενιζέλου έχουν οριστεί στις 10.30 π.μ., στα εξής σημεία: Τα ναυτεργατικά σωματεία με αφορμή τον εορτασμό της Εργατικής Πρωτομαγιάς έχουν εξαγγείλει για σήμερα Δευτέρα 24ωρη πανελλαδική απεργία σε όλες τις κατηγορίες πλοίων. Η κινητοποίηση ξεκινά στις 00.01 τα ξημερώματα της Δευτέρας 1η Μαΐου και θα λήξει στις 24.00 τα μεσάνυχτα της ιδίας ημέρας. Ναυτεργατικά σωματεία θα συμμετέχουν στις απεργιακές συγκεντρώσεις στον Πειραιά στις 11:00 το πρωί, ενώ ομάδες ομάδες περιφρούρησης των ναυτικών θα υπάρχουν στα λιμάνια της Αττικής και στα υπόλοιπα λιμάνια της χώρας. «Αποτίουμε φόρο τιμής σε όσους αγωνίστηκαν και πολλές φορές έδωσαν και τη ζωή τους για τα δικαιώματα των ναυτεργατών, αλλά και όλων των εργαζομένων τη γης», τονίζει σε μήνυμά του με αφορμή τον εορτασμό της Εργατικής Πρωτομαγιάςο γενικός γραμματέας της ΠΝΟ, Μανώλης Τσικαλάκης. Επισημαίνει ότι το ναυτεργατικό δυναμικό αγωνίζεται καθημερινά για τα προβλήματα των συναδέλφων, υπερασπίζοντας τη διαδικασία των συλλογικών διαπραγματεύσεων, την κατάργηση των νόμων για τις μειωμένες οργανικές συνθέσεις των πλοίων και τη στελέχωσή τους, με στόχο την προστασία της ανθρώπινης ζωής στη θάλασσα. Ο κ. Τσικαλάκης αναφέρει ότι η φετινή Εργατική Πρωτομαγιά σκιάζεταιιδιαίτερα από τον συνεχιζόμενο πόλεμο στην Ουκρανία με τα χιλιάδες αθώα θύματα, αλλά και με τον εμφύλιο που μαίνεται στο Σουδάν τις τελευταίες μέρες, τους ξεριζωμένους συνανθρώπους μας αλλά και τις υπόλοιπες πολεμικές συρράξεις σε διάφορα σημεία του πλανήτη. Διαβάστε τις Ειδήσεις σήμερα και ενημερωθείτε για τα πρόσφατα νέα. Ακολουθήστε το Skai.gr στο Google News και μάθετε πρώτοι όλες τις ειδήσεις. Πειραιάς - Αεροδρόμιο 1206 1212 1216 1222 1226 1232 Αεροδρόμιο- Πειραιάς 1207 1213 1217 1223 1227 1229 1233 Λιόσια- Αεροδρόμιο 2206 2214 2222 2230 2238 2246 Αεροδρόμιο- Λιόσια 2215 2223 2231 2239 2247 Αθήνα- Χαλκίδα 1534 1542 1550 1558 Χαλκίδα- Αθήνα 1539 1547 1555 2531 Αθήνα- Κιάτο 1304 1308 1316 1320 1324 1328 Κιάτο- Αθήνα 1307 1311 1319 1323 1327 2301 Ολυμπία- Πύργος -Κατάκολο 1382 1385 Ρίο- Πάτρα- Αγ. Ανδρέας 11302 11304 11306 11308 12300 12302 13302 13304 13306 13308 14300 Αγ. Ανδρέας- Πάτρα- Ρίο 11303 11305 11307 11309 12301 13301 13303 13305 13307 13309 14301 Διακοπτό- Καλάβρυτα 1330 1332 1336 Καλάβρυτα- Διακοπτό 1331 1333 1337 Επίσης, θα κυκλοφορήσουν τα παρακάτω λεωφορεία: Αθήνα- Θεσσαλονίκη C57 C60 Αλεξανδρούπολη- Ορμένιο C682 C683 Θεσσαλονίκη- Δράμα C1631 C1632 Θεσσαλονίκη- Φλώρινα C710 C715 Δράμα- Αλεξανρούπολη C602 Δράμα- Ξάνθη C670 C679 Ξάνθη- Αλεξανδρούπολη C671 C672 Θεσσαλονίκη-Λάρισα C1592 C1593 C96 C95 C2594 C2597 Λάρισα- Καλαμπάκα C1561 C1889 Λάρισα- Βόλος C1576 C1579 C2574 C2575 Λιανοκλάδι- Τιθορέα C451 C452 Στυλίδα- Τιθορέα C159 C458 Αθήνα- Λιανοκλάδι C120 C121 Πλατεία Κάνιγγος: Ομοσπονδίες, Σωματεία και Επιτροπές Αγώνα εργαζομένων στον ιδιωτικό τομέα. Ομόνοια: Ομοσπονδία Βιοτεχνικών Σωματείων Αττικής, Σωματεία και Ενώσεις Επαγγελματιών, Βιοτεχνών και Εμπόρων, Ομοσπονδία Γυναικών Ελλάδας, Σύλλογοι και Ομάδες Γυναικών, Ομοσπονδίες και Σωματεία Συνταξιούχων, μαζικοί φορείς του δήμου Αθήνας, των Νοτιοδυτικών, Δυτικών, Βορειοδυτικών και Βόρειων Συνοικιών της Αθήνας. Προπύλαια: Σωματεία Δημόσιας και Ιδιωτικής Εκπαίδευσης, Σωματεία Εργαζομένων σε Πανεπιστήμια και Ερευνητικά Ιδρύματα, Σύλλογοι Φοιτητών, Συντονιστικά Μαθητών. Στύλοι του Ολυμπίου Διός: Σωματεία Υγειονομικών και Ειδικής Αγωγής, Σωματεία υπουργείων, της Αποκεντρωμένης και Περιφερειακής Διοίκησης, Σωματεία δήμων, μαζικοί φορείς των Ανατολικών και Νότιων Συνοικιών της Αθήνας. Συμβολή Τσιμισκή - Αριστοτέλους: Σωματεία στους κλάδους του Εμπορίου, του Επισιτισμού, του Τουρισμού και των Υπηρεσιών. Πλατεία Αθωνος: Σωματεία στους κλάδους των Κατασκευών, των Μεταφορών, των Τροφίμων, της Χημικής Βιομηχανίας, της Ενέργειας και λοιπά σωματεία του ιδιωτικού τομέα. Καρόλου Ντηλ και Ερμού: Σωματεία στον κλάδο της Πληροφορικής και των Τηλεπικοινωνιών. Πλατεία Αγίας Σοφίας: Σωματεία στους κλάδους της Υγείας, των εκπαιδευτικών, του Δημοσίου, Φοιτητικοί Σύλλογοι. Κυκλοφοριακές ρυθμίσεις στην Αθήνα την Πρωτομαγιά - Ποιοι δρόμοι θα κλείσουν και πότε Χωρίς μετρό, ηλεκτρικό και τραμ την Πρωτομαγιά - 24ωρη απεργία των εργαζομένων Στο σκοτάδι για 2 περίπου ώρες βυθίστηκαν περιοχές στο κέντρο της Θεσσαλονίκης - Φωτό-Βίντεο Οι συγκεντρώσεις Συγκεντρώσεις στη Θεσσαλονίκη Δεμένα τα πλοία στα λιμάνια όλης της χώρας ",skai.gr,skai.gr,2023-05-01,Ελλάδα
https://www.skai.gr/news/world/google-doodle-afieromeno-stin-ergatiki-protomagia,Αφιερωμένο στην Εργατική Πρωτομαγιά το σημερινό doodle της Google,"Στην Εργατική Πρωτομαγιά είναι αφιερωμένο το σημερινό doodle της Google. Κάθε χρόνο την 1η Μαΐου τιμάται η εξέγερση των εργατών του Σικάγου, η οποία αποτέλεσε μια από τις κορυφαίες στιγμές των αγώνων των εργαζομένων για καλύτερες συνθήκες εργασίας στη νεότερη εποχή. Τον Μάιο του 1886 τα εργατικά συνδικάτα στο Σικάγο ξεσηκώθηκαν διεκδικώντας 8ωρο ωράριο εργασίας και καλύτερες συνθήκες. Η μέρα έχει θεσπιστεί ως εργατική απεργία. Διαβάστε τις Ειδήσεις σήμερα και ενημερωθείτε για τα πρόσφατα νέα. Ακολουθήστε το Skai.gr στο Google News και μάθετε πρώτοι όλες τις ειδήσεις. Ο Ερντογάν ανακοίνωσε την εξουδετέρωση του ηγέτη του Ισλαμικού Κράτους Συναγερμός για νέα ρωσικά πυραυλικά πλήγματα στην περιφέρεια του Κιέβου Κούβα: Οι εορτασμοί για την Πρωτομαγιά αναβάλλονται λόγω καταιγίδων ",skai.gr,skai.gr,2023-05-01,Κόσμος
https://www.skai.gr/news/world/apeili-rosikon-pyraylikon-pligmaton-stin-perifereia-tou-kievou,Συναγερμός για νέα ρωσικά πυραυλικά πλήγματα στην περιφέρεια του Κιέβου,"Οι αρχές της περιφέρειας του Κιέβου προειδοποίησαν πως απειλούνται ρωσικά πυραυλικά πλήγματα τις πρώτες πρωινές ώρες. Οι υπηρεσίες αντιμετώπισης εκτάκτων καταστάσεων κήρυξαν συναγερμό σε διάφορες περιοχές της χώρας. «Απειλή πυραυλικών πληγμάτων!», ανέφερε η περιφερειακή διοίκηση του Κιέβου μέσω Telegram, παροτρύνοντας τους κατοίκους της περιοχής γύρω από την ουκρανική πρωτεύουσα να πάνε «στα καταφύγια». Ο Αντρίι Γέρμακ, επικεφαλής των υπηρεσιών του ουκρανού προέδρου Βολοντίμιρ Ζελένσκι, νουθέτησε –επίσης μέσω Telegram– «φροντίστε την ασφάλειά σας και μην δημοσιοποιείτε τη δουλειά της αντιαεροπορικής άμυνας». Διαβάστε τις Ειδήσεις σήμερα και ενημερωθείτε για τα πρόσφατα νέα. Ακολουθήστε το Skai.gr στο Google News και μάθετε πρώτοι όλες τις ειδήσεις. Κούβα: Οι εορτασμοί για την Πρωτομαγιά αναβάλλονται λόγω καταιγίδων Σουδάν: Η Βρετανία ανακοίνωσε επιπλέον πτήση για την εσπευσμένη απομάκρυνση αμάχων Ρωσία: 4 άμαχοι νεκροί στον ουκρανικό βομβαρδισμό χωριού στη Μπριάνσκ ",ΑΠΕ-ΜΠΕ,skai.gr,2023-05-01,Κόσμος
https://www.skai.gr/news/weather/kairos-simera-vroxeri-i-protomagia-pou-tha-vreksei,Βροχερή Πρωτομαγιά: Άστατος ο καιρός σήμερα - Μικρή πτώση της θερμοκρασίας,"Αστατος θα είναι ο καιρός σήμερα, Πρωτομαγιά, με βροχές και καταιγίδες σε πολλές περιοχές. Οι νεφώσεις αρχικά θα αναπτυχθούν στα δυτικά και ακολούθως σε όλη την ηπειρωτική χώρα, αλλά και τις Κυκλάδες και την Κρήτη. Από το βράδυ τα φαινόμενα θα εξασθενήσουν. Οι άνεμοι θα πνέουν στα δυτικά νοτιοανατολικοί 3 με 5 και βαθμιαία έως 6 μποφόρ, στην υπόλοιπη χώρα μεταβλητοί ασθενείς και βαθμιαία από ανατολικές διευθύνσεις 3 με 5 μποφόρ. Η θερμοκρασία θα σημειώσει μικρή πτώση κυρίως στα δυτικά, όπου θα φτάσει τους 18 βαθμούς, ενώ στην υπόλοιπη χώρα θα φτάσει τους 19 με 22 βαθμούς Κελσίου. Πιο αναλυτικά η πρόγνωση σε κάθε περιοχή: ΜΑΚΕΔΟΝΙΑ, ΘΡΑΚΗ Καιρός: Νεφώσεις κατά διαστήματα αυξημένες, με τοπικές βροχές κυρίως τις μεσημβρινές και απογευματινές ώρες, οπότε θα εκδηλωθούν και μεμονωμένες καταιγίδες.Ανεμοι: Μεταβλητοί ασθενείς και βαθμιαία από ανατολικές διευθύνσεις 3 με 4 στα ανατολικά έως 5 μποφόρ.Θερμοκρασία: Από 08 έως 22 βαθμούς Κελσίου. ΝΗΣΙΑ ΙΟΝΙΟΥ, ΗΠΕΙΡΟΣ, ΔΥΤΙΚΗ ΣΤΕΡΕΑ, ΔΥΤΙΚΗ ΠΕΛΟΠΟΝΝΗΣΟΣ Καιρός: Αυξημένες νεφώσεις με τοπικές βροχές και μεμονωμένες καταιγίδες. Το βράδυ τα φαινόμενα θα εξασθενήσουν.Ανεμοι: Νοτιοανατολικοί 3 με 5 και βαθμιαία έως 6 μποφόρ.Θερμοκρασία: Από 10 έως 18 βαθμούς Κελσίου. ΘΕΣΣΑΛΙΑ, ΑΝΑΤΟΛΙΚΗ ΣΤΕΡΕΑ, ΑΝΑΤΟΛΙΚΗ ΠΕΛΟΠΟΝΝΗΣΟΣΚαιρός: Νεφώσεις κατά διαστήματα αυξημένες, με τοπικές βροχές και πιθανώς μεμονωμένες καταιγίδες αρχικά στην κεντρική Στερεά και την ανατολική Πελοπόννησο και βαθμιαία και στις υπόλοιπες περιοχές. Το βράδυ τα φαινόμενα θα εξασθενήσουν.Ανεμοι: Μεταβλητοί ασθενείς και βαθμιαία ανατολικοί νοτιοανατολικοί 3 με 4 μποφόρ.Θερμοκρασία: Από 09 έως 22 βαθμούς Κελσίου. ΚΥΚΛΑΔΕΣ, ΚΡΗΤΗΚαιρός: Νεφώσεις κατά διαστήματα αυξημένες, με τοπικές βροχές και πιθανώς μεμονωμένες καταιγίδες αρχικά στη δυτική Κρήτη και βαθμιαία και στις υπόλοιπες περιοχές. Το βράδυ τα φαινόμενα θα εξασθενήσουν.Ανεμοι: Μεταβλητοί ασθενείς και βαθμιαία από ανατολικές διευθύνσεις 3 με 4 στα δυτικά έως 5 μποφόρ.Θερμοκρασία: Από 10 έως 19 βαθμούς Κελσίου. ΝΗΣΙΑ ΑΝΑΤΟΛΙΚΟΥ ΑΙΓΑΙΟΥ - ΔΩΔΕΚΑΝΗΣΑΚαιρός: Λίγες νεφώσεις κατά διαστήματα αυξημένες.Ανεμοι: Στα βόρεια μεταβλητοί ασθενείς και βαθμιαία ανατολικοί βορειοανατολικοί 4 με 5 μποφόρ. Στα νότια βόρειοι βορειοδυτικοί 3 με 4 μποφόρ και βαθμιαία μεταβλητοί ασθενείς.Θερμοκρασία: Από 12 έως 21 βαθμούς Κελσίου. Στα βόρεια η ελάχιστη 2 με 3 βαθμούς χαμηλότερη. ΕΥΒΟΙΑΚαιρός: Νεφώσεις κατά διαστήματα αυξημένες, με τοπικές βροχές τις μεσημβρινές και απογευματινές ώρες.Ανεμοι: Μεταβλητοί ασθενείς και βαθμιαία από ανατολικές διευθύνσεις 3 με 4 μποφόρ.Θερμοκρασία: Από 11 έως 21 βαθμούς Κελσίου. ΑΤΤΙΚΗΚαιρός: Νεφώσεις κατά διαστήματα αυξημένες, με τοπικές βροχές τις μεσημβρινές και απογευματινές ώρες.Ανεμοι: Μεταβλητοί ασθενείς.Θερμοκρασία: Από 11 έως 20 βαθμούς Κελσίου. ΘΕΣΣΑΛΟΝΙΚΗΚαιρός: Νεφώσεις κατά διαστήματα αυξημένες, με τοπικές βροχές τις μεσημβρινές και απογευματινές ώρες.Ανεμοι: Μεταβλητοί ασθενείς.Θερμοκρασία: Από 11 έως 21 βαθμούς Κελσίου. Στην ανατολική Μακεδονία, τη Θράκη, τα νησιά του βορείου και ανατολικού Αιγαίου και τα Δωδεκάνησα, αραιές νεφώσεις που βαθμιαία θα πυκνώσουν και από το απόγευμα θα σημειωθούν τοπικές βροχές. Στην υπόλοιπη χώρα προβλέπονται αυξημένες νεφώσεις με τοπικές βροχές και στα δυτικά από αργά το απόγευμα σποραδικές καταιγίδες. Τη νύχτα τα φαινόμενα θα ενταθούν. Οι άνεμοι θα πνέουν στα δυτικά και νότια ανατολικοί νοτιοανατολικοί 5 με 7 και στο Ιόνιο τοπικά 8 μποφόρ, στρεφόμενοι σταδιακά σε νότιους νοτιοανατολικούς με την ίδια ένταση. Στις υπόλοιπες περιοχές θα πνέουν ανατολικοί βορειοανατολικοί 4 με 6 μποφόρ. Η θερμοκρασία θα σημειώσει μικρή άνοδο κυρίως στα δυτικά και τα νότια όπου θα φτάσει τους 21 με 23 και στις υπόλοιπες περιοχές τους 18 με 20 βαθμούς Κελσίου. Διαβάστε τις Ειδήσεις σήμερα και ενημερωθείτε για τα πρόσφατα νέα. Ακολουθήστε το Skai.gr στο Google News και μάθετε πρώτοι όλες τις ειδήσεις. Άστατος ο καιρός σήμερα και αύριο, Πρωτομαγιά - Μικρή άνοδος της θερμοκρασίας Αίθριος ο καιρός σήμερα - Πού θα πέσουν βροχές - Ο καιρός της Πρωτομαγιάς Περιορισμένη αστάθεια το Σ/Κ , περισσότερες βροχές τη Δευτέρα , στα Δυτικά. Η θερμοκρασία χωρίς αξιόλογη μεταβολή. Ο καιρός την Τρίτη",skai.gr,skai.gr,2023-05-01,Καιρός
https://www.skai.gr/news/finance/pagkosmio-oikonomiko-foroum-ti-provlepei-gia-tis-allages-stin-agora-ergasias,Παγκόσμιο Οικονομικό Φόρουμ: Τι προβλέπει για τις αλλαγές στην αγορά εργασίας,"Μία στις τέσσερις θέσεις εργασίας πρόκειται να αλλάξει μέσα στα πέντε επόμενα χρόνια, σύμφωνα με έρευνα μεταξύ των εργοδοτών που δόθηκε σήμερα στη δημοσιότητα από το Παγκόσμιο Οικονομικό Φόρουμ (WEF), τον οργανισμό που είναι γνωστός για το ετήσιο φόρουμ που διεξάγει στο Νταβός της Ελβετίας. Περίπου 69 εκατομμύρια θέσεις εργασίας θα δημιουργηθούν και 83 εκατομμύρια θα καταργηθούν μέχρι το 2027, σύμφωνα με την ίδια πηγή, με αποτέλεσμα μια καθαρή μείωση κατά 2% της τρέχουσας απασχόλησης, σύμφωνα με την έκθεση με τίτλο Future of Jobs (Το μέλλον των θέσεων εργασίας). Η έρευνα βασίζεται σε δεδομένα από περίπου 800 εταιρείες που απασχολούν περισσότερους από 11 εκατομμύρια εργαζομένους και χρησιμοποιεί δεδομένα για 673 εκατομμύρια θέσεις απασχόλησης. Η τεχνολογία και η ψηφιοποίηση είναι αυτές που προκαλούν τόσο τη δημιουργία όσο και την κατάργηση θέσεων εργασίας, σύμφωνα με μια σύνοψη της έρευνας. «Η πρόοδος στη χρήση της τεχνολογίας και η αύξηση της ψηφιοποίησης θα προκαλέσουν σημαντικές ανακατατάξεις στην αγορά εργασίας», αναφέρεται. Ταχύτερα θα καταργηθούν οι ρόλοι που μπορούν να αυτοματοποιηθούν, όπως αυτοί των ταμιών τραπεζών και άλλων υπαλλήλων γραφείου, ενώ αναμένεται να αυξηθεί σημαντικά η ζήτηση για ειδικούς στην τεχνητή νοημοσύνη και την κυβερνοασφάλεια, σύμφωνα με την ίδια πηγή. Διαβάστε τις Ειδήσεις σήμερα και ενημερωθείτε για τα πρόσφατα νέα. Ακολουθήστε το Skai.gr στο Google News και μάθετε πρώτοι όλες τις ειδήσεις. Επικεφαλής JP Morgan: Η διάσωση της First Republic θα βοηθήσει στη σταθεροποίηση του συστήματος Υποβλήθηκε στην Κομισιόν το Ελληνικό Πρόγραμμα Σταθερότητας 2023-2026: Τι προβλέπει για ανεργία, πληθωρισμό, ανάπτυξη Αυξημένες οι εξαγωγές φρούτων και λαχανικών το α’ δίμηνο του 2023",ΑΠΕ-ΜΠΕ,skai.gr,2023-05-02,Οικονομία
https://www.skai.gr/news/greece/karagiannis-exoume-dimopratisei-erga-ypsous-14-dis-eyro-tin-teleytaia-4etia-i-ellada-exei,Καραγιάννης: Έχουμε δημοπρατήσει έργα ύψους 14 δισ.ευρώ - Την τελευταία 4ετία η Ελλάδα έχει μετατραπεί σε εργοτάξιο,"Με αυξημένες ταχύτητες «τρέχουν», πλέον, τα έργα σε όλη την Ελλάδα. Έργα που θα αλλάξουν τον χάρτη υποδομών της χώρας μας αλλά και τον τρόπο μετακίνησης των πολιτών, δίνοντας παράλληλα τεράστια ώθηση στην τοπική και εθνική οικονομία. Πρόκειται για έργα πνοής που εκτός από τη διευκόλυνση της συγκοινωνιακής πρόσβασης, θα διευκολύνουν τις εμπορευματικές μεταφορές, θα ενισχύσουν τις τοπικές κοινωνίες και θα συμβάλλουν στην τουριστική ανάπτυξη της χώρας. Μεγάλα project που είναι σε εξέλιξη αυτή τη στιγμή από το υπουργείο Υποδομών και Μεταφορών, εκτός Αττικής, αφορούν: -Ολοκλήρωση του Ε65 από τη Λαμία προς την Εγνατία οδό και τη Δυτική Μακεδονία, -Βόρειο Οδικό 'Αξονα της Κρήτης, -Πάτρα - Πύργος -Flyοver, περιφερειακός της Θεσσαλονίκης και -Νέος Διεθνής Αερολιμένας Ηρακλείου, Καστέλι «Την τελευταία 4ετία η Ελλάδα έχει μετατραπεί σε ένα εργοτάξιο καθώς βρίσκεται σε εξέλιξη το μεγαλύτερο πρόγραμμα αναβάθμισης των υποδομών. Είναι χαρακτηριστικό ότι από τον Ιούλιο του 2019 έως και σήμερα έχουμε δημοπρατήσει έργα ύψους 14 δισ. ευρώ, ενώ έργα ύψους σχεδόν 5,5 δισ. ευρώ έχουν υπογραφές και βρίσκονται σε φάση κατασκευής» δήλωσε στο ΑΠΕ-ΜΠΕ ο υφυπουργός Υποδομών και Μεταφορών Γιώργος Καραγιάννης. Ο σχεδιασμός μας στο Υπουργείο Υποδομών και Μεταφορών, προσέθεσε ο υφυπουργός, αναπτύχθηκε έτσι ώστε να αφορά όλη τη χώρα, τις ανάγκες κάθε περιφέρειας ξεχωριστά και ταυτόχρονα να υπηρετεί τον κεντρικό στόχο της εθνικής ανάκαμψης. Ενδεικτικά, όπως ανέφερε στο ΑΠΕ-ΜΠΕ, από τα μεγαλύτερα έργα που κατασκευάζονται αυτή τη στιγμή - εκτός Αττικής - στην Ελλάδα είναι οι τρεις αυτοκινητόδρομοι: Έχουμε, ακόμα, έναν περιφερειακό οδικό άξονα, το Flyover στη Θεσσαλονίκη, ένα απολύτως αναγκαίο και χρήσιμο έργο που θα ξεχωρίζει και για την πρωτοπορία του. Στην Κρήτη, εκτός από τον ΒΟΑΚ, έχουμε σε πλήρη ανάπτυξη το κατασκευαστικό έργο για τον Νέο Διεθνή Αερολιμένα Ηρακλείου στο Καστέλι που θα αποτελέσει πραγματικό κόμβο μεταφορών και το πρώτο «πράσινο» αεροδρόμιο της Ελλάδας, αναβαθμίζοντας τον στρατηγικό ρόλο του νησιού. «Τα έργα υποδομών έχουν, αναμφισβήτητα, σημαντικό αναπτυξιακό αποτύπωμα σε τοπικό, περιφερειακό και εθνικό επίπεδο καθώς κινητοποιούν επιπλέον επενδύσεις και ανοίγουν νέες θέσεις εργασίας. Κυρίως αναβαθμίζουν την καθημερινότητα των πολιτών εξασφαλίζοντας καλύτερη ποιότητα ζωής» τόνισε ο υφυπουργός Γιώργος Καραγιάννης.  Βόρειος Οδικός 'Αξονας Κρήτης (ΒΟΑΚ) Συνολικός προϋπολογισμός έργων στο τμήμα Κίσσαμος - Χανιά - Ηράκλειο - Νεάπολη - 'Αγιος Νικόλαος: 2,5 δισ. ευρώ. Μέσα στο 2022 εγκαταστάθηκαν τα πρώτα εργοτάξια (δημόσιο έργο Νεάπολη - 'Αγιος Νικόλαος) και εντός του 2024 θα έχουν ανοίξει όλα τα μέτωπα. * Συμβασιοποιήθηκαν το ΣΔΙΤ Χερσόνησος - Νεάπολη και το Δημόσιο έργο Νεάπολη - 'Αγιος Νικόλαος. * Στις 8 Μαΐου αναμένεται να υποβληθούν και οι προσφορές για το μεγάλο έργο Χανιά - Ηράκλειο. * Οι μελέτες για την προαίρεση Κίσσαμος - Χανιά προχωρούν και εντός του έτους θα κατατεθεί η Μελέτη Περιβαλλοντικών Επιπτώσεων. * Προχωρούν οι μελέτες για το Σούδα - Αεροδρόμιο και αναμένεται η θετική γνωμοδότηση του ΓΕΝ για την οριστικοποίηση της χάραξης του δρόμου που θα κινείται οριακά εντός του χώρου του Ναυστάθμου της Σούδας. Ανατολική Εσωτερική Περιφερειακή Θεσσαλονίκης (flyover) * Υπεγράφη η σύμβαση του μεγάλου έργου για τη Θεσσαλονίκη * Ξεκίνησαν ήδη οι γεωτεχνικές έρευνες, ενώ οι τελικές μελέτες ήδη εκπονούνται * Οι πρώτες εργασίες θα ξεκινήσουν στις αρχές του φθινοπώρου Το πρωτοποριακό αυτό έργο αφορά σε 13 χιλιόμετρα, με 9 ανισόπεδους κόμβους, 4 χιλιόμετρα εναέριας οδού δηλαδή συνεχόμενης γέφυρας «Flyover», 10 νέες γέφυρες. Πρόκειται για έναν «δρόμο πάνω από το δρόμο», τη μεγαλύτερη εναέρια οδό στην Ελλάδα, που με την κατασκευή της θα ανακουφίσει την Ανατολική Περιφερειακή Οδό με τρεις τρόπους: * Θα αυξήσει την κυκλοφοριακή ικανότητα * Θα βελτιώσει θεαματικά την οδική ασφάλεια * Θα μειώσει το περιβαλλοντικό αποτύπωμα, με λιγότερους εκπεμπόμενους ρύπους. Είναι ένα έργο που πραγματικά μπορεί να αλλάξει την καθημερινότητα στην πόλη, εξυπηρετώντας 10.000 οχήματα την ώρα ανά κατεύθυνση. Οι οδηγοί πλέον θα μετακινούνται σε πιο σταθερούς χρόνους και με οικονομία. Αυτοκινητόδρομος Κεντρικής Ελλάδος (Ε65) Το σύνολο του Αυτοκινητοδρόμου Κεντρικής Ελλάδας Ε65 έχει μήκος περίπου 181 χλμ. και περιλαμβάνει, όπως έχει οριστεί στη Σύμβαση Παραχώρησης του έργου, τα εξής τμήματα: * Τμήμα Ημικόμβου ΠΑΘΕ - Α/Κ Ξυνιάδας (χ.θ. 0+000 - 32+270) Νότιο Τμήμα Α΄. * Τμήμα Α/Κ Ξυνιάδας - Α/Κ Τρικάλων (χ.θ. 32+270 - 110+940) Μεσαίο Τμήμα. * Τμήμα Α/Κ Τρικάλων - Α/Κ Γρεβενών και Τμήμα Α/Κ Γρεβενών - Α/Κ Εγνατίας (χ.θ. 110+940 - 181+410) Βόρειο Τμήμα Β΄. Ο Αυτοκινητόδρομος Κεντρικής Ελλάδος (Ε65) (Λαμία - Καρδίτσα - Τρίκαλα - Καλαμπάκα - Εγνατία Οδός) εντάσσεται στο Διευρωπαϊκό δίκτυο αξόνων (Transeuropean Network) και αποτελεί την ραχοκοκαλιά της συγκοινωνιακής υποδομής της Κεντρικής Ελλάδας. Αναμένεται ότι θα συμβάλει δραστικά στην ασφάλεια των οδικών μετακινήσεων και μεταφορών, θα μειώσει τα ατυχήματα, επιτυγχάνοντας ταυτόχρονα ταχύτερες και οικονομικότερες μετακινήσεις. Η κατασκευή του Αυτοκινητοδρόμου Ε65 θα βοηθήσει επίσης στην άρση της συγκοινωνιακής απομόνωσης της Κεντρικής Ελλάδος και θα αναβαθμίσει την σύνδεση της Δυτικής Μακεδονίας και της Ηπείρου, εξυπηρετώντας ταυτόχρονα την προσπελασιμότητα προς το εξωτερικό, δίδοντας έτσι την δυνατότητα ενίσχυσης της περιφερειακής ανάπτυξης, του τουρισμού και της εμπορευματικής διακίνησης σε μια περιοχή με ιδιαίτερες δυνατότητες περαιτέρω οικονομικής ανάπτυξης, συμβάλλοντας παράλληλα στην μείωση του ποσοστού ανεργίας και στην αύξηση του κατ' κεφαλήν εισοδήματος. Ο διεθνής ρόλος του έργου είναι επίσης σημαντικός διότι συνδέεται μέσω της Εγνατίας Οδού και των καθέτων αξόνων αυτής με το εξωτερικό. * Το Βόρειο Τμήμα Τρίκαλα - Εγνατία έχει εξασφαλισμένη χρηματοδότηση από το Ταμείο Ανάκαμψης. * Στις αρχές του 2024 θα ολοκληρωθεί και το σύνολο του Νότιου Τμήματος, ΠΑΘΕ - Ξυνιάδα που έχει ξεπεράσει το 90%. Αυτοκινητόδρομος Πάτρα - Πύργος Η χρηματοδοτική συμβολή από το Ελληνικό Δημόσιο 216 εκατ. ευρώ, ενώ το κατασκευαστικό κόστος ανέρχεται σε 295 εκατ. ευρώ. Το έργο αφορά στην οδική σύνδεση Πάτρα-Πύργος της Σύμβασης Παραχώρησης για τη Μελέτη, Κατασκευή, Χρηματοδότηση, Λειτουργία, Συντήρηση και Εκμετάλλευση του Αυτοκινητόδρομου Ελευσίνα - Κόρινθος - Πάτρα - Πύργος - Τσακώνα, η οποία θα υλοποιηθεί με νέα χάραξη, ανατολικά της υφιστάμενης Ε.Ο. Πατρών-Πύργου. Το μήκος της αρτηρίας είναι 74,5 χλμ. και του παράπλευρου και κάθετου δικτύου περί τα 124 χλμ. Συγκεκριμένα μήκος: παράπλευρου οδικού δικτύου 109 χλμ., κάθετου οδικού δικτύου 16 χλμ. και συνδετήριων οδών 483 μ. Το έργο παρελήφθη κατακερματισμένο, ιδιαίτερα ταλαιπωρημένο, με ιδιαίτερη ωστόσο σημασία για την περιοχή και τους κατοίκους της. Οι εργασίες έχουν ξεκινήσει πλέον από τον Μάρτιο του 2022, με χρονοδιάγραμμα ολοκλήρωσης για το τμήμα Κάτω Αχαγιά - Πύργος τον Μάρτιο 2025 και τρεις μήνες αργότερα το τμήμα Μυντιλόγι - Κάτω Αχαγιά. Σημειώνεται ότι, το υβριδικό σύστημα αναλογικής χρέωσης διοδίων τελών για τους χρήστες του αυτοκινητοδρόμου Ελευσίνα - Κόρινθος - Πάτρα θα εγκατασταθεί και στον νέο αυτοκινητόδρομο Πάτρα - Πύργος. Νέος Διεθνής Αερολιμένας Ηρακλείου Κρήτης στο Καστέλι * Εξασφαλίστηκε η αύξηση του μεγέθους του νέου υπερσύγχρονου διεθνούς αεροδρομίου της χώρας, άνω του 30%, ώστε αυτό να ανταποκριθεί αποτελεσματικά στην εκτιμώμενη επιβατική κίνηση που η Κρήτη θα κληθεί να υποδεχθεί τις επόμενες δεκαετίες. * Το νέο αεροδρόμιο θα αριθμεί πλέον 92.000 τετραγωνικά μέτρα, από 68.000 τετραγωνικά μέτρα που ήταν ο αρχικός σχεδιασμός. * Η πρόοδος εκτέλεσης του έργου σήμερα έχει ξεπεράσει το 22%. Το νέο αεροδρόμιο στο Καστέλι θα συμβάλλει στην περαιτέρω ανάπτυξη όλων των δραστηριοτήτων στην Κρήτη και στην αναβάθμιση της γεωπολιτικής της θέσης. Στην πλήρη ανάπτυξή του στο έργο θα δημιουργηθούν 2.000 θέσεις εργασίας και πολλαπλάσιες μόνιμες θέσεις εργασίας κατά την περίοδο λειτουργίας και την περίοδο που θα αναπτυχθούν οι νέες εμπορικές υποδομές και οι χρήσεις. Εκτιμάται ότι το Αεροδρόμιο Καστελίου θα δημιουργήσει περίπου 7.500 θέσεις άμεσης απασχόλησης. Διαβάστε τις Ειδήσεις σήμερα και ενημερωθείτε για τα πρόσφατα νέα. Ακολουθήστε το Skai.gr στο Google News και μάθετε πρώτοι όλες τις ειδήσεις. Ε65 που αποτελεί την «ραχοκοκαλιά» του οδικού δικτύου της χώρας, ΒΟΑΚ, ο τελευταίος μεγάλος αυτοκινητόδρομος που θα κατασκευαστεί και «Πάτρα - Πύργος», ένα έργο που πέρασε από 40 κύματα και δεν θα υλοποιούνταν χωρίς πολιτική βούληση, πολλή δουλειά και την παρέμβαση του ίδιου του πρωθυπουργού Κυριάκου Μητσοτάκη. 1η Μαΐου- Εργατική Πρωτομαγιά: Ποια μεγάλα πολιτικά γεγονότα έχουν σημαδέψει τη σημερινή μέρα Ποιοι γιορτάζουν σήμερα, Πρωτομαγιά Καταστράφηκε ολοσχερώς από φωτιά καφετέρια στην Αρτέμιδα Γιώργος Καραγιάννης: Την τελευταία 4ετία η Ελλάδα έχει μετατραπεί σε ένα εργοτάξιο Τα 4+1 μεγάλα έργα μεγάλα υποδομών στην Ελλάδα (εκτός Αττικής)",ΑΠΕ-ΜΠΕ,skai.gr,2023-05-01,Ελλάδα
https://www.skai.gr/news/world/tramp-zita-kakodikia-stin-agogi-tis-tzin-karol,ΗΠΑ: Ο Τραμπ ζητά κακοδικία στην εις βάρος του αγωγή από τη συγγραφέα Τζιν Κάρολ,"Ο Ντόναλντ Τραμπ ζήτησε να κηρυχθεί κακοδικία στη σε βάρος του αγωγή της συγγραφέα Ε. Τζιν Κάρολ, η οποία τον κατηγορεί για βιασμό και δυσφήμηση. Σε επιστολή που κατέθεσε νωρίς σήμερα το πρωί στο ομοσπονδιακό δικαστήριο του Μανχάταν, ο Τζο Τακοπίνα, δικηγόρος του πρώην προέδρου των Ηνωμένων Πολιτειών, επικαλείται φερόμενα λάθη του δικαστή, μεταξύ των οποίων ότι χαρακτήρισε εσφαλμένα τα στοιχεία υπέρ της Κάρολ και ότι επενέβη στην υπεράσπιση του Τραμπ. Ο Τακοπίνα υποστήριξε πως θα έπρεπε να του είχε επιτραπεί να ρωτήσει την Κάρολ γιατί δεν ζήτησε τις εικόνες από κάμερα ασφαλείας για το φερόμενο βιασμό της και πως ο δικαστής τον εμπόδισε να την ρωτήσει γιατί δεν πήγε στην αστυνομία. Ο Ντόλαντ Τραμπ υποστηρίζει επίμονα πως ο καταγγελλόμενος βιασμός ουδέποτε συνέβη. Δικηγόροι της Κάρολ δεν απάντησαν αμέσως σε αιτήματα για σχολιασμό. Η δίκη αναμένεται να επαναληφθεί αργότερα σήμερα. Διαβάστε τις Ειδήσεις σήμερα και ενημερωθείτε για τα πρόσφατα νέα. Ακολουθήστε το Skai.gr στο Google News και μάθετε πρώτοι όλες τις ειδήσεις. «Ιστορική» η φετινή γαλλική Πρωτομαγιά - Ρωγμή της συνδικαλιστικής ενότητας; Ανθρωπιστική καταστροφή στο Σουδάν λόγω του εμφυλίου: Οι εκεχειρίες καταρρέουν η μια μετά την άλλη Σαμποτάζ στη Ρωσία - Εκρηκτικός μηχανισμός εκτροχίασε αμαξοστοιχία - Αναζητείται ο δράστης - Βίντεο ",ΑΠΕ-ΜΠΕ,skai.gr,2023-05-01,Κόσμος
https://www.skai.gr/news/sports/napoli-seismos-2-rixter-apo-tous-opadous-sto-gkol-tou-olivera-vinteo,Οι οπαδοί της Νάπολι προκάλεσαν σεισμό 2 ρίχτερ στο γκολ του Ολιβέρα - Δείτε βίντεο,"Η Σαλερνιτάνα τη χάλασε στη Νάπολι (1-1), με τους παρτενοπέι να πρέπει να περιμένουν μέχρι το επόμενο ματς για να πανηγυρίσουν και μαθηματικά το πρωτάθλημα. Ας τα πιάσουμε όμως από την αρχή. Οι δρόμοι της Νάπολη είχαν κατακλυστεί από τους οπαδούς της ομάδας περιμένοντας να κάνουν φιέστα όταν θα τελείωνε ο αγώνας. Η Νάπολι χρειαζόταν μόνο νίκη και όλα πήγαιναν καλά αφού ο Ολιβέρα στο 62’ άνοιξε το σκορ, με τον Ντιά στο 84ο λεπτό να παγώνει το «Ντιέγκο Μαραντόνα» για το 1-1. Ωστόσο, στο γκολ του Ολιβέρα συνέβη κάτι απίθανο. Οι πανηγυρισμοί των Ναπολιτάνων ήταν τόσο έντονοι που προκάλεσαν σεισμό 2 ρίχτερ. Απίστευτο και όμως αληθινό! Κάπως έτσι οι οπαδοί της Νάπολι θα πρέπει να περιμένουν μέχρι την Πέμπτη (04/05) όπου θα αντιμετωπίσουν την Ουντινέζε. Δείτε το βίντεο με το γκολ της Νάπολι: Διαβάστε τις Ειδήσεις σήμερα και ενημερωθείτε για τα πρόσφατα νέα. Ακολουθήστε το Skai.gr στο Google News και μάθετε πρώτοι όλες τις ειδήσεις. Γιατί ο Κάρλο Αντσελότι αναφέρθηκε τον Γιάννη Αντετοκούνμπο - Τι είπε Παναθηναϊκός: Εξιτήριο για Τσόκαϊ-Το παλεύουν για ΠΑΟΚ Πέρεθ και Τσέριν Φυλακούρης μετά το ντέρμπι Παναθηναϊκού - ΑΕΚ: «Τίποτα δεν έχει τελειώσει ακόμα»",sport-fm.gr,skai.gr,2023-05-01,Αθλητικά
https://www.skai.gr/news/world/ipa-entopistike-kai-allo-mystiriodes-mpaloni,ΗΠΑ: Εντοπίστηκε και άλλο «μυστηριώδες μπαλόνι» - Πέρασε από τη Χαβάη και κατευθύνθηκε προς Μεξικό,"Ένα ακόμη «μυστηριώδες μπαλόνι» εμφανίστηκε στον εναέριο χώρο των Ηνωμένων Πολιτειών. Σύμφωνα με το Πεντάγωνο, το οποίο παρακολουθούσε το «μπαλόνι» για μία εβδομάδα, το άγνωστο αντικείμενο πέρασε πάνω από τη Χαβάη και κατευθύνθηκε προς την επικράτεια του Μεξικού. Σύμφωνα με τους Αμερικανούς, η προέλευσή του είναι άγνωστη και δεν πέταξε πάνω από στρατιωτικές εγκαταστάσεις. Αμερικανοί αξιωματούχοι εκτίμησαν ότι δεν ανήκει στην Κίνα, διευκρίνισαν ωστόσο ότι δεν έχει γίνει κάποια αυτοψία. Διαβάστε τις Ειδήσεις σήμερα και ενημερωθείτε για τα πρόσφατα νέα. Ακολουθήστε το Skai.gr στο Google News και μάθετε πρώτοι όλες τις ειδήσεις. Τουρκικά ΜΜΕ: Ο αρχηγός του Ισλαμικού Κράτους σκοτώθηκε σε βομβαρδισμό Άγριες συγκρούσεις την Πρωτομαγιά στη Γαλλία: 108 αστυνομικοί τραυματίες - 291 συλλήψεις Μπάκιγχαμ: Πάνω απο 2.200 προσκεκλημένοι από 203 χώρες στη στέψη του βασιλιά Καρόλου",skai.gr,skai.gr,2023-05-02,Κόσμος
https://www.skai.gr/news/greece/dolofonia-karaivaz-to-kinitro-kai-o-ithikos-aytourgos-sto-epikentro-ton-ereynon,Το κίνητρο και ο ηθικός αυτουργός της δολοφονίας Καραϊβάζ στο επίκεντρο των ερευνών,"Πολύτιμα στοιχεία για την υπόθεση της δολοφονίας του Γιώργου Καραϊβάζ έφερε η έρευνα στα ανώνυμα κινητά τηλέφωνα που χρησιμοποίησαν οι δύο συλληφθέντες κατά το διάστημα της δολοφονίας του δημοσιογράφου. Η αλληλουχία των κλήσεων, αλλά και το κατάστημα από το οποίο τα προμηθεύτηκαν έριξε φως στην υπόθεση και οδήγησε στην σύλληψη του 40χρονου και του 48χρονου, οι οποίοι θα απολογηθούν την Τετάρτη στον ανακριτή.    To view this video please enable JavaScript, and consider upgrading to a web browser that   supports HTML5 video Σύμφωνα με τον ρεπόρτερ του ΣΚΑΪ Παναγιώτη Σπυρόπουλου, τα δύο επιχειρησιακά «πακιστανικά» κινητά τηλέφωνα των δραστών ήταν ονομαστικοποιημένα στα στοιχεία ενός 30χρονου από το Μπαγκλαντές. Ενεργοποιούνται για πρώτη φορά στις 5 Απριλίου 2021, δίνοντας στίγμα από Χαροκόπου Καλλιθέα και ακολουθούν κάποιες επικοινωνίες ανάμεσα τους. Η πρώτη στις 8 Απριλίου 2021, δηλαδή μια ημέρα πριν από τη δολοφονία γιατί φαίνεται να έχει καθυστερήσει ο άτυχος δημοσιογράφος και σε κάποια άλλη εκδοχή ήταν μαζί με τη σύζυγό του. Φαίνεται να μιλούν μεταξύ τους, με αρκετές κλήσεις, για σχεδόν δυο ώρες, από τις 13:25 έως τις 15:21 οπού φαίνεται να αναβλήθηκε το σχέδιό τους. Του είχαν στήσει ενέδρα, γιατί έχει συγκεκριμένο δρομολόγιο το οποίο γνώριζαν επακριβώς, αλλά ο Καραϊβάζ καθυστέρησε μισή ώρα. Την ημέρα της δολοφονίας, 9 Απριλίου 2021, φαίνεται να μιλούν μεταξύ τους, με αρκετές κλήσεις, για σχεδόν μια ώρα από τις 12.30 έως τις 13.21. Ενδέχεται ο ένας ομιλών να ήταν μέσα στο βαν, ενώ ο άλλος στο scooter. Τα δύο τηλέφωνα είχαν αγοραστεί στις 2 Απριλίου 2021, ενώ στις 5 Απριλίου αγοράστηκαν κάποιες SIM από το ίδιο κατάστημα στην οδό Πανόρμου. Σημειώνεται ότι οι SIM που έχουν αγοραστεί από το συγκεκριμένο κατάστημα φαίνεται να έχουν εντοπιστεί σε κατ’ οίκον έρευνα το 2015 σε υπόθεση που είχε κατηγορηθεί ο 54χρονος, αλλά και ο λεγόμενος «θαμνάκιας». Ο καταστηματάρχης αναφέρει ότι γνωρίζει τον 54χρονο από το 2009.Σε ό,τι αφορά τα προσωπικά τους κινητά τηλέφωνα, έχει σημασία ότι του 48χρονου είναι απενεργοποιημένο και στις 8 και στις 9 Απριλίου 2021 τις ώρες που ήταν ενεργοποιημένα τα επιχειρησιακά για να μην εντοπιστεί το στίγμα τους. «Ξεμάτιασμα»Την ίδια στιγμή, τις πιο ευφάνταστες δικαιολογίες επικαλέσθηκε ο ιδιοκτήτης του καταστήματος που προμήθευσε τα ανώνυμα κινητά τηλέφωνα στους δράστες της δολοφονίας του δημοσιογράφου για να δικαιολογήσει τη σχέση του μαζί τους. Ο ιδιοκτήτης του καταστήματος της οδού Πανόρμου, από το οποίο οι δράστες φέρεται να προμηθεύτηκαν τα επιχειρησιακά «πακιστανικά» κινητά τηλέφωνα με τα οποία συνομιλούσαν την ημέρα της εκτέλεσης. Όπως διαπιστώθηκε, είχε επικοινωνήσει στο παρελθόν με δύο από τα πρόσωπα που περιλαμβάνονται στη δικογραφία. Όταν ρωτήθηκε για τι σχέση που έχει με τον 54χρονο οδηγό του βαν, φέρεται να είπε στους αστυνομικούς: «είχαμε τυπικές σχέσεις (με τον 54χρονο). Παλαιότερα του έστελνα μηνύματα για να τον ξεματιάζω». «Να φτάσουμε στο κίνητρο» Το ρόλο των δύο συλληφθέντων στο συμβόλαιο θανάτου σε βάρος του δημοσιογράφου Γιώργου Καραϊβάζ, επιχειρούν να εξακριβώσουν οι αρχές. Τα στελέχη του Τμήματος Ανθρωποκτονιών αναζητούν το πρόσωπο που τράβηξε τη σκανδάλη, τα κίνητρα της δολοφονίας, αλλά και τον ηθικό αυτουργό, που έδωσε την εντολή. «Το κίνητρο, για ποιό λόγο, θα ήθελε κάποιος να μην είναι στη ζωή ο Γιώργος Καραϊβάζ. Αν φτάσουμε σε αυτό, τότε είναι σίγουρο ότι θα προσεγγίσουμε και αυτόν που έδωσε την εντολή. Το θέμα είναι αν ήταν ένα ή δύο τα πρόσωπα αυτά» σημείωσε στον ΣΚΑΪ ο πρόεδρος Αστυνομικών Υπαλλήλων Ν/Α Αττικής, Γιώργος Καλλιακμάνης. Εκτός από τον 40χρονο μποντιμπίλντερ και τον 48χρονο αδερφό του, ο οποίος συνδέεται με το υποστηρικτικό βαν που συνόδευε τους εκτελεστές την ημέρα της δολοφονίας, η δικογραφία για τη δολοφονία του Γιώργου Καραϊβάζ περιλαμβάνει 3 ακόμα πρόσωπα. Ανάμεσα τους βρίσκεται ο 53χρονος επονομαζόμενος «Θαμνάκιας», «Μεγάλος» ή «Τρελός», ο οποίος είναι έγκλειστος των φυλακών με πολυετή κάθειρξη, ο 54χρονος φερόμενος οδηγός του βαν και ο 50χρονος βοηθός. Πρόκειται για πρόσωπο που δεν έχει κατηγορηθεί στο παρελθόν, ο οποίος είναι κάτοχος νόμιμης άδειας οπλοφορίας. «Σε κάποιο από τα γραφόμενα του κατά τη δική μου άποψη, κάποιος έχει δει τη ‘’φωτογραφία’’ του πίσω από τα λεγόμενα του Γιώργου. Φοβήθηκε, πανικοβλήθηκε μήπως μιλήσει στις διωκτικές αρχές και τον σκότωσε» εκτίμησε η σύζυγος του Γιώργου Καραϊβάζ Στάθα Αλεξανδροπούλου. Η πορεία του βαν Περισσότερα από 300 βίντεο από κάμερες ασφαλείας έχουν καταγράψει σε διαφορετικά σημεία το βαν και το scooter των δραστών, τόσο την ημέρα της δολοφονίας, όσο και το προηγούμενο μεσημέρι κατά την απόπειρα. Όσον αφορά το επαγγελματικό βαν του 48χρονου συλληφθέντα, η εικόνα του έχει αποτυπωθεί για πρώτη φορά στη 13:25 το μεσημέρι της 8ης Απριλίου στον Άλιμο. Το όχημα δεν καταγράφεται ξανά μέχρι τις 15:30, όταν και εμφανίζεται ξανά επί της Λεωφόρου Ποσειδώνος. 40 λεπτά αργότερα, ενεργοποιείται το κινητό του 48χρονου στην περιοχή όπου βρίσκονται τα γραφεία της εταιρείας καθαρισμού. Την ημέρα της εκτέλεσης, το βαν αποτυπώνεται στις 12:44 το μεσημέρι επί της Πέτρου Ράλλη στο Αιγάλεω και 13 λεπτά αργότερα στην περιοχή του Αλίμου. Για 26 λεπτά δεν υπάρχει καταγεγραμμένη εικόνα και το όχημα εμφανίζεται ξανά 23 λεπτά μετά τις 2 αφού έχει ολοκληρωθεί η δολοφονική επίθεση. Αφού επιστρέφει προς τη Νίκαια μέσω της Πέτρου Ράλλη, στις 15:34 ο 48χρονος καλεί από το κινητό του τηλέφωνο το οποίο μέχρι τότε ήταν ανενεργό. Σύμφωνα με τα στοιχεία της δικογραφίας, το διάστημα των περίπου 3 ωρών μέσα στο οποίο έχει καταγραφεί η εικόνα του scooter και του βαν κοντά στο σημείο της δολοφονίας, τα δύο επιχειρησιακά «πακιστανικά» κινητά τηλέφωνα των δραστών έχουν δραστηριότητα και επικοινωνούν αποκλειστικά μεταξύ τους. Την ίδια ακριβώς ώρα τα τηλέφωνα των συλληφθέντων, βρίσκονται σε αχρησία σε διαφορετικό σημείο. Διαβάστε τις Ειδήσεις σήμερα και ενημερωθείτε για τα πρόσφατα νέα. Ακολουθήστε το Skai.gr στο Google News και μάθετε πρώτοι όλες τις ειδήσεις. Καραγιάννης: Έχουμε δημοπρατήσει έργα ύψους 14 δισ. ευρώ - Την τελευταία 4ετία η Ελλάδα έχει μετατραπεί σε εργοτάξιο 1η Μαΐου- Εργατική Πρωτομαγιά: Ποια μεγάλα πολιτικά γεγονότα έχουν σημαδέψει τη σημερινή μέρα Ποιοι γιορτάζουν σήμερα, Πρωτομαγιά",skai.gr,skai.gr,2023-05-01,Ελλάδα
https://www.zougla.gr/kosmos/article/o-epikefalis-tou-oukranikou-stratou-valeri-zalouzni-sinanti8ike-me-ton-dikiti-ton-dinameon-tou-nato-kristofer-kavoli,Ο επικεφαλής του ουκρανικού στρατού Βάλερι Ζαλούζνι συναντήθηκε με τον διοικητή των δυνάμεων του NATO Κρίστοφερ Καβόλι,"Εν μέσω προετοιμασιών για την πολυσυζητημένη ουκρανική αντεπίθεση προκειμένου να ανακαταληφθούν εδάφη που κατέχουν οι ρωσικές ένοπλες δυνάμεις στην ανατολική Ουκρανία, ο επικεφαλής των ουκρανικών ένοπλων δυνάμεων Βάλερι Ζαλούζνι συναντήθηκε με τον διοικητή των δυνάμεων του NATO αμερικανό στρατηγό Κρίστοφερ Καβόλι για να συζητήσουν την κατάσταση στα μέτωπα. «Περιέγραψα τα πιθανά σενάρια, τις απειλές και τις προϋποθέσεις για τις μελλοντικές ενέργειές μας», ανέφερε ο ουκρανός στρατηγός μέσω Telegram χθες, χωρίς να διευκρινίσει πού έγινε η συνάντηση. Ο επικεφαλής του ουκρανικού στρατού πρόσθεσε πως ενημέρωσε τον στρατηγό Καβόλι για τις ανάγκες των δυνάμεών του σε οπλισμό και συστήματα αντιαεροπορικής άμυνας για να «αντιμετωπιστούν οι προκλήσεις της απόκρουσης της επίθεσης της Ρωσίας». Η συνάντηση ανακοινώθηκε δέκα ημέρες μετά την επίσκεψη του Γενικού Γραμματέα του NATO Γενς Στόλτενμπεργκ στο Κίεβο, την πρώτη από το ξέσπασμα του πολέμου πριν από 14 μήνες και πλέον.",,zougla.gr,2023-05-01,kosmos
https://www.zougla.gr/kosmos/article/polemos-stin-oukrania-i-antepi8esi-tou-kievou-isos-apotelesi-tragodia-gia-ti-rosia-proidopi-o-prigozin,"Πόλεμος στην Ουκρανία: Η αντεπίθεση του Κιέβου ίσως αποτελέσει τραγωδία για τη Ρωσία, προειδοποιεί ο Πριγκόζιν","Ο επικεφαλής της ρωσικής ιδιωτικής στρατιωτικής εταιρείας Βάγκνερ, ο Γεβγκένι Πριγκόζιν, δήλωσε χθες Κυριακή ότι οι άνδρες του, που πολεμούν κυρίως στην Μπαχμούτ (ανατολική Ουκρανία) συνεχίζουν να αντιμετωπίζουν ελλείψεις πυρομαχικών, ενώ προειδοποίησε ότι η αναμενόμενη ουκρανική αντεπίθεση μπορεί να αποτελέσει «τραγωδία» για τη Ρωσία. «Εμείς [σ.σ. η Βάγκνερ] δεν λαμβάνουμε παρά το 10-15% των πυρομαχικών που χρειαζόμαστε», είπε το αφεντικό της εταιρείας μισθοφόρων στον ρώσο μπλόγκερ Σίμιον Πέγκοφ. Ο κ. Πριγκόζιν, που προσάπτει ευθύνες για τις ελλείψεις πυρομαχικών σε ρώσους επιτελείς, εκτιμά ότι η ουκρανική αντεπίθεση θα εξαπολυθεί περί τα μέσα Μαΐου. «Αυτή η αντεπίθεση μπορεί να μετατραπεί σε τραγωδία για τη χώρα μας», προειδοποίησε. Ο Γεβγκένι Πριγκόζιν βρίσκεται σε –συχνά δημόσια– διένεξη με την ρωσική στρατιωτική ιεραρχία, την οποία κατηγορεί πως δεν ανεφοδιάζει με επαρκείς ποσότητες πυρομαχικών της χώρας του. Έχει καταφερθεί επανειλημμένα εναντίον του ρώσου υπουργού Άμυνας, του Σεργκέι Σοϊγκού. Ουκρανοί αξιωματούχοι δήλωσαν την περασμένη εβδομάδα πως οι προετοιμασίες για την αντεπίθεση πλησιάζουν στην ολοκλήρωσή τους.",,zougla.gr,2023-05-01,kosmos
https://www.zougla.gr/greece/article/protomagia-me-vroxes-ke-kategides-2084909,Πρωτομαγιά με βροχές και καταιγίδες,"Γενικά νεφελώδης αναμένεται να είναι σήμερα Δευτέρα (1/5) ο καιρός στις περισσότερες περιοχές με τοπικές βροχές κυρίως στα νησιά του Ιονίου, στα ηπειρωτικά και στην Κρήτη. Τις μεσημβρινές και απογευματινές ώρες υπάρχει πιθανότητα να εκδηλωθούν τοπικές καταιγίδες στα ορεινά και ημιορεινά της Θράκης, ενώ είναι πιθανό αυτές να συνοδεύονται από χαλαζοπτώσεις μικρού κατά βάση μεγέθους. Η θερμοκρασία θα κυμανθεί, στη Δυτική Μακεδονία από 5 έως 19 βαθμούς, στην υπόλοιπη Βόρεια Ελλάδα από 4 έως 23-24, στη Θεσσαλία από 5 έως 24-25 βαθμούς, στην Ήπειρο από 5 έως 21, στα υπόλοιπα ηπειρωτικά από 5 έως 22 βαθμούς, στα Επτάνησα από 13 έως 18 και στα νησιά του Αιγαίου και στην Κρήτη από 7 έως 20-21 βαθμούς Κελσίου. Οι άνεμοι στα πελάγη θα πνέουν από διάφορες γενικά διευθύνσεις με εντάσεις έως 3-4 μποφόρ και στο Νότιο Ιόνιο από τις βραδινές ώρες τοπικά έως 5 μποφόρ με τάση περαιτέρω ενίσχυσης προς τις πρωινές ώρες της Τρίτης. Live η εξέλιξη του καιρού O καιρός στην Αττική Στην Αττική περιμένουμε νεφώσεις με πιθανότητα για τοπικές βροχές στα βόρεια και δυτικά του νομού. Οι άνεμοι θα πνέουν από διάφορες διευθύνσεις με εντάσεις έως 2-3 μποφόρ. Η θερμοκρασία θα κυμανθεί από 15 έως 22 βαθμούς, αλλά στα βόρεια και δυτικά θα είναι τοπικά έως 2-3 βαθμούς χαμηλότερη. Ο καιρός στη Θεσσαλονίκη Στη Θεσσαλονίκη περιμένουμε νεφώσεις με πιθανότητα βροχής τις μεσημβρινές και απογευματινές ώρες. Οι άνεμοι θα πνέουν από διάφορες διευθύνσεις με εντάσεις έως 3 μποφόρ. Η θερμοκρασία θα κυμανθεί από 14 έως 21 βαθμούς.",,zougla.gr,2023-05-01,greece
https://www.zougla.gr/lifestyle/article/i-evi-saltaferidou-epestrepse-stin-elada-meta-tin-apoxorisi-apo-to-survivor-all-star,Η Εύη Σαλταφερίδου επέστρεψε στην Ελλάδα μετά την αποχώρηση από το Survivor All Star,"Η Εύη Σαλταφερίδου που αποχώρησε το βράδυ της περασμένης Πέμπτης από το Survivor All Star το απόγευμα της Κυριακής επέστρεψε στην Ελλάδα. Θυμίζουμε ήταν υποψήφια προς αποχώρηση μαζί με τους Γιώργο Κόρομι, Μελίνα Μεταξά, Τάκη Καραγκούνια και Σπύρο Μαρτίκα. Συγκέντρωσε τις λιγότερες ψήφους του τηλεοπτικού κοινού και έτσι αποχώρησε και αναχώρησε από τον Άγιο Δομίνικο. Η πρώην παίκτρια του Survivor All Star απαθανατίστηκε από τον φωτογραφικό φακό κατά την άφιξή της στο αεροδρόμιο Ελευθέριος Βενιζέλος. Διαβάστε τη συνέχεια στο govastiletto.gr",,zougla.gr,2023-05-01,lifestyle
https://www.zougla.gr/kosmos/article/polemos-stin-oukrania-sistixies-antiaeroporikis-aminas-kateripsan-15-apo-tous-18-rosikous-piravlous-pou-ektoksef8ikan-kata-ti-diarkia-tis-niktas,Πόλεμος στην Ουκρανία: Η αντιαεροπορική άμυνα κατέρριψε 15 ρωσικούς πυραύλους,"Συστοιχίες της ουκρανικής αντιαεροπορικής άμυνας κατέρριψαν δεκαπέντε από τους δεκαοκτώ πυραύλους που εκτοξεύθηκαν από αεροσκάφη της ρωσικής Πολεμικής Αεροπορίας τις πρώτες πρωινές ώρες σήμερα, ανακοίνωσε ο ουκρανικός στρατός, καθώς σειρήνες της αεράμυνας ηχούσαν σε αρκετές περιοχές για πάνω από τρεις ώρες. «Περί τις 02:30 [σ.σ. τοπική ώρα και ώρα Ελλάδας], οι Ρώσοι εισβολείς επιτέθηκαν χρησιμοποιώντας στρατηγικά βομβαρδιστικά», ανέφερε μέσω της πλατφόρμας Telegram ο Βάλερι Ζαλούζνι, ο αρχηγός του γενικού επιτελείου εθνικής άμυνας. Σύμφωνα με τον ίδιο, καταστράφηκαν οι 15 από τους 18 πυραύλους που εκτοξεύθηκαν. Οι αρχές της περιφέρειας του Κιέβου διαβεβαίωσαν πως όλοι οι πύραυλοι που κατευθύνονταν προς αυτήν καταρρίφθηκαν. Κατά τις πρώτες πληροφορίες «δεν καταγράφηκαν απώλειες στον άμαχο πληθυσμό» ούτε «καταστροφές σε κατοικίες ή υποδομές». Συστοιχίες αντιαεροπορικής άμυνας ενεργοποιήθηκαν για να προστατεύσουν την ίδια την ουκρανική πρωτεύουσα και την περιφέρειά της. Ουκρανικά μέσα ενημέρωσης αναφέρθηκαν σε εκρήξεις στις περιφέρειες Ντνιπροπετρόφσκ και Σούμι. Η Ρωσία κλιμάκωσε ξανά τις πυραυλικές επιθέσεις της στην Ουκρανία τις τελευταίες ημέρες.",,zougla.gr,2023-05-01,kosmos
https://www.zougla.gr/kosmos/article/kanadas-i-megaliteri-apergia-ston-dimosio-tomea-exi-prokalesi-sovara-provlimata-sto-metanasteftiko-sistima-tis-xoras,Καναδάς:  Η μεγαλύτερη απεργία στον δημόσιο τομέα έχει προκαλέσει σοβαρά προβλήματα στο μεταναστευτικό,"Καθώς η μεγαλύτερη απεργία ομοσπονδιακών υπαλλήλων στον Καναδά πλησιάζει στην τρίτη εβδομάδα της χιλιάδες άνθρωποι βρίσκονται σε κατάσταση αναμονής σχετικά με θέματα μετανάστευσης δεδομένου ότι έχουν ματαιωθεί ακροαματικές διαδικασίες, ενώ έχει καθυστερήσει και η εξέταση των αιτήσεών τους, κάτι που θα μπορούσε να καταστήσει τη χώρα λιγότερο ανταγωνιστική στην αναζήτηση παγκόσμιου ταλέντου την ώρα που αντιμετωπίζει κενά στην αγορά εργασίας. Περίπου 155.000 ομοσπονδιακοί δημόσιοι υπάλληλοι απεργούν από τις 19 Απριλίου. Ενώ το βασικό αίτημά τους είναι μισθολογικό, το συνδικάτο τους επιθυμεί να περιληφθεί επίσης στη συλλογική συμφωνία και το ζήτημα της τηλεργασίας. Η απεργία έχει επηρεάσει τους πάντες--από τους αιτούντες καθεστώς πρόσφυγα, η ακροαματική διαδικασία για την υπόθεση των οποίων ματαιώθηκε, μέχρι τους υποστηρικτές συγγενείς ατόμων που περιμένουν την έκδοση άδειας μόνιμου κατοίκου, οι οποίοι βρίσκονται σε κατάσταση αναμονής και από τους μετανάστες εργάτες μέχρι τους ξένους φοιτητές, όπως είπαν στο Ρόιτερς δικηγόροι. Ο Καναδάς έχει αυξήσει τον στόχο του υποδοχής μεταναστών σε επίπεδα ρεκόρ και προσδοκά να δέχεται 500.000 νέους μόνιμους κατοίκους τον χρόνο ως το 2025 για να καλύψει τις ελλείψεις σε προσωπικό σε χώρους που ποικίλλουν--από τον κατασκευαστικό μέχρι τον υγειονομικό. Το χαμηλό ποσοστό γεννήσεων στη χώρα καθιστά τη μετανάστευση ένα βασικό μοχλό οικονομικής ανάπτυξης. Κάποιοι επίδοξοι μετανάστες έχουν μείνει σε κατάσταση αναμονής στο εξωτερικό, άλλοι με την απορία αν η άδεια παραμονής τους θα λήξει. Ορισμένοι εργοδότες έχουν μείνει χωρίς το απαραίτητο προσωπικό. Κάποιοι που πρέπει να ταξιδέψουν δεν μπορούν να το κάνουν γιατί δεν έχει εκδοθεί το διαβατήριό τους. Η δικηγόρος, ειδική σε θέματα μετανάστευσης Ξένια Τσερν λέει ότι δέχεται τηλεφωνήματα στο γραφείο της από πελάτες της που ανησυχούν. «Δεν έχουμε ακούσει κάτι. Τι να κάνουμε; Τους λέμε ότι θα πρέπει να κάνουν υπομονή», λέει.Οι καθυστερήσεις που προκλήθηκαν από την απεργία σημειώνονται την ώρα που το μεταναστευτικό σύστημα του Καναδά προσπαθεί να ορθοποδήσει από τις καθυστερήσεις λόγω της πανδημίας. Ένα μεταναστευτικό σύστημα που κρίνεται δυσλειτουργικό μπορεί να προκαλέσει επιπλοκές στις προσπάθειες προσέλκυσης ταλαντούχων μεταναστών, εξηγεί ο δικηγόρος ειδικός σε θέματα μετανάστευσης Γκιντί Μαμόν. Ο υπουργός Μετανάστευσης, Προσφύγων & Ιθαγένειας του Καναδά, Σον Φρέιζερ, δήλωσε την περασμένη εβδομάδα ότι εξαιτίας της απεργίας δεκάδες χιλιάδες φάκελοι δεν έχουν τύχει της επεξεργασίας της οποίας υπό κανονικές συνθήκες θα είχαν τύχει. «Όσο περισσότερο συνεχίζεται η απεργία, τόσο πιο σοβαρές θα είναι οι επιπτώσεις», είπε στους δημοσιογράφους.",,zougla.gr,2023-05-01,kosmos
https://www.zougla.gr/politiki/article/sinavlia-tis-komatikis-organosis-ke-gia-tin-ergatiki-protomagia,Συναυλία της Κομματικής Οργάνωσης ΚΚΕ για την Εργατική Πρωτομαγιά,"Κατάμεστος ήταν ο χώρος του Σκοπευτηρίου της Καισαριανής το βράδυ της Κυριακής στη μεγάλη συναυλία - αφιέρωμα που πραγματοποίησε η Κομματική Οργάνωση Αττικής (ΚΟΑ) του ΚΚΕ τιμώντας την Εργατική Πρωτομαγιά, με τίτλο «Παράθυρα ανοίγουμε στο μέλλον», στον χώρο όπου πριν από 79 χρόνια, την 1η Μάη 1944, εκτελέστηκαν 200 κομμουνιστές. Ήταν μια βραδιά μεγάλης ψυχικής ανάτασης με σκοπούς, μελωδίες και τραγούδια που έχουν συνδεθεί και εκφράσει με τον καλύτερο δυνατό τρόπο μεγάλες στιγμές αγωνιστικής έξαρσης του λαού και της ταξικής πάλης στην Ελλάδα Στην εκδήλωση ομιλητής ήταν ο γγ της ΚΕ του ΚΚΕ, Δημήτρης Κουτσούμπας ο οποίος κατέθεσε στεφάνι στο Σκοπευτήριο της Καισαριανής, στον τόπο θυσίας των 200 κομμουνιστών. Στεφάνι κατέθεσε εκ μέρους της ΚΝΕ, ο Γραμματέας του ΚΣ της Οργάνωσης, Θοδωρής Κωτσαντής. Λουλούδια στον τόπο εκτέλεσης των 200 κομμουνιστών στο Σκοπευτήριο της Καισαριανής άφησαν, επίσης, εκπρόσωποι Γαλλικών συνδικάτων που επισκέπτονται την Ελλάδα και στους οποίους απηύθυνε θερμό χαιρετισμό κατά τη διάρκεια της ομιλίας του ο Δ. Κουτσούμπας. Η συναυλία ξεκίνησε με ορχηστρικά κομμάτια του Μίκη Θεοδωράκη και στη συνέχεια ερμήνευσαν τραγούδια οι Μανώλης Μητσιάς, Γιώργος Μεράντζας, Διονύσης Τσακνης, Μίλτος Πασχαλίδης, Γιώτα Νέγκα, Αναστασία Μουτσάτσου, Μάκης Σεβίλογλου Ρίτα Αντωνοπούλου, Νατάσσα Μποφίλιου, Απόστολος Ρίζος και Κώστας Τριανταφυλλίδης. Η συναυλία ολοκληρώθηκε με το «Ακορντεόν» και το «Της δικαιοσύνης ήλιε νοητέ» και όλους τους ερμηνευτές επί σκηνής. Η ενορχήστρωση και καλλιτεχνική επιμέλεια ήταν του Γιάννη Παπαζαχαριάκη. Έπαιξαν οι μουσικοί: Γιώργος Κατσίκας (τύμπανα), Μίμης Ντούτσουλης (μπάσο), Ευαγγελία Μαυρίδου (πιάνο), Γιάννης Παπαζαχαριάκης (κιθάρα), Ντίνος Χατζηιορδάνου (ακορντεόν), Ανδρέας Τράπαλης (βιολί), Γιάννης Σινάνης, Αρης Κούκος (μπουζούκι). Στην μεγάλη εκδήλωση της ΚΟ Αττικής για την Πρωτομαγιά, παραβρέθηκε πολυμελής αντιπροσωπεία της ΚΕ του ΚΚΕ και πολλοί υποψήφιοι βουλευτές του Κόμματος. Μεταξύ άλλων το «παρών» έδωσαν από το ψηφοδέλτιο Επικρατείας του ΚΚΕ η Ασημίνα Ξυροτύρη - Αικατερινάρη, ο Κώστας Τριανταφύλλου και ο Γιώργος Ρούσσης, η υποψήφια βουλευτής του κόμματος στην Α' Αθήνας, Κωνσταντίνα Κούνεβα, οι υποψήφιοι στον Νότιο Τομέα Αθήνας Σεμίνα Διγενή, Παύλος Ορκόπουλος, Νίκος Καλογερής και Σπύρος Τζόκας, οι υποψήφιοι στον Βόρειο Τομέα Αθήνας, Γιώργος Πομάσκι, Κώστας Γουλιάμος και Βασίλης Παρασκευόπουλος, η υποψήφια στην Ανατολική Αττική, Ελένη Γερασιμίδου και ο υποψήφιος στη Α' Πειραιά, Βασίλης Γκιτάκος. Την αντιπροσωπεία Γάλλων συνδικαλιστών που επισκέπτεται τη χώρα μας για τις εκδηλώσεις της Πρωτομαγιάς, συνόδευαν οι υποψήφιοι βουλευτές του ΚΚΕ, Γιώργος Στεφανάκης (Επικρατείας), Γιώργος Πέρρος (Δυτικός Τομέας Αθήνας), Εφη Χαλιού (Νότιος Τομέας Αθήνας), Μάρκος Μπεκρής (Β' Πειραιά), Μάης Μέντης (Ανατολική Αττική), Αλέκος Περράκης (Βόρειος Τομέας Αθήνας). Ως συντελεστές της συναυλίας συμμετείχαν επίσης ο Διονύσης Τσακνής, υποψήφιος βουλευτής Επικρατείας του ΚΚΕ, ο Γιώργος Παπαζαχαριάκης, υποψήφιος στον Βόρειο Τομέα και ο Κώστας Τριανταφυλλίδης, υποψήφιος βουλευτής Κοζάνης του ΚΚΕ. Στην εκδήλωση συμμετείχαν, επίσης, η Μάγδα Φύσσα, μητέρα του Παύλου, άνθρωποι των Τεχνών και Γραμμάτων, ανάμεσά τους ο Οδυσσέα Ιωάννου, ο Γιάννης Μήλιος και άλλοι, καθώς και ο επικεφαλής της «Λαϊκής Συσπείρωσης» Καισαριανής και εκ νέου υποψήφιος δήμαρχος Ηλίας Σταμέλος. Τέλος, με ένα πλούσιο και φροντισμένο πρόγραμμα ποικίλων δραστηριοτήτων για παιδιά, άνοιξαν νωρίτερα, το απόγευμα της Κυριακής, οι εκδηλώσεις τιμής της ΚΟ Αττικής του ΚΚΕ για την Εργατική Πρωτομαγιά.",,zougla.gr,2023-05-01,politiki
https://www.zougla.gr/kosmos/article/soudan-i-ipa-apomakrinan-sxedon-1000-amerikanous,Σουδάν: Οι ΗΠΑ απομάκρυναν σχεδόν 1.000 Αμερικανούς,"Σχεδόν χίλιοι Αμερικανοί εγκατέλειψαν το Σουδάν με τη βοήθεια της κυβέρνησής τους αφότου ξέσπασαν μάχες ανάμεσα στον στρατό και τους παραστρατιωτικούς, ανακοίνωσε χθες Κυριακή το Στέιτ Ντιπάρτμεντ, διευκρινίζοντας πως δεύτερη οχηματοπομπή έφθασε στο Πορτ Σουδάν, στην Ερυθρά Θάλασσα. «Στο πλαίσιο πολυεθνικής προσπάθειας, η αμερικανική κυβέρνηση, σε συντονισμό με συμμάχους και εταίρους [της], διευκόλυνε την αποχώρηση σχεδόν 1.000 αμερικανών πολιτών από το Σουδάν αφότου άρχισαν οι βιαιότητες», διευκρίνισε εκπρόσωπος του Στέιτ Ντιπάρτμεντ, ο Μάθιου Μίλερ, μέσω Twitter. Εξήγησε πως δεύτερη οχηματοπομπή που οργανώθηκε από την Ουάσιγκτον έφθασε στην παραθαλάσσια πόλη Πορτ Σουδάν, από όπου άμαχοι που φεύγουν εσπευσμένα μπορούν να επιβιβαστούν σε πλοία για την Τζέντα, στη Σαουδική Αραβία. Μια πρώτη επιχείρηση αυτής της φύσης διεξήχθη το Σάββατο. Ο εκπρόσωπος της αμερικανικής διπλωματίας αναφέρθηκε επίσης σε «διπλωματική προσπάθεια και συνεχή επικοινωνία για να φθάσουμε στους λιγότερους από 5.000 αμερικανούς πολίτες που ζήτησαν συμβουλές» από την κυβέρνησή τους. Εκατομμύρια Σουδανοί έχουν παγιδευτεί ανάμεσα σε βομβαρδισμούς και πυρά αφότου ξέσπασε την 15η Απριλίου ο ανελέητος πόλεμος για εξουσία ανάμεσα στις δυνάμεις του επικεφαλής των ένοπλων δυνάμεων, του στρατηγού Άμπντελ Φάταχ αλ Μπουρχάν, και του δεύτερου τη τάξει του στρατιωτικού καθεστώτος, του στρατηγού Μοχάμεντ Χαμντάν Ντάγκλο, ή «Χαμέτι», αρχηγού των ιδιαίτερα επίφοβων Δυνάμεων Ταχείας Υποστήριξης (ΔΤΥ). Οι μάχες συνεχίζονταν χθες στο Χαρτούμ, παρότι ο στρατός και οι παραστρατιωτικοί ανακοίνωσαν παράταση της κατάπαυσης του πυρός, που γενικά δεν τηρείται. Μπροστά στην κατάσταση «άνευ προηγουμένου» στο Σουδάν, ο Γενικός Γραμματέας του ΟΗΕ Αντόνιο Γκουτέρες στέλνει «άμεσα» στην περιοχή τον κορυφαίο αξιωματούχο του οργανισμού για τις ανθρωπιστικές υποθέσεις, τον Μάρτιν Γκρίφιθς, ανακοίνωσε ο εκπρόσωπός του.",,zougla.gr,2023-05-01,kosmos
https://www.zougla.gr/kosmos/article/i-vretaniaanakinoni-epipleon-ptisi-gia-tin-espefsmeni-apomakrinsi-amaxon-apo-to-soudan,Η Βρετανία  ανακοίνωσε επιπλέον πτήση για την εσπευσμένη απομάκρυνση αμάχων από το Σουδάν,"Μολονότι επισήμως η βρετανική κυβέρνηση ολοκλήρωσε την επιχείρησή της για την εσπευσμένη απομάκρυνση πολιτών της χώρας και άλλων από το Σουδάν, ανακοίνωσε χθες Κυριακή πως θα γίνει ακόμη μια πτήση για τον σκοπό αυτό. Μεταγωγικό αεροσκάφος της RAF θα απογειωθεί σήμερα από το διεθνές αεροδρόμιο του Πορτ Σουδάν, διευκρίνισε το υπουργείο Εξωτερικών στο Λονδίνο. Μέχρι στιγμής, απομακρύνθηκαν εσπευσμένα από το Σουδάν 2.122 άνθρωποι με 23 πτήσεις που αναχώρησαν από τη στρατιωτική βάση Ουάντι Σαΐντνα, στην πρωτεύουσα Χαρτούμ. Εκατομμύρια Σουδανοί έχουν παγιδευτεί εν μέσω βομβαρδισμών και πυρών αφότου ξέσπασε την 15η Απριλίου ο ανελέητος πόλεμος για εξουσία ανάμεσα στα στρατεύματα του επικεφαλής των ένοπλων δυνάμεων, του στρατηγού Άμπντελ Φάταχ αλ Μπουρχάν, και του δεύτερου τη τάξει του στρατιωτικού καθεστώτος, του στρατηγού Μοχάμεντ Χαμντάν Ντάγκλο, ή «Χαμέτι», αρχηγού των επίφοβων Δυνάμεων Ταχείας Υποστήριξης (ΔΤΥ). Οι μάχες συνεχίζονταν χθες στο Χαρτούμ, παρότι ο στρατός και οι παραστρατιωτικοί ανακοίνωσαν παράταση της κατάπαυσης του πυρός, που γενικά δεν τηρείται. «Συνεχίζουμε να κάνουμε το παν εντός των δυνάμεων για να εξασφαλίσουμε πως θα κηρυχθεί μακροπρόθεσμη κατάπαυση του πυρός, [θα ξαναρχίσει] σταθερή διαδικασία μετάβασης σε πολιτική κυβέρνηση και [θα λάβει] τέλος η βία στο Σουδάν», ανέφερε ο βρετανός ΥΠΕΞ Τζέιμς Κλέβερλι. Η κυβέρνηση της Ιρλανδίας εξάλλου ανακοίνωσε πως απομάκρυνε εσπευσμένα 209 πολίτες της από το Σουδάν. ",,zougla.gr,2023-05-01,kosmos
https://www.zougla.gr/kosmos/article/kouva-i-eortasmi-gia-tin-protomagia-anavalonte-logo-kategidon,Κούβα: Οι εορτασμοί για την Πρωτομαγιά αναβάλλονται λόγω καταιγίδων,"Οι αρχές της Κούβας ανακοίνωσαν χθες Κυριακή την αναβολή των σημερινών εορτασμών για την Πρωτομαγιά, εξαιτίας κύματος κακοκαιρίας που πλήττει τη χώρα, αφού τις είχαν ήδη περιορίσει λόγω των ελλείψεων καυσίμων. «Λόγω του ασταθούς καιρού που φέρνει ισχυρές βροχοπτώσεις σε διάφορες περιοχές, και λόγω των [μετεωρολογικών] προβλέψεων για τις επόμενες ώρες, αποφασίστηκε να αναβληθούν σε όλη τη χώρα οι εκδηλώσεις για την εργατική Πρωτομαγιά», ανέφερε στην ψηφιακή της έκδοση η επίσημη εφημερίδα Granma. Οι εορτασμοί αναβάλλονται για την Παρασκευή 5η Μαΐου, ημέρα που «θα κηρυχθεί αργία», εξήγησε η εφημερίδα. Την περασμένη Τρίτη, οι αρχές ανακοίνωναν πως η παραδοσιακή μεγάλη συγκέντρωση στην Πλατεία της Επανάστασης στην Αβάνα δεν θα γίνει φέτος, λόγω των ελλείψεων καυσίμων στη νήσο εδώ και αρκετές εβδομάδες. Κάθε χρόνο, δεκάδες χιλιάδες άνθρωποι πάνε με λεωφορεία από όλη την πόλη στην εμβληματική πλατεία στο κέντρο της Αβάνας και συμμετέχουν σε συγκέντρωση και πορεία. Φέτος, οι κάτοικοι του κέντρου κλήθηκαν να πάνε πεζή στη λεωφόρο Μαλεκόν, ενώ άλλοι να συμμετάσχουν σε εκδηλώσεις που θα οργανωθούν στις συνοικίες τους. Η νήσος με κομμουνιστική κυβέρνηση βιώνει τη σοβαρότερη οικονομική κρίση των τελευταίων τριάντα χρόνων, που αποδίδεται στον συνδυαστικό αντίκτυπο της πανδημίας του νέου κορονοϊού, της σκλήρυνσης του εμπάργκο των ΗΠΑ και την αναποτελεσματικότητα των μεταρρυθμίσεων. Η κρίση σημαδεύεται από ελλείψεις τροφίμων, φαρμάκων και καυσίμων, κατάσταση που επιδεινώνει ο ραγδαία αυξανόμενος πληθωρισμός.",,zougla.gr,2023-05-01,kosmos
https://www.zougla.gr/money/agores/article/epitokia-ta-stixia-gia-ton-pli8orismo-ton-aprilio-8a-ka8orisoun-tin-apofasi-tis-ekt-tin-pempti,Επιτόκια: Τα στοιχεία για τον πληθωρισμό τον Απρίλιο θα καθορίσουν την απόφαση της ΕΚΤ,"Την Πέμπτη, με διαφορά μίας ημέρας, η κεντρική τράπεζα των ΗΠΑ (Fed) και η Ευρωπαϊκή Κεντρική Τράπεζα θα αποφασίσουν για τα επιτόκια και αναμένεται να δώσουν ένα πιο ξεκάθαρο στίγμα για το πόσο κοντά βρίσκονται στο τέλος του ανοδικού τους κύκλου. Η Fed θα ανακοινώσει την Τετάρτη τις αποφάσεις της μέσα σε ένα περιβάλλον νέων ανησυχιών για τις αμερικανικές περιφερειακές τράπεζες μετά τα ερωτηματικά που προκάλεσε η δραματική εκροή καταθέσεων από τη First Republic Bank. Η 14η μεγαλύτερη αμερικανική τράπεζα ανακοίνωσε εκροές καταθέσεων μεγαλύτερες από 100 δισ. δολάρια στο πρώτο τρίμηνο του 2023, οδηγώντας σε μαζικές πωλήσεις της μετοχής της. Μέσα στην εβδομάδα, έχασε το 60% της αξίας της, αναγκάζοντας τη Fed να εξετάσει μέτρα για τη διάσωσή της, όπως μία μεγάλης κλίμακας πώληση μακροπρόθεσμων ομολόγων και στεγαστικών δανείων της ή τη δημιουργία μίας bad bank. Η τράπεζα με έδρα το Σαν Φρανσίσκο είναι μεγαλύτερη από τη Silicon Valley Bank, η οποία κατέρρευσε τον Μάρτιο μέσα σε 36 ώρες μετά την απόσυρση καταθέσεων ύψους 42 δισ. δολαρίων από τους πελάτες της. Είναι επίσης μεγαλύτερη και από τη Signature Bank, τη δεύτερη αμερικανική τράπεζα που χρεοκόπησε τον περασμένο μήνα. Λόγω των εξελίξεων γύρω από την First Republic, οι επενδυτές στην αγορά ομολόγων δεν έχουν τη βεβαιότητα που είχαν πριν ότι η Fed θα προχωρήσει την Τετάρτη σε μία ακόμη, ενδεχομένως την τελευταία, αύξηση των επιτοκίων της, κατά 25 μονάδες βάσης (ένα τέταρτο της ποσοστιαίας μονάδας). Οι κινήσεις τους δείχνουν πιθανότητα 80% να αυξηθεί το βασικό επιτόκιο της Fed κατά 25 μονάδες βάσης έως τον Ιούνιο και να κορυφωθεί στο επίπεδο του 5% έως 5,25%. Θεωρούν, συνεπώς, ότι η τελευταία αύξηση θα γίνει είτε την Τετάρτη είτε στην επόμενη συνεδρίαση του Ιουνίου. Την Πέμπτη θα συνεδριάσει η Ευρωπαϊκή Κεντρική Τράπεζα, η οποία αναμένεται να αυξήσει τα επιτόκια, το πιθανότερο κατά 25 μ.β., χωρίς όμως να αποκλείεται και μία μεγαλύτερη αύξηση των 50 μ.β. Η απόφαση θα κριθεί σε μεγάλο βαθμό από τα στοιχεία για την πορεία του πληθωρισμού στην Ευρωζώνη, τα οποία θα ανακοινώσει την ερχόμενη Τρίτη η Eurostat. Αν και ο γενικός δείκτης του πληθωρισμού μειώθηκε σημαντικά τον Μάρτιο - στο 6,9% από 8,5% τον Φεβρουάριο - ο δομικός πληθωρισμός, που δεν περιλαμβάνει τις τιμές της ενέργειας και των τροφίμων, αυξήθηκε στο 5,7% από 5,6%. Η πορεία του δομικού πληθωρισμού είναι αυτή που κρατά στο τραπέζι το ενδεχόμενο αύξησης των επιτοκίων κατά 50 μ.β. Στην απόφαση της ΕΚΤ θα βαρύνουν, όπως δήλωσε ο αντιπρόεδρός της Λουίς ντε Γκίντος, και τα αποτελέσματα της τριμηνιαίας έρευνας για την πιστωτική επέκταση των τραπεζών που θα δημοσιοποιηθεί επίσης την Τρίτη. Αν η έρευνα επιβεβαιώσει την εκτίμηση ότι οι τράπεζες περιόρισαν τις χορηγήσεις δανείων μετά την αναταραχή τον Μάρτιο, αυτό θα είναι ένα επιχείρημα για να περιορισθεί η αύξηση στις 25 μ.β.",,zougla.gr,2023-05-01,money
https://www.zougla.gr/kosmos/article/i-talimpan-arnounte-pos-to-afganistan-egiri-apili-gia-tin-asfalia-tis-kentrikis-asias,Οι Ταλιμπάν αρνούνται πως το Αφγανιστάν εγείρει απειλή για την ασφάλεια της κεντρικής Ασίας,"Οι Ταλιμπάν αντέκρουσαν χθες Κυριακή την εκτίμηση του υπουργού Άμυνας της Ρωσίας, του Σεργκέι Σοϊγκού, πως ένοπλες οργανώσεις με ορμητήριο το Αφγανιστάν απειλούν την ασφάλεια της περιφέρειας. «Ένοπλες οργανώσεις από το Αφγανιστάν αποτελούν μείζονα απειλή για την ασφάλεια των χωρών της κεντρικής Ασίας», τόνισε ο κ. Σοϊγκού κατά τη διάρκεια συνάντησης των υπουργών Άμυνας του Οργανισμού Συνεργασίας της Σαγκάης (ΟΣΣ) στο Νέο Δελχί την Παρασκευή. Από την πλευρά του, ο εκπρόσωπος της de facto κυβέρνησης των Ταλιμπάν αντέτεινε πως κάποιες πρόσφατες επιθέσεις στο Αφγανιστάν διαπράχθηκαν από πολίτες άλλων κρατών της Ασίας. «Είναι σημαντικό οι κυβερνήσεις των ενδιαφερόμενων χωρών να αναλάβουν τις ευθύνες τους», πρόσθεσε. Αφότου ανακατέλαβαν την εξουσία στο Αφγανιστάν οι Ταλιμπάν, τον Αύγουστο του 2021, έχουν καταγραφεί επιθέσεις με ρουκέτες από την επικράτεια της χώρας εναντίον του Τατζικιστάν και του Ουζμπεκιστάν. Την ευθύνη για τις ενέργειες αυτές ανέλαβε η τζιχαντιστική οργάνωση Ισλαμικό Κράτος (ΙΚ). Οι δυνάμεις των Ταλιμπάν διεξάγουν συχνά επιχειρήσεις εναντίον κρησφύγετων του τοπικού βραχίονα της τζιχαντιστικής οργάνωσης. Η de facto κυβέρνηση διαβεβαιώνει πως έχει συντρίψει τα υπολείμματά τους, όμως ειδικοί αντιτείνουν πως το ΙΚ διατηρεί τη δυνατότητα να εξαπολύει επιθέσεις. «Το Ισλαμικό Εμιράτο [σ.σ. του Αφγανιστάν, έτσι αποκαλούν οι Ταλιμπάν το καθεστώς τους], ως υπεύθυνη κυβέρνηση, δεν επιτρέπει σε κανέναν να χρησιμοποιεί το έδαφος του Αφγανιστάν εναντίον άλλων χωρών κι αναμένει από τις άλλες χώρες, ειδικά τις χώρες της περιφέρειας, να μην επιτρέπουν την είσοδο στο Αφγανιστάν ανθρώπων με σκοπό να καταστρέψουν», σύμφωνα με την ανακοίνωση.",,zougla.gr,2023-05-01,kosmos
https://www.zougla.gr/perierga/article/fouskoti-koukla-se-polikatastima,Φουσκωτή κούκλα σε πολυκατάστημα,"Σε ένα πολυκατάστημα στις Ηνωμένες Πολιτείες, μια γυναίκα ανακαλύπτει σε ένα διάδρομο μια φουσκωτή κούκλα προς πώληση. Δεν μπορούσε να πιστέψει ότι θα μπορούσε να πωλείται αυτό το είδος κούκλας σε ένα πολυκατάστημα και σε τόσο χαμηλή τιμή... Στη συνέχεια ανακαλύπτει ότι είναι αληθινή γυναίκα! Ακολουθήστε τη σελίδα μας στο Facebook, twitter, Instagram και στο Youtube. Επικοινωνήστε μαζί μας στο Viber ή στο messenger και στείλτε μας τα δικά σας video.     ",,zougla.gr,2023-05-01,perierga
https://www.zougla.gr/kosmos/article/vretania-i-teleti-stepsis-tou-vasilia-karolou-8a-perilamvani-ke-prosklisi-pros-to-kino-na-orkisti-pisti-ston-neo-monarxi,Η τελετή στέψης του βασιλιά Καρόλου θα περιλαμβάνει και πρόσκληση προς το κοινό να ορκιστεί πίστη στον νέο μονάρχη,"Η στέψη του βασιλιά Καρόλου το Σάββατο θα περιλαμβάνει και πρόσκληση προς το κοινό να ορκιστεί πίστη στο μονάρχη και στους διαδόχους του, ανακοίνωσε το γραφείο του αρχιεπισκόπου του Καντέρμπουρι που έδωσε στη δημοσιότητα το ακριβές τελετουργικό της στέψης. Η πρόσκληση προς τους πολίτες να αποτίσουν φόρο τιμής συμμετέχοντας σε μια ""χορωδία εκατομμυρίων φωνών"" περιλαμβάνεται στα νέα στοιχεία που θα προστεθούν από μια παλαιά τελετή, σύμφωνα με την ανακοίνωση του γραφείου του αρχιεπισκόπου του Καντέρμπουρι Τζάστιν Ουέλμπι. Το συγκεκριμένο τμήμα αναφέρει: ""Όλοι εκείνοι που το επιθυμούν, στο Αβαείο και αλλού, πείτε μαζί: Ορκίζομαι αληθινή πίστη στην Αυτού Εξοχότητα Σας και στους διαδόχους σας σύμφωνα με τον νόμο. Μάρτυς μου ο Θεός"". Σε άλλα στοιχεία που θα ενταχθούν για πρώτη φορά σε τελετή στέψης, η διαδικασία θα περιλαμβάνει και γλώσσες που σχετίζονται με τα Βρετανιά Νησιά--μια προσευχή στα ουαλικά και έναν ύμνο στα ουαλικά, στη σκωτική γαελική και στην ιρλανδική γαελική, ενώ θα μπορούν να συμμετάσχουν και γυναίκες επίσκοποι, αναφέρει η ανακοίνωση. Ο Κάρολος, ο οποίος έγινε μονάρχης του Ηνωμένου Βασιλείου και των υπόλοιπων 14 κρατών της Κοινοπολιτείας (Καναδάς, Αυστραλία, Νέα Ζηλανδία, Τζαμάικα, Μπαχάμες, Γρενάδα, Παπούα Νέα Γουινέα, Νήσοι Σολομώντα, Τουβαλού, Αγία Λουκία, Άγιος Βικέντιος και Γρεναδίνες, Αντίγκουα και Μπαρμπούντα, Μπελίζ και Άγιος Χριστόφορος) μετά τον θάνατο της μητέρας του, της βασίλισσας Ελισάβετ τον Σεπτέμβριο, πρόκειται να στεφθεί επισήμως στις 6 Μαΐου στο Αβαΐο του Ουεστμίνστερ στο Λονδίνο στη διάρκεια μιας τελετής γεμάτης πολυτέλεια, συμβολισμό και θρησκευτική σημασία. Σύμφωνα με τις λεπτομέρειες που έδωσαν χθες στη δημοσιότητα τα Ανάκτορα του Μπάκιγχαμ σχετικά με την τελετή, ο Κάρολος θα φορέσει την ίδια ενδυμασία-- χρώματος πορφυρού και μωβ από μεταξωτό βελούδο-- με εκείνη που είχε φορέσει ο παππούς του, ο βασιλιάς Γεώργιος ο ΣΤ' στη δική του στέψη το 1937. ",,zougla.gr,2023-05-01,kosmos
https://www.zougla.gr/politismos/article/gianis-ritsos-san-simera-geni8ike-o-pitis-tis-romiosinis-2084822,Γιάννης Ρίτσος: Σαν σήμερα γεννήθηκε ο ποιητής της Ρωμιοσύνης ,"Σήμερα συμπληρώνονται 114 χρόνια από τη γέννηση του μεγάλου ποιητή Γιάννη Ρίτσου, ο οποίος έγραψε ένα χρυσό κεφάλαιο στην ιστορία της ελληνικής λογοτεχνίας με τα ποιήματα του και ανήκει στη λεγόμενη «γενιά του ‘30. Ο «Επιτάφιος», η «Ρωμιοσύνη» και η «Σονάτα υπό το Σεληνόφως» είναι τρία από τα πιο γνωστά έργα του ενώ το 1975 προτάθηκε για το βραβείο Νόμπελ Λογοτεχνίας. Ο Γιάννης Ρίτσος γεννήθηκε στη Μονεμβασιά την πρωτομαγιά του 1909. Ήταν το μικρότερο από τα τέσσερα παιδιά του μεγαλοκτηματία Ελευθέριου Ρίτσου και της Ελευθερίας Βουζουναρά. Τα τρία μεγαλύτερα αδέλφια του ήταν η Νίνα (1898-1970), ο Μίμης (1899-1921) και η Λούλα (1908- 1995). Το 1919 αποφοίτησε από το Σχολαρχείο της Μονεμβασιάς και το 1921 γράφτηκε στο Γυμνάσιο του Γυθείου. Την ίδια χρονιά πέθαναν ο αδερφός του Μίμης και η μητέρα του Ελευθερία, και οι δύο από φυματίωση. Το 1924 δημοσίευσε τα πρώτα του ποιήματα στο περιοδικό «Διάπλαση των Παίδων» με το ψευδώνυμο «Ιδανικόν Όραμα». Το 1925 ολοκλήρωσε τις γυμνασιακές του σπουδές στο Γύθειο και έφυγε με την αδερφή του Λούλα για την Αθήνα. Είχε προηγηθεί η οικονομική καταστροφή του πατέρα του κι έτσι ο ποιητής αναγκάστηκε να εργαστεί για τα προς το ζην, αρχικά ως δακτυλογράφος και στη συνέχεια ως αντιγραφέας στην Εθνική Τράπεζα. Το 1926 προσβλήθηκε και ο ίδιος από φυματίωση και επέστρεψε στη Μονεμβασιά ως το φθινόπωρο του ίδιου χρόνου, οπότε γράφτηκε στη Νομική Σχολή της Αθήνας, χωρίς να μπορέσει ποτέ να φοιτήσει. Συνέχισε να εργάζεται ως βοηθός βιβλιοθηκαρίου και γραφέας στο Δικηγορικό Σύλλογο της Αθήνας. Τον Ιανουάριο του 1927 νοσηλεύτηκε στην κλινική Παπαδημητρίου και τον επόμενο μήνα στο σανατόριο «Σωτηρία», όπου έμεινε τελικά για τρία χρόνια. Στη «Σωτηρία» ο Ρίτσος γνωρίστηκε με τη Μαρία Πολυδούρη και με μαρξιστές και διανοούμενους της εποχής του, ενώ παράλληλα έγραψε κάποια ποιήματά του που δημοσιεύτηκαν στο φιλολογικό παράρτημα της Εγκυκλοπαίδειας «Πυρσός». Από το φθινόπωρο του 1930 και για ένα χρόνο έζησε στα Χανιά, αρχικά στο φθισιατρείο της Καψαλώνας και μετά από προσωπική του καταγγελία των άθλιων συνθηκών ζωής που επικρατούσαν εκεί σε τοπική εφημερίδα, μεταφέρθηκε μαζί με όλους τους τρόφιμους στο σανατόριο Άγιος Ιωάννης. Τον Οκτώβριο του 1931 επέστρεψε στην Αθήνα κι ανέλαβε τη διεύθυνση του καλλιτεχνικού τμήματος της Εργατικής Λέσχης. Εκεί σκηνοθέτησε και συμμετείχε σε παραστάσεις. Η υγεία του βελτιώθηκε σταδιακά, το ίδιο και τα οικονομικά του με τη βοήθεια της αδερφής του Λούλας, που είχε στο μεταξύ παντρευτεί και φύγει για την Αμερική. Τον επόμενο χρόνο, ο πατέρας του μπήκε στο Ψυχιατρείο στο Δαφνί (όπου πέθανε το 1938) και πέντε χρόνια αργότερα τον ακολούθησε η Λούλα, η οποία πήρε εξιτήριο το 1939. Το 1933 συνεργάστηκε με το αριστερό περιοδικό «Πρωτοπόροι» και για τέσσερα χρόνια ως ηθοποιός με τους θιάσους Ζωζώς Νταλμάς, Ριτσιάρδη, Παπαϊωάννου και Μακέδου. Το 1934 άρχισε να αρθρογραφεί από τις στήλες του Ριζοσπάστη κι εξέδωσε την πρώτη του συλλογή με τίτλο «Τρακτέρ» με το ψευδώνυμο Σοστίρ (αναγραμματισμό του επιθέτου του). Τον ίδιο χρόνο έγινε μέλος του ΚΚΕ, στο οποίο παρέμεινε πιστός μέχρι το θάνατό του. Το 1935 κυκλοφορεί τη δεύτερη ποιητική συλλογή του με τίτλο «Πυραμίδες» και προσλαμβάνεται ως επιμελητής κειμένων στις εκδόσεις «Γκοβόστη». Στις 9 Μαΐου 1936 γίνονται στη Θεσσαλονίκη αιματηρές ταραχές, κατά τη διάρκεια της μεγάλης καπνεργατικής απεργίας. Την επομένη, ο Ρίτσος βλέπει στο «Ριζοσπάστη» τη φωτογραφία μιας μάνας να θρηνεί το νεκρό παιδί της και παίρνει αφορμή για να γράψει ένα από πιο δημοφιλή ποίηματά του, τον «Επιτάφιο», που εκδίδεται σε 10.000 αντίτυπα. Με τη δικτατορία Μεταξά (1936-1940) τα τελευταία 250 καίγονται στους στύλους του Ολυμπίου Διός. Το 1937 νοσηλεύτηκε στο σανατόριο της Πάρνηθας και τον ίδιο χρόνο, συγκλονισμένος από την αρρώστια της πολυαγαπημένης του αδελφής Λούλας, γράφει την ποιητική σύνθεση «Το τραγούδι της αδελφής μου», ένα από τα ωραιότερα λυρικά της νεοελληνικής ποίησης. Ο Κωστής Παλαμάς, εντυπωσιασμένος από το ποίημα, έγραψε τους στίχους - εγκώμιο για τον Ρίτσο:  Γρήγορο αργοφλοίβισμα της γαλάζιας πλάσης Να παραμερίσουμε για να περάσης. Το 1938 κυκλοφορεί η «Εαρινή Συμφωνία» και προσλαμβάνεται στο Εθνικό Θέατρο. Δύο χρόνια αργότερα, εκδίδει την «Παλιά μαζούρκα σε ρυθμό βροχής» και προσλαμβάνεται ως χορευτής στη Λυρική Σκηνή. Στη διάρκεια της Κατοχής, ο Ρίτσος έζησε κατάκοιτος, παρόλα αυτά συμμετείχε στη δραστηριότητα του μορφωτικού τμήματος του ΕΑΜ και αρνήθηκε να δεχτεί χρήματα από έρανο όταν κινδύνεψε η ζωή του από τις κακουχίες το 1942. Μετά την ήττα του ΕΛΑΣ στα «Δεκεμβριανά» ακολούθησε τις δυνάμεις του στη σύμπτυξη. Περνά από τη Λαμία, όπου συναντά τον Άρη Βελουχιώτη και φθάνει μέχρι την Κοζάνη, όπου ανεβάστηκε το θεατρικό του «Η Αθήνα στ’ άρματα». Το 1945 γράφει τη «Ρωμιοσύνη», ένα ακόμη δημοφιλές ποίημά του, που το μελοποίησε το 1966 ο Μίκης Θεοδωράκης. Στη διάρκεια του Εμφυλίου Πολέμου εξορίστηκε λόγω της αριστερής δράσης του στο Κοντοπούλι της Λήμνου (1948), στη Μακρόνησο (1949) και στον Άγιο Ευστράτιο (1950-1951). Το 1952 επέστρεψε στην Αθήνα και πολιτεύτηκε στην ΕΔΑ. Το 1954 παντρεύτηκε την παιδίατρο Φηλίτσα Γεωργιάδου από τη Σάμο, με την οποία απέκτησε μία κόρη, την Έρη (1955). Το 1956 ταξίδεψε στη Σοβιετική Ένωση ως μέλος αντιπροσωπείας διανοουμένων και δημοσιογράφων και την ίδια χρονιά τιμήθηκε με το κρατικό βραβείο ποίησης για τη «Σονάτα του Σεληνόφωτος». Όταν το διάβασε ο σπουδαίος Γάλλος ποιητής και συγγραφέας Λουί Αραγκόν (1897-1982) αισθάνθηκε «το βίαιο τράνταγμα μιας μεγαλοφυΐας» και αποφάνθηκε πως ο δημιουργός του είναι «ο μεγαλύτερος από τους ποιητές του καιρού μας που βρίσκονται στη ζωή». Το 1960 ο Μίκης Θεοδωράκης μελοποίησε τον «Επιτάφιο» και σηματοδότησε την περίοδο της διάδοσης της μεγάλης ποίησης στο πλατύ κοινό. Το 1962 ο Ρίτσος επισκέφθηκε τη Ρουμανία και συναντήθηκε με το Ναζίμ Χικμέτ, του οποίου μετέφρασε ποίηματα στα ελληνικά. Κατόπιν πήγε στην Τσεχία και τη Σλοβακία, όπου ολοκλήρωσε την Ανθολογία Τσέχων και Σλοβάκων ποιητών, την Ουγγαρία και τη Λ. Δ. της Γερμανίας. Το 1964 συμμετείχε στις βουλευτικές εκλογές με την ΕΔΑ. Όταν ξέσπασε το πραξικόπημα της 21ης Απριλίου 1967, οι φίλοι του τον ειδοποίησαν να κρυφτεί, εκείνος όμως δεν έφυγε από το σπίτι του. Τον συνέλαβαν και τον έκλεισαν στον Ιππόδρομο του Φαλήρου. Στα τέλη Απριλίου μεταφέρθηκε στη Γυάρο και αργότερα στο Παρθένι της Λέρου. Το 1968 νοσηλεύθηκε στον «Άγιο Σάββα» και στη συνέχεια τέθηκε σε κατ' οίκον περιορισμό στο σπίτι της γυναίκας του στο Καρλόβασι της Σάμου. Το 1970 επέστρεψε στην Αθήνα, μετά όμως από άρνησή του να συμβιβαστεί με το καθεστώς του Παπαδόπουλου εξορίστηκε εκ νέου στη Σάμο ως το τέλος του χρόνου που μπήκε για εγχείρηση στη Γενική Κλινική Αθηνών. Το 1973 συμμετείχε στα γεγονότα του Πολυτεχνείου. Μετά την πτώση της δικτατορίας και τη μεταπολίτευση έζησε κυρίως στην Αθήνα, όπου συνέχισε να γράφει με πυρετώδεις ρυθμούς. Το 1975 αναγορεύτηκε σε επίτιμο διδάκτορα του Πανεπιστημίου Θεσσαλονίκης και τιμήθηκε με το μεγάλο γαλλικό βραβείο ποίησης «Αλφρέ ντε Βινί». Τον επόμενο χρόνο τιμήθηκε με το βραβείο «Λένιν» στη Μόσχα. Ακολούθησαν τα επόμενα χρόνια αναγορεύσεις του σε διάφορα ξένα πανεπιστήμια: Μπίρμιγχαμ (1978), Καρλ Μαρξ της Λειψίας (1984) και Φιλοσοφική Σχολή του Πανεπιστημίου Αθηνών (1987). Το 1986 του απονεμήθηκε το βραβείο «Ποιητής διεθνούς ειρήνης» του ΟΗΕ. Ο Γιάννης Ρίτσος έφυγε από τη ζωή στις 11 Νοεμβρίου 1990, αφήνοντας πίσω του 50 ανέκδοτες ποιητικές συλλογές. Ενταφιάστηκε τρεις μέρες αργότερα στη γενέτειρά του Μονεμβασιά. Το κύριο σώμα του έργου του συγκροτούν πάνω από 100 ποιητικές συλλογές, 9 πεζογραφήματα και 4 θεατρικά έργα. Οι μελέτες για ομοτέχνους του, οι πολυάριθμες μεταφράσεις και χρονογραφήματα, καθώς και άλλα δημοσιεύματα συμπληρώνουν την εικόνα του χαλκέντερου δημιουργού. ",,zougla.gr,2023-05-01,politismos
https://www.zougla.gr/kosmos/article/o-erntogan-anakinose-tin-eksoudeterosi-tou-igeti-tou-islamikou-kratous,Ο Ερντογάν ανακοίνωσε την εξουδετέρωση του ηγέτη του Ισλαμικού Κράτους,"Ο «φερόμενος ως ηγέτης» της τζιχαντιστικής οργάνωσης Ισλαμικό Κράτος (ΙΚ) «εξουδετερώθηκε» προχθές Σάββατο στη Συρία κατά τη διάρκεια επιχείρησης που διεξήγαγε η υπηρεσία πληροφοριών της Τουρκίας, δήλωσε χθες Κυριακή ο πρόεδρος της Τουρκίας Ρετζέπ Ταγίπ Ερντογάν. «Ο φερόμενος ως αρχηγός του Νταές, που είχε ψευδώνυμο Αμπού Χουσέιν αλ Κουράσι, εξουδετερώθηκε κατά τη διάρκεια επιχείρησης που διεξήχθη χθες [σ.σ. προχθές Σάββατο] από τη ΜİΤ [την τουρκική υπηρεσία πληροφοριών] στη Συρία», είπε ο αρχηγός του τουρκικού κράτους κατά τη διάρκεια συνέντευξης που παραχώρησε στο κρατικό τηλεοπτικό δίκτυο TRT Türk. Ο κ. Ερντογάν διευκρίνισε πως η τουρκική υπηρεσία κατασκοπείας παρακολουθούσε τον ηγέτη του ΙΚ «εδώ και πολύ καιρό», πάντως απέφυγε να υπεισέλθει σε περισσότερες λεπτομέρειες για την επιχείρηση. Το ΙΚ ανακοίνωνε την 30ή Νοεμβρίου τον θάνατο του προηγούμενου ηγέτη του, του Αμπού Χασάν αλ Χασίμι αλ Κουράσι, χωρίς να διευκρινίσει πώς πέθανε. Αντικαταστάθηκε από τον Αμπού Αλ Χουσέιν αλ Χουσέινι αλ Κουράσι, είχε προσθέσει την εποχή η τζιχαντιστική οργάνωση. Σύμφωνα με ανταποκριτή του Γαλλικού Πρακτορείου στη βόρεια Συρία, η τουρκική υπηρεσία κατασκοπείας και τοπική ένοπλη οργάνωση που υποστηρίζεται από την Άγκυρα απέκλεισε το Σάββατο περιοχή βόρεια της κοινότητας Τζαντάιρις, στην περιφέρεια της Αφρίν (βορειοδυτικά), περίπου δέκα χιλιόμετρα από τα συροτουρκικά σύνορα. Κάτοικοι της περιοχής που ερωτήθηκαν σχετικά είπαν πως έγινε επιχείρηση με στόχο εγκαταλελειμμένο αγρόκτημα όπου παλαιότερα λειτουργούσε ισλαμικό ιεροδιδασκαλείο. Η Τουρκία έχει αναπτύξει στρατεύματα σε διάφορους τομείς της βόρειας Συρίας από το 2020, ενώ ελέγχει μεγάλες περιοχές μέσω σύρων βοηθητικών του τουρκικού στρατού, οργανώσεων που συμμετείχαν στον πόλεμο εναντίον του καθεστώτος του Μπασάρ αλ Άσαντ από το 2011. Ο αμερικανικός στρατός έχει διεξαγάγει τα τελευταία χρόνια αρκετές επιχειρήσεις εναντίον ηγετών του ΙΚ στη Συρία. Ανακοίνωσε στα μέσα Απριλίου πως «πιθανόν» σκότωσε σε επιχείρησή του στη βόρεια Συρία ηγετικό στέλεχος της τζιχαντιστικής οργάνωσης που σχεδίαζε επιθέσεις στην Ευρώπη και στη Μέση Ανατολή. Το μεικτό διοικητήριο του αμερικανικού στρατού που είναι αρμόδιο για τη Μέση Ανατολή, η «κεντρική διοίκηση» (CENTCOM) διευκρίνισε πως επρόκειτο για τον Άμπντελ Χάντι Μαχμούντ αλ Χατζί Αλί, κατ’ αυτήν ηγετικό στέλεχος του ΙΚ εγκατεστημένο στη συριακή επικράτεια. Παρά τις αλλεπάλληλες στρατιωτικές ήττες που υπέστη δεχόμενο επιθέσεις πανταχόθεν και την απώλεια των εδαφών που κατείχε στη Συρία και στο Ιράκ, το ΙΚ συνεχίζει να διαπράττει φονικές επιθέσεις. Τουλάχιστον 41 άνθρωποι, ανάμεσά τους 24 άμαχοι, δολοφονήθηκαν τη 16η Απριλίου στη Συρία, σε δυο επιθέσεις που αποδόθηκαν στην τζιχαντιστική οργάνωση, εναντίον ανθρώπων που μάζευαν τρούφες και κτηνοτρόφων. Στις αρχές Απριλίου, ο στρατός των ΗΠΑ ανακοίνωνε πως σκότωσε άλλο ηγετικό στέλεχος του ΙΚ υπεύθυνο για επιθέσεις στην Ευρώπη, που κατονόμασε ως Χαλέντ Άιντ Άχμαντ αλ Τζαμπούρι. Το ΙΚ είχε αναλάβει την ευθύνη για σειρά πολύνεκρων επιθέσεων στην Ευρώπη όταν είχε φθάσει στην κορύφωση της δύναμής του, όταν το «χαλιφάτο» του εκτεινόταν σε αχανείς εκτάσεις της Συρίας και του Ιράκ. Τον Οκτώβριο του 2019, η Ουάσιγκτον ανακοίνωνε τον θάνατο του ηγέτη του ΙΚ, του Αμπού Μπακρ αλ Μπαγκντάντι, σε αμερικανική επιχείρηση. Δυο διάδοχοί του σκοτώθηκαν στη Συρία τον Φεβρουάριο και τον Νοέμβριο του 2022.",,zougla.gr,2023-05-01,kosmos
https://www.zougla.gr/sports/mpasket/article/sarosan-tous-kings-i-ouoriors-me-mi8iki-50ara-tou-kari,Σάρωσαν τους Κινγκς οι Ουόριορς με μυθική 50αρα του Κάρι,"Με έναν Στεφ Κάρι από... άλλον πλανήτη, οι Γκόλντεν Στέιτ Ουόριορς, σάρωσαν τους Σακραμέντο Κινγκς (120-100) και προκρίθηκαν στα ημιτελικά της δυτικής περιφέρειας. Οι περσινοί πρωταθλητές του NBA, αναφέρει το sdna, συνεχίζουν την κούρσα για την υπεράσπιση των σκήπτρων τους, με τον Στεφ Κάρι να ολοκληρώνει την αναμέτρηση με 50 πόντους, όντας ο πρώτος παίκτης στην ιστορία των playoffs του NBA, που σημειώνει 50αρα σε game 7 σειράς. Στο αγωνιστικό κομμάτι, οι Κινγκς είχαν το πάνω χέρι στο πρώτο ημίχρονο, αφού προηγήθηκαν με 31-30 στο πρώτο δωδεκάλεπτο και έκλεισαν το ημίχρονο στο +2 (58-56), με τους Ουόριορς να εξαπολύουν την αντεπίθεσή τους στο δεύτερο μέρος. Με επί μέρους 23-35 στο τρίτο δωδεκάλεπτο, πήραν προβάδισμα 10 πόντων (81-91), ενώ συνέχισαν με τον ίδιο ρυθμό και στη τέταρτη περίοδο, φτάνοντας στη νίκη και στο 4-3 στη σειρά, που τους στέλνει τους Ουόριορς στα ημιτελικά της δυτικής περιφέρειας και τις «μάχες» με τους Λέικερς. Ο Στεφ Κάρι ολοκλήρωσε την αναμέτρηση έχοντας 50 πόντους, 8 ριμπάουντ και 6 ασίστ, με τον Κεβόν Λούνεϊ να έχει σημαντική συνεισφορά με 21 ριμπάουντ. Για τους Κινγκς ξεχώρισε ο Ντομάντας Σαμπόνις που είχε 22 πόντους, 8 ριμπάουντ και 7 ασίστ. ΚΙΝΓΚΣ- ΓΟΥΟΡΙΟΡΣ 3-4Game 1: Κινγκς - Γουόριορς 126-123Game 2: Κινγκς - Γουόριορς 114-106Game 3: Γουόριορς - Κινγκς 114-97Game 4: Γουόριορς - Κινγκς 126-125Game 5: Κινγκς - Γουόριορς 116-123Game 6: Γουόριορς - Κινγκς 99-118Game 7: Κινγκς - Γουόριορς 100-120 ",,zougla.gr,2023-05-01,sports
https://www.zougla.gr/lifestyle/article/o-andreas-mikroutsikos-apanta-gia-to-melon-tis-sinergasias-tou-me-tin-katerina-kenourgiou-ke-to-fame-story,Ο Ανδρέας Μικρούτσικος απαντά για το μέλλον της συνεργασίας του με την Κατερίνα Καινούργιου και το Fame Story,Στο μέλλον της συνεργασίας του με την Κατερίνα Καινούργιου αλλά και στο ενδεχόμενο να τον δούμε να παρουσιάζει το Fame Story αναφέρθηκε ο Ανδρέας Μικρούτσικος στις δηλώσεις που έκανε στην κάμερα της εκπομπής “Open Weekend”. Περισσότερα στο govastileto.gr ,,zougla.gr,2023-05-01,lifestyle
https://www.zougla.gr/lifestyle/article/i-xristina-mpompa-proetimazete-gia-tin-protomagia,Η Χριστίνα Μπόμπα προετοιμάζεται για την Πρωτομαγιά,Με ένα νέο βίντεο στα social media η Χριστίνα Μπόμπα έδειξε την διακόσμηση στο σπίτι της λίγο πριν την Πρωτομαγιά. Μαζί με την μητέρα της και τις δίδυμες κόρες της επιμελήθηκαν το βάζο του σαλονιού το οποίο και γέμισαν με μεγάλες κίτρινες μαργαρίτες. Περισσότερα στο govastileto.gr ,,zougla.gr,2023-05-01,lifestyle
https://www.zougla.gr/automoto/tests/vw/article/pote-8a-arxisoun-i-paradosis-ton-id3-pro-ke-id3-pro-s--pies-ine-i-times-ekinisis-ton-neon-montelon, Πότε θα αρχίσουν οι παραδόσεις των ID.3 Pro και ID.3 Pro S- Ποιες είναι οι τιμές εκκίνησης των νέων μοντέλων,"Επιμέλεια: Περικλής Χαλάτσης Το επόμενο κεφάλαιο για την VW είναι το ID.3 δεύτερης γενιάς. Ήδη η πρώτη γενιά έχει μια πετυχημένη πορεία και περισσότερα από μισό εκατομμύριο μοντέλα ID έχουν παραδοθεί στους πελάτες. Το ID.3 που βασίζεται στην αρθρωτή πλατφόρμα (MEB), παράγεται στα εργοστάσια στο Τσβικάου και τη Δρέσδη στη Γερμανία. Όμως η ζήτηση είναι μεγάλη και οι Γερμανοί αποφάσισαν να επεκτείνουν την παραγωγή και στο κύριο εργοστάσιο της Volkswagen στο Wolfsburg. Έτσι θα ανταποκριθούν στη ζήτηση του αμιγώς ηλεκτρικού μικρομεσαίου αυτοκινήτου. Το ανανεωμένο ID.3 δεύτερης γενιάς που η VW θα το αποκαλύψει άμεσα θα είναι εξοπλισμένο με την τελευταία γενιά λογισμικού που βελτιώνει την απόδοση του συστήματος και μπορεί να λαμβάνει ενημερώσεις over-the-air. Επιπλέον, το βασικό πακέτο εξοπλισμού αναβαθμίζεται και πλέον περιλαμβάνει μια οθόνη infotainment με διαγώνιο 12 ίντσες (30,5 εκατοστά), θερμαινόμενα καθίσματα εμπρός, αναδιπλούμενες καθρέπτες και πολλά ακόμα στοιχεία. Λειτουργίες όπως το Plug & Charge και ο έξυπνος Προγραμματιστής Διαδρομών Ηλεκτρικού Οχήματος καθιστούν την εμπειρία φόρτισης στο νέο ID.3 ακόμα πιο απλή και εύκολη. Η Volkswagen χρησιμοποιεί την τελευταία γενιά πλήρως ενσωματωμένων συστημάτων υποβοήθησης στο ID.3. Ξεχωριστά παραδείγματα αυτού είναι το προαιρετικά διαθέσιμο Travel Assist με swarm data και το Park Assist Plus με λειτουργία μνήμης. Η Imelda Labbé, Μέλος του Διοικητικού Συμβουλίου της Volkswagen για Πωλήσεις, Marketing και After Sales είπε σχετικά: «Το νέο ID.3 αποδεικνύει τη δέσμευσή μας για την ποιότητα, τη σχεδίαση και τη βιωσιμότητα. Η σχεδίαση είναι πλέον πιο ώριμη και έχουμε αναβαθμίσει τα υλικά που χρησιμοποιούνται στο εσωτερικό του αυτοκινήτου μας. Σε συνδυασμό με την ανανεωμένη έκδοση, η ομάδα ανάπτυξης έλαβε υπόψη μια σειρά προτάσεων των πελατών για τη βελτίωση του μοντέλου και την ενίσχυση του βασικού πακέτου εξοπλισμού. Οι ανάγκες των πελατών μας είναι πάντα προτεραιότητα για εμάς για αυτό τον λόγο ακούμε προσεκτικά και εστιάζουμε στην προσαρμογή της γκάμας προϊόντων μας στις απαιτήσεις τους». Ο Kai Grünitz, μέλος του Διοικητικού Συμβουλίου της Volkswagen που είναι αρμόδιος για την ανάπτυξη συμπλήρωσε: «Μέρος της αποστολής μας στη Volkswagen είναι να προσφέρουμε υπερσύγχρονες τεχνολογίες και καινοτομίες σε όλα τα μοντέλα, συμπεριλαμβανομένων των μικρομεσαίων οχημάτων, και το ID.3 το αποδεικνύει αυτό - για παράδειγμα όταν πρόκειται για νέα συστήματα άνεσης και υποβοήθησης: κάνουμε το επόμενο βήμα μπροστά προς την περαιτέρω αυτοματοποιημένη οδήγηση με τη χρήση swarm data στο πρόσφατο Travel Assist». Ας δούμε όμως και αυτό που ενδιαφέρει τους Έλληνες υποψήφιους αγοραστές. Το ανανεωμένο Volkswagen ID. 3 είναι διαθέσιμο στην έκδοση ID.3 PA Pro Performance στις 42.600 ευρώ, ενώ για το ID.3 PA Pro S η τιμή ξεκινάει από τις 48.600 ευρώ. Στις τιμές δεν περιλαμβάνεται η επιδότηση του προγράμματος «Κινούμαι Ηλεκτρικά 2».Το ID.3 Pro έχει αυτονομία στο μεικτό κύκλο 428 χλμ. ( Ηλεκτρική κατανάλωση σε kWh/100 km, εκπομπές CO2 σε g/km 15,2)Το ID.3 Pro S έχει αυτονομία 559χλμ ( Ηλεκτρική κατανάλωση σε kWh/100 km, εκπομπές CO2 σε g/km 15,3). Στην Ελλάδα είναι άμεσα διαθέσιμα Volkswagen ID.3 του τρέχοντος μοντέλου από την Kosmocar – Volkswagen ενώ παραγγελίες για τα δεύτερης γενιάς ID.3 μπορούν να γίνουν για τις δύο εκδόσεις Pro Performance και Pro S. Η παραλαβή αυτών των μοντέλων θα ξεκινήσει από το τρίτο τρίμηνο του 2023 και μετά. Εκτιμάται ότι με τη γραμμή παραγωγής στο Wolfsburg θα προχωρήσει πιο γρήγορα η κατασκευή των ID.3 δεύτερης γενιάς. ",,zougla.gr,2023-05-01,automoto
https://www.zougla.gr/greece/article/kinitopisi-tis-pirosvestikis-gia-fotia-se-ktirio-stin-artemida,Καφέ-μπαρ καταστράφηκε ολοσχερώς από πυρκαγιά στην Αρτέμιδα Αττικής,"Συναγερμός σήμανε τα ξημερώματα στην Πυροσβεστική μετά από πυρκαγιά που ξέσπασε σε καφετέρια στη Λεωφ. Αρτέμιδος στην Αρτέμιδα Αττικής. Στο σημείο για την κατάσβεσή της έσπευσαν δυνάμεις Πυροσβεστικής και επιχείρησαν 20 πυροσβέστες με 6 οχήματα. Η φωτιά τέθηκε υπό έλεγχο λίγη ώρα αργότερα, αλλά η επιχείρηση καταστράφηκε ολοσχερώς. #Πυρκαγιά σε κτήριο στη Λεωφ. Αρτέμιδος στην Αρτέμιδα Αττικής. Επιχειρούν 20 #πυροσβέστες με 6 οχήματα.",,zougla.gr,2023-05-01,greece
https://www.zougla.gr/kosmos/article/oukrania-rosikes-dinamis-katelavan-ala-4-tmimata-tis-mpaxmout, Ουκρανία: Ρωσικές δυνάμεις κατέλαβαν άλλα 4 τμήματα της Μπαχμούτ,"Ο εκπρόσωπος του ρωσικού υπουργείου Άμυνας Ιγκόρ Κονασένκοφ δήλωσε χθες Κυριακή ότι στρατεύματα της Ρωσίας κατέλαβαν άλλα τέσσερα τμήματα της –σχεδόν ολοκληρωτικά κατεστραμμένης- πόλης Μπαχμούτ, στην ανατολική Ουκρανία, η μάχη για την οποία μαίνεται από το καλοκαίρι του 2022. Οι εχθροπραξίες στην πόλη εντάθηκαν τις τελευταίες εβδομάδες. Το Κίεβο διαψεύδει ρωσικές ανακοινώσεις πως το 85-90% της Μπαχμούτ βρίσκεται πλέον στα χέρια των δυνάμεων της Μόσχας. Προχθές Σάββατο εκπρόσωπος του ουκρανικού στρατού διαβεβαίωνε πως οι ρωσικές δυνάμεις δεν έχουν κόψει τις οδούς ανεφοδιασμού μονάδων που επιχειρούν στην πόλη. Οι ανακοινώσεις των αντιμαχόμενων πλευρών είναι αδύνατο να επαληθευτούν με ανεξάρτητο τρόπο.",,zougla.gr,2023-05-01,kosmos
https://www.zougla.gr/kosmos/article/o-santiago-penia-neos-proedros-tis-paragouais,"Ο Σαντιάγο Πένια, νέος πρόεδρος της Παραγουάης","Ο οικονομολόγος Σαντιάγο Πένια, ο υποψήφιος του Colorado (δεξιά), του κόμματος που κρατάει τα κλειδιά της εξουσίας επί σχεδόν οκτώ δεκαετίες στην Παραγουάη, κέρδισε χθες Κυριακή τις προεδρικές εκλογές, επικρατώντας με μεγάλη διαφορά του κεντροαριστερού βασικού αντιπάλου του Εφραίν Αλέγκρε, που είχε βάλει στην καρδιά του δικού του προεκλογικού του αγώνα την καταγγελία της ενδημικής διαφθοράς. Ο κ. Πένια, 44 ετών, πρώην στέλεχος του ΔΝΤ και πρώην υπουργός Οικονομικών του προέδρου Οράσιο Καρτές (2013-2018) –ο τελευταίος κατηγορείται από τις ΗΠΑ για «διαφθορά»–, ανακηρύχθηκε νικητής της αναμέτρησης, καθώς εξασφάλισε πάνω από το 42% των ψήφων, έναντι 27,5% του κ. Αλέγκρε, με βάση τα επίσημα αποτελέσματα του εκλογοδικείου, της εθνικής εφορευτικής επιτροπής, με το 99% των ψηφοδελτίων καταμετρημένο. Λίγο προτού επισημοποιηθεί το αποτέλεσμα, ο κ. Πένια ανακήρυξε τη νίκη του υποσχόμενος στους Παραγουανούς ότι θα βάλει τέλος «στη μοιρολατρία που μας καταδικάζει στο παρόν μας. Είμαστε κύριοι της μοίρας μας, του μέλλοντός μας». Ο κ. Αλέγκρε αναγνώρισε την ήττα του. Το αποτέλεσμα της αναμέτρησης διέψευσε πανηγυρικά τις δημοσκοπήσεις, που για εβδομάδες έφεραν τον κ. Πένια και τον κ. Αλέγκρε να δίνουν μάχη στήθος με στήθος για την προεδρία της Παραγουάης, όπου το Κολοράδο κυριαρχεί στην πολιτική ζωή σχεδόν αδιαλείπτως εδώ και 76 χρόνια, εξαιρουμένης της σύντομης παρένθεσης της κεντροαριστερής κυβέρνησης του προέδρου Φερνάντο Λούγο (2008-2012). Αρκετοί αναλυτές μίλαγαν για «απρόβλεπτο» σενάριο, κάτι πάντως που διαψεύστηκε. Ο «αντισυστημικός» υποψήφιος Παραγουάιο «Πάγιο» Κούμπας, με βιτριολικό λόγο εναντίον του κοινοβουλευτισμού, της δημόσιας διοίκησης, του πελατειακού συστήματος, κατέλαβε την τρίτη θέση με πάνω από το 22% των ψήφων. «Απέσπασε ψήφους και από τα δύο στρατόπεδα», τόνισε στο Γαλλικό Πρακτορείο ο πολιτικός αναλυτής Ρομπέρτο Κόδας. Ο κ. Πένια ήταν μόλις για πρώτη φορά υποψήφιος σε εθνικές εκλογές. Το 2018, είχε ηττηθεί στην εσωκομματική διαδικασία του Κολοράδο από τον νυν αρχηγό του κράτους, τον Μάριο Άμπντο Μπενίτες. Ο απερχόμενος πρόεδρος εξ ορισμού δεν είχε δικαίωμα να διεκδικήσει δεύτερη συνεχόμενη θητεία. Ο Σαντιάγο Πένια θα τον διαδεχθεί τον Αύγουστο, για πέντε χρόνια. Πρώην πρόεδρος στιγματισμένος, αλλά με επιρροή Χθες βράδυ ο κ. Πένια υποσχέθηκε να καταβάλει προσπάθειες για να μειωθεί η φτώχεια, εγχείρημα που θα αποτελέσει μεγάλη πρόκληση της θητείας του. Η Παραγουάη, αγροτοβιομηχανική δύναμη με ευημερία που προκαλεί φθόνο στην υπόλοιπη Λατινική Αμερική (προβλέπεται να καταγράψει ανάπτυξη 4,5% το 2023), χαρακτηρίζεται από κραυγαλέες ανισότητες (η φτώχεια μαστίζει το 24,7% του πληθυσμού). Ο νέος πρόεδρος υποσχέθηκε προεκλογικά να δημιουργήσει 500.000 θέσεις εργασίας και να φροντίσει να υπάρξει καλύτερη πρόσβαση στο σύστημα υγείας, ουσιαστικά διαλυμένο. Στη «Bañado sur», μια από τις παραγκουπόλεις που πλημμυρίζουν συχνά στις όχθες ποταμού στην Ασουνσιόν, οι κάτοικοι αντιμετώπισαν με παγερή αδιαφορία την εκλογική διαδικασία, καθώς δεν είδαν να διατυπώνεται «καμιά σοβαρή πρόταση για τους φτωχούς». Για τον Εφραίν Αλέγκρε, δικηγόρο, 60 ετών, άλλοτε αγωνιστή κατά της στρατιωτικής δικτατορίας του Αλφρέδο Στρέσνερ (1954-1989), αυτή είναι η τρίτη συναπτή ήττα στις προεδρικές εκλογές. Παρότι πρόβαλε την εικόνα του διώκτη αυτής που αποκαλεί «μαφία», του πελατειακού συστήματος του Κολοράδο που «διαπλέκεται με το οργανωμένο έγκλημα», οδηγεί τη χώρα σε «κατάρρευση», κατ’ αυτόν. Η διαφθορά απασχόλησε προεκλογικά, όμως ελέγχεται πόσο επηρέασε το αποτέλεσμα στη χώρα, που κατατάσσεται 137η από τις 180 στον δείκτη αντίληψης της διαφθοράς όπως καταρτίζεται από τη ΜΚΟ Διεθνής Διαφάνεια. Το θέμα δεν θα αφήσει σε ησυχία τον νεαρό πρόεδρο. Ο κ. Πένια αποκρούει τον στιγματισμό του λόγω της σχέσης του με τον μέντορα και θερμό υποστηρικτή του, τον πρώην πρόεδρο και μεγιστάνα του καπνού Οράσιο Καρτές. Ο τελευταίος χαρακτηρίζεται από την Ουάσιγκτον «ενεχόμενος σε διαφθορά»· του έχουν απαγορευθεί η είσοδος στις ΗΠΑ και οι συναλλαγές με Αμερικανούς. Κι αυτό παρότι η Ασουνσιόν παραδοσιακά αποτελεί πιστό σύμμαχο των ΗΠΑ. Στην Παραγουάη με τα πορώδη σύνορα –είναι περίκλειστη, ανάμεσα στη Βραζιλία, την Αργεντινή και τη Βολιβία–, από όπου διέρχονται ποσότητες κοκαΐνης των Άνδεων, η διαφθορά έχει μετατραπεί σε γάγγραινα και πλέον σκοτώνει: εισαγγελέας ειδικευμένος σε υποθέσεις διαφθοράς, δήμαρχος που αγωνιζόταν κατά του οργανωμένου εγκλήματος και δημοσιογράφος δολοφονήθηκαν το 2022. Χθες βράδυ, ο κ. Πένια στάθηκε στο πλάι του κ. Καρτές, που παραμένει πρόεδρος του Κολοράδο, ευχαριστώντας τον θερμά για τη «μεγάλη νίκη». Ιερουσαλήμ και Ταϊπέι Σε μια χώρα κατά το 90% καθολική, όπου η γουαρανί, η γλώσσα των αυτοχθόνων, είναι επίσημη όπως και τα ισπανικά, ο κ. Πένια, όπως και ο αντίπαλός του, τοποθετήθηκε για πολλά ηθικά και κοινωνικά ζητήματα. Οι δυο αντίπαλοι πρόβαλαν διαμετρικά αντίθετα οράματα για ζητήματα όπως οι γάμοι ομοφυλοφίλων ή η άμβλωση. «Είμαστε συντηρητική κοινωνία, αυτό είναι ριζωμένο βαθιά μέσα μας (...) Μας κάνει συνετούς μπροστά στις μεγάλες κοινωνικές αλλαγές», δήλωνε σε συνέντευξή του στο Γαλλικό Πρακτορείο προεκλογικά ο κ. Πένια, που αυτοπροβάλλεται ως εγγυητής των οικογενειακών αξιών στον «απάνθρωπο» σύγχρονο κόσμο. Οι εκλογές στην Παραγουάη είχαν εξάλλου γεωπολιτικό ενδιαφέρον. Ο κ. Πένια έχει εξαγγείλει πως θα μεταφέρει –ξανά– την πρεσβεία της χώρας του στο Ισραήλ από το Τελ Αβίβ στην Ιερουσαλήμ. Όπως ο κ. Καρτές, όταν ήταν πρόεδρος το 2018, προτού ο διάδοχός του πάρει πίσω την απόφαση αυτή λίγους μήνες αργότερα. Ενώ, αντίθετα με τον αντίπαλό του, τον κ. Αλέγκρε, ο εκλεγμένος πρόεδρος έχει δεσμευτεί πως θα διατηρήσει τις διπλωματικές σχέσεις με την Ταϊβάν. Η Παραγουάη συγκαταλέγεται στις μόλις 13 χώρες του κόσμου που συνεχίζουν να αναγνωρίζουν επίσημα την Ταϊπέι. Κι αυτό παρότι μερίδα τουλάχιστον του επιχειρηματικού κόσμου θα έβλεπε με καλό μάτι την απόκτηση διπλωματικών σχέσεων με την Κίνα. Η πρεσβεία της Ταϊβάν στην Ασουνσιόν έσπευσε να συγχαρεί τον κ. Πένια για τη νίκη ου εξ ονόματος της προέδρου Τσάι Ινγκ-γουέν.",,zougla.gr,2023-05-01,kosmos
https://www.zougla.gr/kosmos/article/soudan-o-stratos-simfonise-stin-paratasi-gia-72-ores-tis-an8ropistikis-ekexirias,Σουδάν: Ο στρατός συμφώνησε στην παράταση για 72 ώρες της ανθρωπιστικής εκεχειρίας  ,"Ο σουδανικός στρατός ανακοίνωσε το βράδυ της Κυριακής ότι συμφώνησε με την παραστρατιωτική RSF για παράταση για 72 ώρες της ανθρωπιστικής εκεχειρίας, αρχής γενομένης από απόψε τα μεσάνυχτα. Ο στρατός ανέφερε ότι παρόλο που οι αντάρτες είχαν σκοπό να προσπαθήσουν να εξαπολύσουν επιθέσεις σε ορισμένες τοποθεσίες, εξέφρασε την ελπίδα ότι οι αντάρτες θα τηρούσαν την κατάπαυση του πυρός. Νωρίτερα το απόγευμα, ένας εκπρόσωπος των παραστρατιωτικών Δυνάμεων Ταχείας Υποστήριξης (RSF) είχε ανακοινώσει την παράταση της εκεχειρίας. «Σε απάντηση διεθνών, περιφερειακών και τοπικών εκκλήσεων, ανακοινώνουμε την παράταση της ανθρωπιστικής εκεχειρίας για 72 ώρες, αρχής γενομένης από απόψε τα μεσάνυχτα, προκειμένου να ανοίξουν οι ανθρωπιστικοί διάδρομοι και να διευκολυνθεί η μετακίνηση πολιτών και κατοίκων και να μπορέσουν να εκπληρώσουν τις ανάγκες τους και να φθάσουν σε ασφαλείς περιοχές», αναφέρεται στην ανακοίνωση. Εκατοντάδες άνθρωποι σκοτώθηκαν και χιλιάδες τραυματίστηκαν από τότε που η μακροχρόνια μάχη για την εξουσία μεταξύ του σουδανικού στρατού και των RSF εξελίχθηκε σε σύγκρουση στις 15 Απριλίου. ",,zougla.gr,2023-05-01,kosmos
https://www.zougla.gr/greece/article/o-keros-simera-2084902,O καιρός σήμερα,"Tη Δευτέρα 1 Μαΐου αναμένεται γενικά νεφελώδης καιρός στις περισσότερες περιοχές με τοπικές βροχές κυρίως στα νησιά του Ιονίου, στα ηπειρωτικά και στην Κρήτη. Τις μεσημβρινές και απογευματινές ώρες υπάρχει πιθανότητα να εκδηλωθούν τοπικές καταιγίδες στα ορεινά και ημιορεινά της Θράκης, ενώ είναι πιθανό αυτές να συνοδεύονται από χαλαζοπτώσεις μικρού κατά βάση μεγέθους. Η θερμοκρασία θα κυμανθεί, στη Δυτική Μακεδονία από 5 έως 19 βαθμούς, στην υπόλοιπη Βόρεια Ελλάδα από 4 έως 23-24, στη Θεσσαλία από 5 έως 24-25 βαθμούς, στην Ήπειρο από 5 έως 21, στα υπόλοιπα ηπειρωτικά από 5 έως 22 βαθμούς, στα Επτάνησα από 13 έως 18 και στα νησιά του Αιγαίου και στην Κρήτη από 7 έως 20-21 βαθμούς Κελσίου. Οι άνεμοι στα πελάγη θα πνέουν από διάφορες γενικά διευθύνσεις με εντάσεις έως 3-4 μποφόρ και στο Νότιο Ιόνιο από τις βραδινές ώρες τοπικά έως 5 μποφόρ με τάση περαιτέρω ενίσχυσης προς τις πρωινές ώρες της Τρίτης. O καιρός στην Αττική Στην Αττική περιμένουμε νεφώσεις με πιθανότητα για τοπικές βροχές στα βόρεια και δυτικά του νομού. Οι άνεμοι θα πνέουν από διάφορες διευθύνσεις με εντάσεις έως 2-3 μποφόρ. Η θερμοκρασία θα κυμανθεί από 15 έως 22 βαθμούς, αλλά στα βόρεια και δυτικά θα είναι τοπικά έως 2-3 βαθμούς χαμηλότερη. Ο καιρός στη Θεσσαλονίκη Στη Θεσσαλονίκη περιμένουμε νεφώσεις με πιθανότητα βροχής τις μεσημβρινές και απογευματινές ώρες. Οι άνεμοι θα πνέουν από διάφορες διευθύνσεις με εντάσεις έως 3 μποφόρ. Η θερμοκρασία θα κυμανθεί από 14 έως 21 βαθμούς. ",,zougla.gr,2023-05-01,greece
